cod_crg,Frequency.3,codes,spanish description,english description,comment
10000,30568,Unknown,Unknown,,
10010,13696,Unknown,Unknown,,
40001,2919,Unknown,Unknown,,
20300,2493,Unknown,Unknown,,
34451,2213,Unknown,Unknown,,
51921,1714,Unknown,Unknown,,
32741,1453,Unknown,Unknown,,
10150,1277,Unknown,Unknown,,
51381,1257,Unknown,Unknown,,
40002,1059,Unknown,Unknown,,
40003,1055,Unknown,Unknown,,
54241,989,Unknown,Unknown,,
20200,895,Unknown,Unknown,,
34461,818,Unknown,Unknown,,
10020,817,Unknown,Unknown,,
33581,757,Unknown,Unknown,,
62701,750,Unknown,Unknown,,
62702,703,Unknown,Unknown,,
51922,655,Unknown,Unknown,,
30801,638,Unknown,Unknown,,
54411,591,Unknown,Unknown,,
62703,524,Unknown,Unknown,,
53541,498,Unknown,Unknown,,
20850,482,Unknown,Unknown,,
37551,461,Unknown,Unknown,,
54242,456,Unknown,Unknown,,
10040,448,Unknown,Unknown,,
53481,440,Unknown,Unknown,,
54421,435,Unknown,Unknown,,
20400,419,Unknown,Unknown,,
54243,399,Unknown,Unknown,,
20500,380,Unknown,Unknown,,
37571,379,Unknown,Unknown,,
20100,368,Unknown,Unknown,,
30181,363,Unknown,Unknown,,
61441,357,Unknown,Unknown,,
10120,330,Unknown,Unknown,,
61433,324,Unknown,Unknown,,
51382,318,Unknown,Unknown,,
61434,318,Unknown,Unknown,,
34101,315,Unknown,Unknown,,
61442,311,Unknown,Unknown,,
62932,306,Unknown,Unknown,,
35251,277,Unknown,Unknown,,
33571,263,Unknown,Unknown,,
32441,246,Unknown,Unknown,,
37541,231,Unknown,Unknown,,
51331,228,Unknown,Unknown,,
61435,228,Unknown,Unknown,,
53511,223,Unknown,Unknown,,
53141,221,Unknown,Unknown,,
61443,220,Unknown,Unknown,,
62933,211,Unknown,Unknown,,
61432,209,Unknown,Unknown,,
53521,204,Unknown,Unknown,,
31001,188,Unknown,Unknown,,
10110,187,Unknown,Unknown,,
30191,187,Unknown,Unknown,,
37561,182,Unknown,Unknown,,
10130,179,Unknown,Unknown,,
20720,179,Unknown,Unknown,,
35101,175,Unknown,Unknown,,
62704,173,Unknown,Unknown,,
50141,172,Unknown,Unknown,,
53512,168,Unknown,Unknown,,
57431,167,Unknown,Unknown,,
56621,166,Unknown,Unknown,,
56101,166,Unknown,Unknown,,
50751,164,Unknown,Unknown,,
61322,162,Unknown,Unknown,,
52661,161,Unknown,Unknown,,
34091,158,Unknown,Unknown,,
62411,156,Unknown,Unknown,,
62412,156,Unknown,Unknown,,
53542,155,Unknown,Unknown,,
40004,152,Unknown,Unknown,,
62603,150,Unknown,Unknown,,
51871,148,Unknown,Unknown,,
62931,144,Unknown,Unknown,,
62601,142,Unknown,Unknown,,
61444,140,Unknown,Unknown,,
30781,139,Unknown,Unknown,,
57491,139,Unknown,Unknown,,
54791,138,Unknown,Unknown,,
62012,137,Unknown,Unknown,,
62602,137,Unknown,Unknown,,
61232,137,Unknown,Unknown,,
34462,136,Unknown,Unknown,,
51861,136,Unknown,Unknown,,
61613,134,Unknown,Unknown,,
32742,130,Unknown,Unknown,,
61431,129,Unknown,Unknown,,
54244,128,Unknown,Unknown,,
57481,126,Unknown,Unknown,,
57841,125,Unknown,Unknown,,
10100,124,Unknown,Unknown,,
62311,123,Unknown,Unknown,,
20820,116,Unknown,Unknown,,
61402,111,Unknown,Unknown,,
62604,106,Unknown,Unknown,,
56062.0,1,471,Anemia de células falciformes: Nivel 2,,
70711.0,1,329,Diabetes - Hipertensión - Otra enfermedad crónica dominante: Nivel 1,,
31412.0,1,955,Bronquitis crónica: Nivel 2,,
70233.0,1,578,Diabetes - Dos o más enfermedades crónicas dominantes: Nivel 3,,
52381.0,1,466,Enfermedad vascular periférica: Nivel 1,,
61806.0,1,465,"Historia de fractura de cadera, edad > 64 y otra enfermedad dominante crónica: Nivel 6",,
53142.0,1,591,Trastornos pancreáticos y hepáticos crónicos - Moderado: Nivel 2,,
62412.0,1,1040,Asma y otra enfermedad moderada crónica: Nivel 2,,
70203.0,1,286,Diabetes - Enfermedad coronaria avanzada - Otra enfermedad crónica dominante: Nivel 3,,
70706.0,1,834,Diabetes - Enfermedad cerebrovascular - Hipertensión: Nivel 6,,
52692.0,1,511,Anomalías gastrointestinales: Nivel 2,,
54394.0,1,481,Diagnósticos endocrinos y metabólicos crónicos - Mayor: Nivel 4,,
10050.0,1,366,Diagnósticos ginecológicos mayores sin otra enfermedad significativa,,
51321.0,1,716,Anomalías respiratorias mayores: Nivel 1,,
54791.0,1,1048,Diagnósticos genitourinarios crónicos: Nivel 1,,
33562.0,1,740,Dolor crónico: Nivel 2,,
70166.0,1,427,Insuficiencia cardiaca - Dos o más enfermedades crónicas dominantes: Nivel 6,,
61314.0,1,618,Enfermedad cerebrovascular y otra enfermedad dominante crónica,,
86544.0,1,856,Mieloma múltiple: Nivel 4,,
56072.0,1,71,Trastornos de la coagulación: Nivel 2,,
57824.0,1,681,Abuso de cocaina: Nivel 4,,
70204.0,1,696,Diabetes - Enfermedad coronaria avanzada - Otra enfermedad crónica dominante: Nivel 4,,
56562.0,1,1056,Leucemia no linfática aguda: Nivel 2,,
53144.0,1,458,Trastornos pancreáticos y hepáticos crónicos - Moderado: Nivel 4,,
31411.0,1,794,Bronquitis crónica: Nivel 1,,
56601.0,1,542,Linfoma de Hodgkin: Nivel 1,,
52693.0,1,348,Anomalías gastrointestinales: Nivel 3,,
86604.0,1,110,Linfoma de Hodgkin: Nivel 4,,
57863.0,1,183,Abuso de drogas - Cannabis/NOS/NEC: Nivel 3,,
86513.0,1,63,Neoplasia de aparato digestivo: Nivel 3,,
70012.0,1,1019,Insuficiencia renal crónica - Otra enfermedad crónica dominante: Nivel 2,,
30992.0,1,890,Diagnósticos de oído crónicos excepto pérdida de audición: Nivel 2,,
36132.0,1,562,Enfermedades hematológicas crónicas - menor: Nivel 2,,
90202.0,1,336,Diálisis sin diabetes: Nivel 2,,
62313.0,1,910,Otra neoplasia no dominante y otra enfermedad moderada crónica: Nivel 3,,
37551.0,1,249,Depresión: Nivel 1,,
32732.0,1,175,Úlceras crónicas: Nivel 2,,
50134.0,1,149,Enfermedad cerebrovascular sin infarto: Nivel 4,,
51883.0,1,352,Historia de by-pass coronario: Nivel 3,,
56053.0,1,1085,Enfermedades inmunes y leucocitarias: Nivel 3,,
50741.0,1,244,Degeneración macular: Nivel 1,,
61715.0,1,102,Esquizofrenia y otra enfermedad moderada crónica: Nivel 5,,
33571.0,1,266,Ostroartritis: Nivel 1,,
50033.0,1,381,Hemiplejia adquirida: Nivel 3,,
86624.0,1,1021,Neoplasia de mama: Nivel 4,,
62016.0,1,295,Enfermedad psiquiátrica (excepto esquizofrenia) y otra enfermedad moderada crónica : Nivel 6,,
52694.0,1,861,Anomalías gastrointestinales: Nivel 4,,
30191.0,1,588,Diagnósticos neuromusculares crónicos y otros diagnósticos neurológicos : Menor Nivel 1,,
57473.0,1,491,trastornos bipolares: Nivel 3,,
62801.0,1,728,"Neoplasia de mama y otra enfermedad crónica, Nivel 2: Nivel 1",,
86473.0,1,600,Neoplasia de pulmón: Nivel 3,,
62812.0,1,1039,"Neoplasia de próstata y otra enfermedad crónica, Nivel 2: Nivel 2",,
50132.0,1,649,Enfermedad cerebrovascular sin infarto: Nivel 2,,
61126.0,1,1043,Insuficiencia cardiaca y enfermedad vascular periférica: Nivel 6,,
51924.0,1,1081,Hipertensión: Nivel 4,,
53494.0,1,1096,"Deformidades de pélvis, cadera y fémur: Nivel 4",,
61106.0,1,632,EPOC e Insuficiencia cardiaca: Nivel 6,,
70013.0,1,253,Insuficiencia renal crónica - Otra enfermedad crónica dominante: Nivel 3,,
70414.0,1,387,Enfermedad coronaria avanzada - Dos o más enfermedades crónicas dominantes: Nivel 4,,
61216.0,1,747,EPOC y enfermedad coronaria avanzada: Nivel 6,,
32741.0,1,844,Diagnósticos gastrointestinales crónicos - menor: Nivel 1,,
70223.0,1,920,Diabetes - EPOC- Otra enfermedad crónica dominante: Nivel 3,,
10060.0,1,579,Diagnósticos de problema neonatal o congénito mayor sin otra enfermedad significativa,,
61433.0,1,610,Diabetes y otra enfermedad moderada crónica: Nivel 3,,
30181.0,1,1055,Migraña: Nivel 1,,
51834.0,1,396,Angina y cardiipatía isquémica: Nivel 4,,
90603.0,1,545,Historia de trasplante orgánico mayor: Nivel 3,,
61123.0,1,798,Insuficiencia cardiaca y enfermedad vascular periférica: Nivel 3,,
57512.0,1,347,Diagnósticos de salud mental crónicos - Moderado: Nivel 2,,
62903.0,1,36,"Enfermedad psiquiátrica (excepto esquizofrenia) y otra enfermedad crónica, Nivel 2: Nivel 3",,
62202.0,1,123,Otra enfermedad dominante crónica y neoplasia de próstata: Nivel 2,,
70111.0,1,619,Insuficiencia cardiaca - Diabetes - Enfermedad cerebrovascular: Nivel 1,,
61311.0,1,325,Enfermedad cerebrovascular y otra enfermedad dominante crónica,,
50101.0,1,999,Hidrocefalia y otras anomalías cerebrales: Nivel 1,,
50063.0,1,75,Enfermedad de Alzheimer y otras demencias: Nivel 3,,
57062.0,1,285,Infecciones crónicas excepto tuberculosis: Nivel 2,,
36131.0,1,422,Enfermedades hematológicas crónicas - menor: Nivel 1,,
54411.0,1,438,Obesidad: Nivel 1,,
62015.0,1,1074,Enfermedad psiquiátrica (excepto esquizofrenia) y otra enfermedad moderada crónica: Nivel 5,,
57491.0,1,251,Depresión y otras psicosis: Nivel 1,,
10090.0,1,116,Diagnósticos catastróficos sin otra enfermedad significativa,,
61112.0,1,540,Insuficiencia cardiaca y diabetes: Nivel 2,,
57842.0,1,178,Abuso crónico de alcohol: Nivel 2,,
61004.0,1,723,Insuficiencia renal crónica y otras enfermedades crónicas dominantes o moderadas: Nivel 4,,
70601.0,1,240,Tres o más enfermedades crónicas dominantes: Nivel 1,,
61215.0,1,1035,EPOC y enfermedad coronaria avanzada: Nivel 5,,
57834.0,1,630,Abuso de opioides: Nivel 4,,
57831.0,1,62,Abuso de opioides: Nivel 1,,
61156.0,1,64,Insuficiencia cardiaca y demencia: Nivel 6,,
70026.0,1,182,Insuficiencia renal crónica - Dos o más enfermedades crónicas dominantes: Nivel 6,,
62303.0,1,744,Otra enfermedad dominante crónica y otra neoplasia no dominante: Nivel 3,,
70131.0,1,204,Insuficiencia cardiaca - EPOC - Otra enfermedad crónica dominante: Nivel 1,,
53104.0,1,315,Enfermedad hepática alcohólica: Nivel 4,,
54041.0,1,539,Úlcera cutánea crónica: Nivel 1,,
53912.0,1,761,Artritis reumatoide: Nivel 2,,
53492.0,1,959,"Deformidades de pélvis, cadera y fémur: Nivel 2",,
50752.0,1,305,"Ceguera, pérdida de visión y diagnósticos oculares crónicos -Mayor/moderado: Nivel 2",,
55841.0,1,80,Retraso mental severo / profundo: Nivel 1,,
52664.0,1,864,Enfermedad inflamatoria intestinal: Nivel 4,,
86491.0,1,21,Neoplasia renal: Nivel 1,,
50062.0,1,734,Enfermedad de Alzheimer y otras demencias: Nivel 2,,
70224.0,1,1076,Diabetes - EPOC- Otra enfermedad crónica dominante: Nivel 4,,
86522.0,1,570,Leucemia linfática crónica: Nivel 2,,
70112.0,1,977,Insuficiencia cardiaca - Diabetes - Enfermedad cerebrovascular: Nivel 2,,
86621.0,1,163,Neoplasia de mama: Nivel 1,,
90503.0,1,453,Dependencia de ventilación mecánica: Nivel 3,,
70406.0,1,1091,Enfermedad coronaria avanzada -Enfermedad vascular periférica - Otra enfermedad crónica dominante: Nivel 6,,
56622.0,1,671,Neoplasia de mama: Nivel 2,,
61512.0,1,477,Enfermedad coronaria avanzada y otra enfermedad moderada crónica: Nivel 2,,
50011.0,1,708,Diagnósticos neurológicos progresivos: Nivel 1,,
62405.0,1,1013,Otra enfermedad dominante crónica y asma: Nivel 5,,
70603.0,1,488,Tres o más enfermedades crónicas dominantes: Nivel 3,,
51911.0,1,456,Arterioesclerosis coronaria: Nivel 1,,
70136.0,1,536,Insuficiencia cardiaca - EPOC - Otra enfermedad crónica dominante: Nivel 6,,
90601.0,1,566,Historia de trasplante orgánico mayor: Nivel 1,,
31001.0,1,687,Pérdida de audición crónica: Nivel 1,,
86512.0,1,278,Neoplasia de aparato digestivo: Nivel 2,,
90701.0,1,803,"Cuadriplejia, diplejia o hemiplejia congénita: Nivel 1",,
61152.0,1,969,Insuficiencia cardiaca y demencia: Nivel 2,,
51172.0,1,806,Anomalías del cráneo y de los huesos faciales: Nivel 2,,
80022.0,1,585,Neoplasias no dominantes primarias múltiples: Nivel 2,,
34821.0,1,120,Reflujo vesiculoureteral: Nivel 1,,
86582.0,1,684,Otras neoplasias: Nivel 2,,
62613.0,1,1017,"Enfermedad dominante crónica y otra enfermedad crónica, Nivel 2: Nivel 3",,
34102.0,1,717,Diagnósticos crónicos de piel - menor: Nivel 2,,
62822.0,1,527,"Otra neoplasia no dominante y otra enfermedad crónica, Nivel 2: Nivel 2",,
54421.0,1,186,"Diagnósticos endocrinos, nutricionales, hidroelectrolíticos e inmunes crónicos - Moderado: Nivel 1",,
50042.0,1,69,Enfermedad cerebrovascular con infarto o hemorragia intracraneal: Nivel 2,,
61326.0,1,428,Enfermedad cerebrovascular y otra enfermedad moderada crónica,,
55833.0,1,518,"Anomalías y síndromes cromosómicos, excepto Down: Nivel 3",,
61611.0,1,179,Demencia y otra enfermedad moderada crónica: Nivel 1,,
57074.0,1,180,Tuberculosis secundaria: Nivel 4,,
61604.0,1,753,Demencia y otra enfermedad dominante crónica: Nivel 4,,
61413.0,1,833,Diabetes y otra enfermedad dominante crónica: Nivel 3,,
52384.0,1,414,Enfermedad vascular periférica: Nivel 4,,
62012.0,1,932,Enfermedad psiquiátrica (excepto esquizofrenia) y otra enfermedad moderada crónica: Nivel 2,,
61203.0,1,923,EPOC y diabetes: Nivel 3,,
54044.0,1,884,Úlcera cutánea crónica: Nivel 4,,
30172.0,1,1004,Anomalías de la marcha: Nivel 2,,
70405.0,1,784,Enfermedad coronaria avanzada -Enfermedad vascular periférica - Otra enfermedad crónica dominante: Nivel 5,,
52662.0,1,228,Enfermedad inflamatoria intestinal: Nivel 2,,
54742.0,1,941,Estado de trasplante renal: Nivel 2,,
51914.0,1,641,Arterioesclerosis coronaria: Nivel 4,,
61316.0,1,736,Enfermedad cerebrovascular y otra enfermedad dominante crónica,,
62513.0,1,645,Abuso de drogas crónico moderado y otra enfermedad moderada crónica: Nivel 3,,
62402.0,1,720,Otra enfermedad dominante crónica y asma: Nivel 2,,
61136.0,1,45,Insuficiencia cardiaca y enfermedad cerebrovascular: Nivel 6,,
30192.0,1,137,Diagnósticos neuromusculares crónicos y otros diagnósticos neurológicos: Menor Nivel 2,,
62113.0,1,547,Neoplasia de mama y otra enfermedad moderada crónica: Nivel 3,,
61006.0,1,661,Insuficiencia renal crónica y otras enfermedades crónicas dominantes o moderadas: Nivel 6,,
61005.0,1,311,Insuficiencia renal crónica y otras enfermedades crónicas dominantes o moderadas: Nivel 5,,
53522.0,1,996,Artropatía por cristales: Nivel 2,,
61122.0,1,739,Insuficiencia cardiaca y enfermedad vascular periférica: Nivel 2,,
80014.0,1,762,Neoplasias dominantes primarias múltiples: Nivel 4,,
86523.0,1,497,Leucemia linfática crónica: Nivel 3,,
70201.0,1,968,Diabetes - Enfermedad coronaria avanzada - Otra enfermedad crónica dominante: Nivel 1,,
70231.0,1,735,Diabetes - Dos o más enfermedades crónicas dominantes: Nivel 1,,
61812.0,1,546,"Historia de fractura de cadera, edad > 64 y otra enfermedad moderada crónica: Nivel 2",,
62014.0,1,555,Enfermedad psiquiátrica (excepto esquizofrenia) y otra enfermedad moderada crónica: Nivel 4,,
61324.0,1,1002,Enfermedad cerebrovascular y otra enfermedad moderada crónica,,
1.0,1,1,Estado de salud sano,,
86652.0,1,961,Linfoma no Hodgkin: Nivel 2,,
90301.0,1,802,Enfermedad HIV: Nivel 1,,
62201.0,1,277,Otra enfermedad dominante crónica y neoplasia de próstata: Nivel 1,,
70401.0,1,494,Enfermedad coronaria avanzada -Enfermedad vascular periférica - Otra enfermedad crónica dominante: Nivel 1,,
50113.0,1,924,Diagnósticos neuromusculares crónicos/Otros diagnósticos neurológicos - Moderado: Nivel 3,,
61615.0,1,810,Demencia y otra enfermedad moderada crónica: Nivel 5,,
55823.0,1,407,Síndrome de Down: Nivel 3,,
61214.0,1,81,EPOC y enfermedad coronaria avanzada: Nivel 4,,
90401.0,1,512,Nutrición parenteral total: Nivel 1,,
9.0,1,10,Necesidades sanitarias elevadas,,
51801.0,1,263,Otros diagnósticos cardiovasculares - mayor: Nivel 1,,
62302.0,1,813,Otra enfermedad dominante crónica y otra neoplasia no dominante: Nivel 2,,
57484.0,1,869,"Trastornos de la conducta, del control de los impulsos y del comportamiento : Nivel 4",,
90102.0,1,375,Diálisis con diabetes: Nivel 2,,
31962.0,1,1079,Diagnósticos cardiovasculares crónicos - menor: Nivel 2,,
52374.0,1,35,Enfermedades arteriales y venosas crónicas - mayor: Nivel 4,,
62601.0,1,27,Enfermedad dominante crónica y una o más enfermedades moderadas crónicas: Nivel 1,,
51894.0,1,171,Historia de ACTP: Nivel 4,,
51824.0,1,403,Historia de Infarto Agudo de Miocardio: Nivel 4,,
32441.0,1,699,Diagnósticos arteriales y venosos crónicos - menor: Nivel 1,,
54241.0,1,216,Diabetes: Nivel 1,,
61905.0,1,960,Otras dos enfermedades dominantes crónicas: Nivel 5,,
37892.0,1,756,Diagnósticos relacionados con el abuso de drogas: Nivel 2,,
51344.0,1,1069,Otros diagnósticos pulmonares crónicos mayores: Nivel 4,,
53442.0,1,801,"Historia de fractura de cadera, edad > 64 años: Nivel 2",,
61621.0,1,353,"Demencia y otra enfermedad crónica, Nivel 2: Nivel 1",,
61241.0,1,284,EPOC e hipertensión,,
91002.0,1,725,Distrofia muscular progresiva o atrofia espinal muscular: Nivel 2,,
61204.0,1,590,EPOC y diabetes: Nivel 4,,
86564.0,1,129,Leucemia no linfática aguda: Nivel 4,,
61522.0,1,698,"Enfermedad coronaria avanzada y otra enfermedad crónica, Nivel 2: Nivel 2",,
61502.0,1,1015,Enfermedad coronaria avanzada y otra enfermedad dominante crónica: Nivel 2,,
90604.0,1,690,Historia de trasplante orgánico mayor: Nivel 4,,
5.0,1,5,Enfermedad dominante o crónica moderada única,,
80011.0,1,100,Neoplasias dominantes primarias múltiples: Nivel 1,,
54412.0,1,476,Obesidad: Nivel 2,,
31002.0,1,765,Pérdida de audición crónica: Nivel 2,,
70226.0,1,622,Diabetes - EPOC- Otra enfermedad crónica dominante: Nivel 6,,
86482.0,1,107,Neoplasia de páncreas: Nivel 2,,
70154.0,1,16,Insuficiencia cardiaca - Enfermedad cerebrovascular - Otra enfermedad crónica dominante: Nivel 4,,
53501.0,1,967,Amputación y enfermedad ósea: Nivel 1,,
70113.0,1,395,Insuficiencia cardiaca - Diabetes - Enfermedad cerebrovascular: Nivel 3,,
61001.0,1,981,Insuficiencia renal crónica y otras enfermedades crónicas dominantes o moderadas: Nivel 1,,
61514.0,1,258,Enfermedad coronaria avanzada y otra enfermedad moderada crónica: Nivel 4,,
31011.0,1,832,Otros diagnósticos crónicos de ORL: Nivel 1,,
62204.0,1,945,Otra enfermedad dominante crónica y neoplasia de próstata: Nivel 4,,
70411.0,1,1027,Enfermedad coronaria avanzada - Dos o más enfermedades crónicas dominantes: Nivel 1,,
70702.0,1,44,Diabetes - Enfermedad cerebrovascular - Hipertensión: Nivel 2,,
53491.0,1,469,"Deformidades de pélvis, cadera y fémur: Nivel 1",,
62312.0,1,979,Otra neoplasia no dominante y otra enfermedad moderada crónica: Nivel 2,,
51831.0,1,489,Angina y cardiipatía isquémica: Nivel 1,,
86483.0,1,426,Neoplasia de páncreas: Nivel 3,,
50753.0,1,712,"Ceguera, pérdida de visión y diagnósticos oculares crónicos -Mayor/moderado: Nivel 3",,
20600.0,1,775,Procedimiento agudo significativo,,
50054.0,1,270,Diagnósticos neurodegenerativos excepto esclerosis múltiple y Parkinson: Nivel 4,,
57441.0,1,18,Trastornos de la alimentación: Nivel 1,,
52412.0,1,333,Varices en piernas con úlceras o inflamación: Nivel 2,,
61174.0,1,241,"Insuficiencia cardiaca y otra enfermedad crónica, Nivel 2: Nivel 4",,
61703.0,1,700,Esquizofrenia y otra enfermedad dominante crónica: Nivel 3,,
70211.0,1,841,Diabetes - Enfermedad cerebrovascular - Otra enfermedad crónica dominante: Nivel 1,,
55831.0,1,1022,"Anomalías y síndromes cromosómicos, excepto Down: Nivel 1",,
61623.0,1,559,"Demencia y otra enfermedad crónica, Nivel 2: Nivel 3",,
86503.0,1,500,Neoplasia de ovario: Nivel 3,,
61333.0,1,389,"Enfermedad cerebrovascular y otra enfermedad crónica, Nivel 2",,
61622.0,1,1052,"Demencia y otra enfermedad crónica, Nivel 2: Nivel 2",,
61115.0,1,523,Insuficiencia cardiaca y diabetes: Nivel 5,,
52663.0,1,288,Enfermedad inflamatoria intestinal: Nivel 3,,
62931.0,1,730,"Otra enfermedad dominante crónica y otra enfermedad crónica, Nivel 2: Nivel 1",,
61613.0,1,72,Demencia y otra enfermedad moderada crónica: Nivel 3,,
62602.0,1,485,Enfermedad dominante crónica y una o más enfermedades moderadas crónicas: Nivel 2,,
57833.0,1,498,Abuso de opioides: Nivel 3,,
80024.0,1,660,Neoplasias no dominantes primarias múltiples: Nivel 4,,
61135.0,1,529,Insuficiencia cardiaca y enfermedad cerebrovascular: Nivel 5,,
56561.0,1,912,Leucemia no linfática aguda: Nivel 1,,
34831.0,1,105,Infecciones recurrentes del tracto urinario: Nivel 1,,
50012.0,1,138,Diagnósticos neurológicos progresivos: Nivel 2,,
56531.0,1,237,Leucemia no linfática crónica: Nivel 1,,
51384.0,1,378,Asma: Nivel 4,,
31422.0,1,608,Otros diagnósticos pulmonares crónicos: Nivel 2,,
62501.0,1,678,Otra enfermedad dominante crónica y abuso de drogas crónico moderado: Nivel 1,,
50071.0,1,199,Parálisis cerebral NOS: Nivel 1,,
61444.0,1,878,Diabetes e hipertensión: Nivel 4,,
61165.0,1,956,Insuficiencia cardiaca y otra enfermedad moderada crónica: Nivel 5,,
90103.0,1,639,Diálisis con diabetes: Nivel 3,,
62111.0,1,165,Neoplasia de mama y otra enfermedad moderada crónica: Nivel 1,,
57433.0,1,424,Esquizofrenia: Nivel 3,,
54243.0,1,56,Diabetes: Nivel 3,,
61303.0,1,911,Enfermedad cerebrovascular y diabetes,,
10140.0,1,303,Diagnósticos de enfermedad tejido conectivo significativo u ortopédicos sin otra enfermedad significativa,,
30801.0,1,891,Diagnósticos oculares crónicos - menor: Nivel 1,,
53901.0,1,972,Enfermedades del tejido conectivo y vasculitis: Nivel 1,,
61446.0,1,99,Diabetes e hipertensión: Nivel 6,,
40001.0,1,393,Categorías de ECP múltiples menores: Nivel 1,,
62301.0,1,220,Otra enfermedad dominante crónica y otra neoplasia no dominante: Nivel 1,,
90903.0,1,531,Espina bífida: Nivel 3,,
33172.0,1,11,Enfermedades de vesícula biliar: Nivel 2,,
91103.0,1,662,Fibrosis quística: Nivel 3,,
61153.0,1,940,Insuficiencia cardiaca y demencia: Nivel 3,,
61521.0,1,1047,"Enfermedad coronaria avanzada y otra enfermedad crónica, Nivel 2: Nivel 1",,
61222.0,1,586,EPOC y otra enfermedad dominante crónica: Nivel 2,,
61231.0,1,998,EPOC y otra enfermedad moderada crónica,,
90804.0,1,57,Cuadriplejia adquirida o estado vegetativo permanente: Nivel 4,,
80012.0,1,569,Neoplasias dominantes primarias múltiples: Nivel 2,,
51863.0,1,1014,Fibrilación auricular: Nivel 3,,
20850.0,1,200,"Diagnósticos gastrointestinales, hepáticos, renales o de hernia significativos con otra enfermedad significativa",,
10000.0,1,334,Estado sano,,
53902.0,1,847,Enfermedades del tejido conectivo y vasculitis: Nivel 2,,
91102.0,1,373,Fibrosis quística: Nivel 2,,
70714.0,1,19,Diabetes - Hipertensión - Otra enfermedad crónica dominante: Nivel 4,,
61323.0,1,247,Enfermedad cerebrovascular y otra enfermedad moderada crónica,,
54042.0,1,854,Úlcera cutánea crónica: Nivel 2,,
90802.0,1,902,Cuadriplejia adquirida o estado vegetativo permanente: Nivel 2,,
70124.0,1,335,Insuficiencia cardiaca - Diabetes - Otra enfermedad crónica dominante: Nivel 4,,
51811.0,1,32,Enfermedades valvulares: Nivel 1,,
61705.0,1,206,Esquizofrenia y otra enfermedad dominante crónica: Nivel 5,,
86614.0,1,822,Neoplasia de proteinas plasmáticas: Nivel 4,,
53101.0,1,40,Enfermedad hepática alcohólica: Nivel 1,,
70161.0,1,217,Insuficiencia cardiaca - Dos o más enfermedades crónicas dominantes: Nivel 1,,
86414.0,1,680,Neoplasias secundarias: Nivel 4,,
57492.0,1,962,Depresión y otras psicosis: Nivel 2,,
20500.0,1,401,Enfermedad aguda significativa de ORL,,
61205.0,1,452,EPOC y diabetes: Nivel 5,,
3.0,1,3,Enfermedad crónica menor única,,
61511.0,1,1031,Enfermedad coronaria avanzada y otra enfermedad moderada crónica: Nivel 1,,
62811.0,1,132,"Neoplasia de próstata y otra enfermedad crónica, Nivel 2: Nivel 1",,
53454.0,1,769,Estenosis espinal: Nivel 4,,
51781.0,1,189,Otros diagnósticos cardiacos congénitos mayores excepto valvulares: Nivel 1,,
61612.0,1,169,Demencia y otra enfermedad moderada crónica: Nivel 2,,
61243.0,1,327,EPOC e hipertensión,,
70413.0,1,611,Enfermedad coronaria avanzada - Dos o más enfermedades crónicas dominantes: Nivel 3,,
54244.0,1,304,Diabetes: Nivel 4,,
58202.0,1,908,Quemaduras - Extrema: Nivel 2,,
70125.0,1,556,Insuficiencia cardiaca - Diabetes - Otra enfermedad crónica dominante: Nivel 5,,
57472.0,1,836,trastornos bipolares: Nivel 2,,
61706.0,1,934,Esquizofrenia y otra enfermedad dominante crónica: Nivel 6,,
86612.0,1,873,Neoplasia de proteinas plasmáticas: Nivel 2,,
62901.0,1,855,"Enfermedad psiquiátrica (excepto esquizofrenia) y otra enfermedad crónica, Nivel 2: Nivel 1",,
61442.0,1,870,Diabetes e hipertensión: Nivel 2,,
51323.0,1,827,Anomalías respiratorias mayores: Nivel 3,,
51813.0,1,673,Enfermedades valvulares: Nivel 3,,
61624.0,1,937,"Demencia y otra enfermedad crónica, Nivel 2: Nivel 4",,
86562.0,1,982,Leucemia no linfática aguda: Nivel 2,,
62502.0,1,709,Otra enfermedad dominante crónica y abuso de drogas crónico moderado: Nivel 2,,
61142.0,1,243,Insuficiencia cardiaca y otra enfermedad dominante crónica: Nivel 2,,
51791.0,1,749,Insuficiencia cardiaca: Nivel 1,,
70504.0,1,573,Enfermedad cerebrovascular -Dos o más enfermedades crónicas dominantes: Nivel 4,,
53441.0,1,653,"Historia de fractura de cadera, edad > 64 años: Nivel 1",,
62415.0,1,616,Asma y otra enfermedad moderada crónica: Nivel 5,,
62932.0,1,384,"Otra enfermedad dominante crónica y otra enfermedad crónica, Nivel 2: Nivel 2",,
61821.0,1,603,"Historia de fractura de cadera, edad > 64 y otra enfermedad crónica, Nivel 2: Nivel 1",,
35242.0,1,838,"Infertilidad, mujer: Nivel 2",,
35101.0,1,1067,Hiperplasia benigna de próstata: Nivel 1,,
37561.0,1,506,Diagnósticos de salud mental crónicos - menor: Nivel 1,,
61823.0,1,1026,"Historia de fractura de cadera, edad > 64 y otra enfermedad crónica, Nivel 2: Nivel 3",,
34451.0,1,581,Hiperlipidemia: Nivel 1,,
62013.0,1,170,Enfermedad psiquiátrica (excepto esquizofrenia) y otra enfermedad moderada crónica: Nivel 3,,
70123.0,1,248,Insuficiencia cardiaca - Diabetes - Otra enfermedad crónica dominante: Nivel 3,,
61322.0,1,322,Enfermedad cerebrovascular y otra enfermedad moderada crónica,,
62424.0,1,936,Asma e hipertensión: Nivel 4,,
86474.0,1,899,Neoplasia de pulmón: Nivel 4,,
61724.0,1,614,"Esquizofrenia y otra enfermedad crónica, Nivel 2: Nivel 4",,
50744.0,1,524,Degeneración macular: Nivel 4,,
61902.0,1,935,Otras dos enfermedades dominantes crónicas: Nivel 2,,
50013.0,1,791,Diagnósticos neurológicos progresivos: Nivel 3,,
90501.0,1,1089,Dependencia de ventilación mecánica: Nivel 1,,
70216.0,1,931,Diabetes - Enfermedad cerebrovascular - Otra enfermedad crónica dominante: Nivel 6,,
70152.0,1,978,Insuficiencia cardiaca - Enfermedad cerebrovascular - Otra enfermedad crónica dominante: Nivel 2,,
61702.0,1,136,Esquizofrenia y otra enfermedad dominante crónica: Nivel 2,,
57843.0,1,966,Abuso crónico de alcohol: Nivel 3,,
61904.0,1,472,Otras dos enfermedades dominantes crónicas: Nivel 4,,
62604.0,1,812,Enfermedad dominante crónica y una o más enfermedades moderadas crónicas: Nivel 4,,
53513.0,1,26,Discopatía y otros diagnósticos crónicos de espalda: Nivel 3,,
70202.0,1,691,Diabetes - Enfermedad coronaria avanzada - Otra enfermedad crónica dominante: Nivel 2,,
10110.0,1,276,Diagnósticos neurológicos significativos sin otra enfermedad significativa,,
70145.0,1,260,Insuficiencia cardiaca - Enfermedad vascular periférica - Otra enfermedad crónica dominante: Nivel 5,,
50143.0,1,236,Epilepsia: Nivel 3,,
54413.0,1,50,Obesidad: Nivel 3,,
53444.0,1,1086,"Historia de fractura de cadera, edad > 64 años: Nivel 4",,
62101.0,1,1080,Otra enfermedad dominante crónica y neoplasia de mama: Nivel 1,,
35252.0,1,48,Otros diagnósticos ginecológicos crónicos: Nivel 2,,
62311.0,1,423,Otra neoplasia no dominante y otra enfermedad moderada crónica: Nivel 1,,
31961.0,1,282,Diagnósticos cardiovasculares crónicos - menor: Nivel 1,,
51804.0,1,564,Otros diagnósticos cardiovasculares - mayor: Nivel 4,,
61206.0,1,502,EPOC y diabetes: Nivel 6,,
56952.0,1,926,Neoplasia NOS/NEC: Nivel 1,,
61416.0,1,157,Diabetes y otra enfermedad dominante crónica: Nivel 6,,
58204.0,1,1095,Quemaduras - Extrema: Nivel 4,,
2.0,1,2,Historia de enfermedad aguda significativa,,
70014.0,1,177,Insuficiencia renal crónica - Otra enfermedad crónica dominante: Nivel 4,,
62503.0,1,567,Otra enfermedad dominante crónica y abuso de drogas crónico moderado: Nivel 3,,
61113.0,1,640,Insuficiencia cardiaca y diabetes: Nivel 3,,
90404.0,1,663,Nutrición parenteral total: Nivel 4,,
70132.0,1,785,Insuficiencia cardiaca - EPOC - Otra enfermedad crónica dominante: Nivel 2,,
50032.0,1,988,Hemiplejia adquirida: Nivel 2,,
86471.0,1,467,Neoplasia de pulmón: Nivel 1,,
30991.0,1,390,Diagnósticos de oído crónicos excepto pérdida de audición: Nivel 1,,
34832.0,1,654,Infecciones recurrentes del tracto urinario: Nivel 2,,
70116.0,1,824,Insuficiencia cardiaca - Diabetes - Enfermedad cerebrovascular: Nivel 6,,
86633.0,1,695,Neoplasia de prostata: Nivel 3,,
61426.0,1,33,Diabetes y asma: Nivel 6,,
50051.0,1,541,Diagnósticos neurodegenerativos excepto esclerosis múltiple y Parkinson: Nivel 1,,
53103.0,1,326,Enfermedad hepática alcohólica: Nivel 3,,
70301.0,1,1010,EPOC - Enfermedad coronaria avanzada - Otra enfermedad crónica dominante: Nivel 1,,
86644.0,1,984,Neoplasia genitourinaria: Nivel 4,,
61711.0,1,239,Esquizofrenia y otra enfermedad moderada crónica: Nivel 1,,
61226.0,1,621,EPOC y otra enfermedad dominante crónica: Nivel 6,,
50041.0,1,314,Enfermedad cerebrovascular con infarto o hemorragia intracraneal: Nivel 1,,
90902.0,1,388,Espina bífida: Nivel 2,,
61824.0,1,1030,"Historia de fractura de cadera, edad > 64 y otra enfermedad crónica, Nivel 2: Nivel 4",,
70505.0,1,509,Enfermedad cerebrovascular -Dos o más enfermedades crónicas dominantes: Nivel 5,,
56641.0,1,146,Neoplasia genitourinaria: Nivel 1,,
52413.0,1,374,Varices en piernas con úlceras o inflamación: Nivel 3,,
51383.0,1,851,Asma: Nivel 3,,
61505.0,1,372,Enfermedad coronaria avanzada y otra enfermedad dominante crónica: Nivel 5,,
30792.0,1,386,Cataratas: Nivel 2,,
61723.0,1,814,"Esquizofrenia y otra enfermedad crónica, Nivel 2: Nivel 3",,
57832.0,1,970,Abuso de opioides: Nivel 2,,
35231.0,1,235,Enfermedad inflamatoria crónica pélvica: Nivel 1,,
51904.0,1,111,Estado de dispositivo cardiaco: Nivel 4,,
57503.0,1,925,Trastornos mayores de la personalidad: Nivel 3,,
57822.0,1,1025,Abuso de cocaina: Nivel 2,,
50053.0,1,340,Diagnósticos neurodegenerativos excepto esclerosis múltiple y Parkinson: Nivel 3,,
57443.0,1,577,Trastornos de la alimentación: Nivel 3,,
57442.0,1,679,Trastornos de la alimentación: Nivel 2,,
34452.0,1,852,Hiperlipidemia: Nivel 2,,
51884.0,1,983,Historia de by-pass coronario: Nivel 1,,
51332.0,1,1057,EPOC y bronquiectasias: Nivel 2,,
61003.0,1,185,Insuficiencia renal crónica y otras enfermedades crónicas dominantes o moderadas: Nivel 3,,
70502.0,1,234,Enfermedad cerebrovascular -Dos o más enfermedades crónicas dominantes: Nivel 2,,
62821.0,1,582,"Otra neoplasia no dominante y otra enfermedad crónica, Nivel 2: Nivel 1",,
54054.0,1,1093,Diagnósticos significativos de piel y tejido subcutáneo: Nivel 4,,
53904.0,1,933,Enfermedades del tejido conectivo y vasculitis: Nivel 4,,
86611.0,1,604,Neoplasia de proteinas plasmáticas: Nivel 1,,
54783.0,1,207,Anomalías de riñón o tracto urinario: Nivel 3,,
56572.0,1,888,Neoplasia de colon: Nivel 2,,
54741.0,1,46,Estado de trasplante renal: Nivel 1,,
54391.0,1,451,Diagnósticos endocrinos y metabólicos crónicos - Mayor: Nivel 1,,
61701.0,1,704,Esquizofrenia y otra enfermedad dominante crónica: Nivel 1,,
51891.0,1,1037,Historia de ACTP: Nivel 1,,
70503.0,1,317,Enfermedad cerebrovascular -Dos o más enfermedades crónicas dominantes: Nivel 3,,
70164.0,1,104,Insuficiencia cardiaca - Dos o más enfermedades crónicas dominantes: Nivel 4,,
33561.0,1,85,Dolor crónico: Nivel 1,,
30782.0,1,1009,Glaucoma: Nivel 2,,
37552.0,1,867,Depresión: Nivel 2,,
52383.0,1,162,Enfermedad vascular periférica: Nivel 3,,
54422.0,1,337,"Diagnósticos endocrinos, nutricionales, hidroelectrolíticos e inmunes crónicos - Moderado: Nivel 2",,
54784.0,1,770,Anomalías de riñón o tracto urinario: Nivel 4,,
54734.0,1,143,Insuficiencia renal crónica: Nivel 4,,
70155.0,1,1003,Insuficiencia cardiaca - Enfermedad cerebrovascular - Otra enfermedad crónica dominante: Nivel 5,,
50043.0,1,23,Enfermedad cerebrovascular con infarto o hemorragia intracraneal: Nivel 3,,
58201.0,1,876,Quemaduras - Extrema: Nivel 1,,
61614.0,1,144,Demencia y otra enfermedad moderada crónica: Nivel 4,,
57483.0,1,892,"Trastornos de la conducta, del control de los impulsos y del comportamiento: Nivel 3",,
61601.0,1,1066,Demencia y otra enfermedad dominante crónica: Nivel 1,,
54043.0,1,549,Úlcera cutánea crónica: Nivel 3,,
61221.0,1,273,EPOC y otra enfermedad dominante crónica: Nivel 1,,
90704.0,1,515,"Cuadriplejia, diplejia o hemiplejia congénita: Nivel 4",,
57061.0,1,473,Infecciones crónicas excepto tuberculosis: Nivel 1,,
70501.0,1,95,Enfermedad cerebrovascular -Dos o más enfermedades crónicas dominantes: Nivel 1,,
52702.0,1,751,Diagnósticos gastrointestinales crónicos - moderado: Nivel 2,,
20790.0,1,1045,Diagnósticos catastróficos con otra enfermedad significativa,,
51783.0,1,1029,Otros diagnósticos cardiacos congénitos mayores excepto valvulares: Nivel 3,,
56951.0,1,468,Neoplasia NOS/NEC: Nivel 1,,
53541.0,1,722,Osteoporosis: Nivel 1,,
61616.0,1,583,Demencia y otra enfermedad moderada crónica: Nivel 6,,
61321.0,1,1068,Enfermedad cerebrovascular y otra enfermedad moderada crónica,,
51334.0,1,877,EPOC y bronquiectasias: Nivel 4,,
53141.0,1,22,Trastornos pancreáticos y hepáticos crónicos - Moderado: Nivel 1,,
56101.0,1,412,Diagnósticos hematológicos crónicos e inmunes - Moderado: Nivel 1,,
61143.0,1,320,Insuficiencia cardiaca y otra enfermedad dominante crónica: Nivel 3,,
61414.0,1,98,Diabetes y otra enfermedad dominante crónica: Nivel 4,,
61245.0,1,874,EPOC e hipertensión,,
62706.0,1,83,Otras dos enfermedades crónicas moderadas: Nivel 6,,
70232.0,1,106,Diabetes - Dos o más enfermedades crónicas dominantes: Nivel 2,,
55834.0,1,574,"Anomalías y síndromes cromosómicos, excepto Down: Nivel 4",,
62112.0,1,530,Neoplasia de mama y otra enfermedad moderada crónica: Nivel 2,,
70415.0,1,479,Enfermedad coronaria avanzada - Dos o más enfermedades crónicas dominantes: Nivel 5,,
70605.0,1,683,Tres o más enfermedades crónicas dominantes: Nivel 5,,
50023.0,1,819,Diagnósticos extrapiramidales: Nivel 3,,
53543.0,1,609,Osteoporosis: Nivel 3,,
62924.0,1,47,"Abuso de drogas crónico moderado y otra enfermedad crónica, Nivel 2: Nivel 4",,
70236.0,1,638,Diabetes - Dos o más enfermedades crónicas dominantes: Nivel 6,,
70314.0,1,203,EPOC - Dos o más enfermedades crónicas dominantes: Nivel 4,,
56522.0,1,1018,Leucemia linfática crónica: Nivel 2,,
86602.0,1,70,Linfoma de Hodgkin: Nivel 2,,
51921.0,1,1005,Hipertensión: Nivel 1,,
70205.0,1,882,Diabetes - Enfermedad coronaria avanzada - Otra enfermedad crónica dominante: Nivel 5,,
62504.0,1,125,Otra enfermedad dominante crónica y abuso de drogas crónico moderado: Nivel 4,,
32731.0,1,921,Úlceras crónicas: Nivel 1,,
70412.0,1,86,Enfermedad coronaria avanzada - Dos o más enfermedades crónicas dominantes: Nivel 2,,
61201.0,1,114,EPOC y diabetes: Nivel 1,,
40002.0,1,825,Categorías de ECP múltiples menores: Nivel 2,,
91001.0,1,634,Distrofia muscular progresiva o atrofia espinal muscular: Nivel 1,,
53113.0,1,789,Enfermedad hepática mayor excepto alcohólica: Nivel 3,,
70606.0,1,1073,Tres o más enfermedades crónicas dominantes: Nivel 6,,
62104.0,1,1006,Otra enfermedad dominante crónica y neoplasia de mama: Nivel 4,,
62421.0,1,97,Asma e hipertensión: Nivel 1,,
70141.0,1,51,Insuficiencia cardiaca - Enfermedad vascular periférica - Otra enfermedad crónica dominante: Nivel 1,,
50112.0,1,126,Diagnósticos neuromusculares crónicos/Otros diagnósticos neurológicos - Moderado: Nivel 2,,
51802.0,1,631,Otros diagnósticos cardiovasculares - mayor: Nivel 2,,
61146.0,1,1011,Insuficiencia cardiaca y otra enfermedad dominante crónica: Nivel 6,,
51812.0,1,159,Enfermedades valvulares: Nivel 2,,
62934.0,1,256,"Otra enfermedad dominante crónica y otra enfermedad crónica, Nivel 2: Nivel 4",,
61704.0,1,551,Esquizofrenia y otra enfermedad dominante crónica: Nivel 4,,
86574.0,1,321,Neoplasia de colón: Nivel 4,,
62102.0,1,895,Otra enfermedad dominante crónica y neoplasia de mama: Nivel 2,,
34101.0,1,117,Diagnósticos crónicos de piel - menor: Nivel 1,,
61313.0,1,617,Enfermedad cerebrovascular y otra enfermedad dominante crónica,,
54772.0,1,134,Nefritis: Nivel 2,,
36981.0,1,501,Neoplasias de comportamiento incierto: Nivel 1,,
61513.0,1,790,Enfermedad coronaria avanzada y otra enfermedad moderada crónica: Nivel 3,,
61813.0,1,1053,"Historia de fractura de cadera, edad > 64 y otra enfermedad moderada crónica: Nivel 3",,
52373.0,1,124,Enfermedades arteriales y venosas crónicas - mayor: Nivel 3,,
50061.0,1,503,Enfermedad de Alzheimer y otras demencias: Nivel 1,,
70022.0,1,24,Insuficiencia renal crónica - Dos o más enfermedades crónicas dominantes: Nivel 2,,
61235.0,1,907,EPOC y otra enfermedad moderada crónica,,
62605.0,1,84,Enfermedad dominante crónica y una o más enfermedades moderadas crónicas: Nivel 5,,
61423.0,1,593,Diabetes y asma: Nivel 3,,
70716.0,1,644,Diabetes - Hipertensión - Otra enfermedad crónica dominante: Nivel 6,,
70312.0,1,188,EPOC - Dos o más enfermedades crónicas dominantes: Nivel 2,,
35102.0,1,741,Hiperplasia benigna de próstata: Nivel 2,,
61606.0,1,1000,Demencia y otra enfermedad dominante crónica: Nivel 6,,
86472.0,1,943,Neoplasia de pulmón: Nivel 2,,
70213.0,1,657,Diabetes - Enfermedad cerebrovascular - Otra enfermedad crónica dominante: Nivel 3,,
51823.0,1,1059,Historia de Infarto Agudo de Miocardio: Nivel 3,,
30171.0,1,651,Anomalías de la marcha: Nivel 1,,
51822.0,1,1012,Historia de Infarto Agudo de Miocardio: Nivel 2,,
54743.0,1,283,Estado de trasplante renal: Nivel 3,,
20200.0,1,496,"Enfermedad aguda significativa, duración más de 90 días, excluyendo ORL",,
61712.0,1,711,Esquizofrenia y otra enfermedad moderada crónica: Nivel 2,,
70302.0,1,745,EPOC - Enfermedad coronaria avanzada - Otra enfermedad crónica dominante: Nivel 2,,
61605.0,1,952,Demencia y otra enfermedad dominante crónica: Nivel 5,,
86623.0,1,817,Neoplasia de mama: Nivel 3,,
54794.0,1,495,Diagnósticos genitourinarios crónicos: Nivel 4,,
4.0,1,4,Enfermedad crónica menor en múltiples sistemas orgánicos,,
32442.0,1,781,Diagnósticos arteriales y venosos crónicos - menor: Nivel 2,,
91004.0,1,368,Distrofia muscular progresiva o atrofia espinal muscular: Nivel 4,,
70214.0,1,807,Diabetes - Enfermedad cerebrovascular - Otra enfermedad crónica dominante: Nivel 4,,
90403.0,1,514,Nutrición parenteral total: Nivel 3,,
50114.0,1,331,Diagnósticos neuromusculares crónicos/Otros diagnósticos neurológicos - Moderado: Nivel 4,,
54393.0,1,398,Diagnósticos endocrinos y metabólicos crónicos - Mayor: Nivel 3,,
62505.0,1,1054,Otra enfermedad dominante crónica y abuso de drogas crónico moderado: Nivel 5,,
70146.0,1,271,Insuficiencia cardiaca - Enfermedad vascular periférica - Otra enfermedad crónica dominante: Nivel 6,,
61131.0,1,299,Insuficiencia cardiaca y enfermedad cerebrovascular: Nivel 1,,
86573.0,1,302,Neoplasia de colón: Nivel 3,,
51343.0,1,714,Otros diagnósticos pulmonares crónicos mayores: Nivel 3,,
51203.0,1,782,Labio leporino y paladar hendido: Nivel 3,,
55843.0,1,701,Retraso mental severo / profundo: Nivel 3,,
61901.0,1,429,Otras dos enfermedades dominantes crónicas: Nivel 1,,
70305.0,1,454,EPOC - Enfermedad coronaria avanzada - Otra enfermedad crónica dominante: Nivel 5,,
62212.0,1,332,Neoplasia de próstata y otra enfermedad moderada crónica: Nivel 2,,
61134.0,1,665,Insuficiencia cardiaca y enfermedad cerebrovascular: Nivel 4,,
86613.0,1,677,Neoplasia de proteinas plasmáticas: Nivel 3,,
70025.0,1,76,Insuficiencia renal crónica - Dos o más enfermedades crónicas dominantes: Nivel 5,,
70106.0,1,250,Insuficiencia cardiaca - Diabetes - EPOC: Nivel 6,,
62703.0,1,1072,Otras dos enfermedades crónicas moderadas: Nivel 3,,
33582.0,1,391,Diagnósticos articulares y musculoesqueléticos crónicos - menor: Nivel 2,,
55882.0,1,133,Retraso mental leve / moderado: Nivel 2,,
70156.0,1,349,Insuficiencia cardiaca - Enfermedad cerebrovascular - Otra enfermedad crónica dominante: Nivel 6,,
61124.0,1,563,Insuficiencia cardiaca y enfermedad vascular periférica: Nivel 4,,
20800.0,1,587,Diagnósticos de neoplasia con otra enfermedad significativa,,
61454.0,1,601,"Diabetes y otra enfermedad crónica, Nivel 2: Nivel 4",,
61441.0,1,13,Diabetes e hipertensión: Nivel 1,,
70701.0,1,953,Diabetes - Enfermedad cerebrovascular - Hipertensión: Nivel 1,,
61315.0,1,316,Enfermedad cerebrovascular y otra enfermedad dominante crónica,,
52411.0,1,343,Varices en piernas con úlceras o inflamación: Nivel 1,,
53502.0,1,792,Amputación y enfermedad ósea: Nivel 2,,
80013.0,1,118,Neoplasias dominantes primarias múltiples: Nivel 3,,
56602.0,1,719,Linfoma de Hodgkin: Nivel 2,,
53431.0,1,543,"Diagnósticos congénitos mayores de hueso, cartílago y músculo: Nivel 1",,
62004.0,1,694,Otra enfermedad dominante crónica y enfermedad psiquiátrica (excepto esquizofrenia): Nivel 4,,
50133.0,1,627,Enfermedad cerebrovascular sin infarto: Nivel 3,,
62923.0,1,344,"Abuso de drogas crónico moderado y otra enfermedad crónica, Nivel 2: Nivel 3",,
61802.0,1,818,"Historia de fractura de cadera, edad > 64 y otra enfermedad dominante crónica: Nivel 2",,
61301.0,1,652,Enfermedad cerebrovascular y diabetes,,
7.0,1,7,Enfermedad dominante crónica en tres o más sistemas orgánicos,,
55854.0,1,420,Trastorno generalizado del desarrollo (autismo): Nivel 4,,
33572.0,1,636,Ostroartritis: Nivel 2,,
51874.0,1,954,Arritmias cardiacas y trastornos de la conducción: Nivel 4,,
61716.0,1,1058,Esquizofrenia y otra enfermedad moderada crónica: Nivel 6,,
57432.0,1,964,Esquizofrenia: Nivel 2,,
90304.0,1,626,Enfermedad HIV: Nivel 4,,
61803.0,1,225,"Historia de fractura de cadera, edad > 64 y otra enfermedad dominante crónica: Nivel 3",,
50021.0,1,151,Diagnósticos extrapiramidales: Nivel 1,,
70235.0,1,449,Diabetes - Dos o más enfermedades crónicas dominantes: Nivel 5,,
50022.0,1,474,Diagnósticos extrapiramidales: Nivel 2,,
61172.0,1,607,"Insuficiencia cardiaca y otra enfermedad crónica, Nivel 2: Nivel 2",,
61211.0,1,89,EPOC y enfermedad coronaria avanzada: Nivel 1,,
91101.0,1,394,Fibrosis quística: Nivel 1,,
61171.0,1,38,"Insuficiencia cardiaca y otra enfermedad crónica, Nivel 2: Nivel 1",,
51792.0,1,405,Insuficiencia cardiaca: Nivel 2,,
90904.0,1,28,Espina bífida: Nivel 4,,
52701.0,1,615,Diagnósticos gastrointestinales crónicos - moderado: Nivel 1,,
61252.0,1,128,"EPOC y otra enfermedad crónica, Nivel 2",,
34091.0,1,230,Psoriasis: Nivel 1,,
62914.0,1,986,"Asma y otra enfermedad crónica, Nivel 2: Nivel 4",,
57854.0,1,1094,Abuso de otras sustancias significativas: Nivel 4,,
51912.0,1,411,Arterioesclerosis coronaria: Nivel 2,,
10010.0,1,1036,Estado sano - no usuario,,
52382.0,1,94,Enfermedad vascular periférica: Nivel 2,,
62515.0,1,519,Abuso de drogas crónico moderado y otra enfermedad moderada crónica: Nivel 5,,
20810.0,1,788,Diagnósticos neurológicos significativos con otra enfermedad significativa,,
61804.0,1,65,"Historia de fractura de cadera, edad > 64 y otra enfermedad dominante crónica: Nivel 4",,
70403.0,1,499,Enfermedad coronaria avanzada -Enfermedad vascular periférica - Otra enfermedad crónica dominante: Nivel 3,,
53483.0,1,191,Anomalía o curvatura de columna: Nivel 3,,
53531.0,1,1044,Sustitución de articulación: Nivel 1,,
54773.0,1,980,Nefritis: Nivel 3,,
34081.0,1,492,Neoplasias de piel: Nivel 1,,
61325.0,1,965,Enfermedad cerebrovascular y otra enfermedad moderada crónica,,
62406.0,1,713,Otra enfermedad dominante crónica y asma: Nivel 6,,
35922.0,1,881,Enfermedades del desarrollo del lenguaje: Nivel 2,,
70506.0,1,281,Enfermedad cerebrovascular -Dos o más enfermedades crónicas dominantes: Nivel 6,,
90602.0,1,410,Historia de trasplante orgánico mayor: Nivel 2,,
86501.0,1,606,Neoplasia de ovario: Nivel 1,,
57071.0,1,526,Tuberculosis secundaria: Nivel 1,,
51204.0,1,871,Labio leporino y paladar hendido: Nivel 4,,
54782.0,1,168,Anomalías de riñón o tracto urinario: Nivel 2,,
56103.0,1,560,Diagnósticos hematológicos crónicos e inmunes - Moderado: Nivel 3,,
53452.0,1,885,Estenosis espinal: Nivel 2,,
61602.0,1,415,Demencia y otra enfermedad dominante crónica: Nivel 2,,
86541.0,1,418,Mieloma múltiple: Nivel 1,,
20820.0,1,20,"Diagnósticos cardiovasculares, pulmonares u otros diagnósticos vasculares con otra enfermedad significativa",,
61722.0,1,77,"Esquizofrenia y otra enfermedad crónica, Nivel 2: Nivel 2",,
61132.0,1,425,Insuficiencia cardiaca y enfermedad cerebrovascular: Nivel 2,,
51794.0,1,1075,Insuficiencia cardiaca: Nivel 4,,
61151.0,1,358,Insuficiencia cardiaca y demencia: Nivel 1,,
62512.0,1,521,Abuso de drogas crónico moderado y otra enfermedad moderada crónica: Nivel 2,,
70713.0,1,868,Diabetes - Hipertensión - Otra enfermedad crónica dominante: Nivel 3,,
55894.0,1,754,Retraso en el desarrollo NOS/NEC/Mixto: Nivel 4,,
70151.0,1,205,Insuficiencia cardiaca - Enfermedad cerebrovascular - Otra enfermedad crónica dominante: Nivel 1,,
70705.0,1,976,Diabetes - Enfermedad cerebrovascular - Hipertensión: Nivel 5,,
50742.0,1,537,Degeneración macular: Nivel 2,,
57481.0,1,54,"Trastornos de la conducta, del control de los impulsos y del comportamiento : Nivel 1",,
51892.0,1,12,Historia de ACTP: Nivel 2,,
70143.0,1,109,Insuficiencia cardiaca - Enfermedad vascular periférica - Otra enfermedad crónica dominante: Nivel 3,,
90104.0,1,743,Diálisis con diabetes: Nivel 4,,
70221.0,1,158,Diabetes - EPOC- Otra enfermedad crónica dominante: Nivel 1,,
90303.0,1,194,Enfermedad HIV: Nivel 3,,
70162.0,1,635,Insuficiencia cardiaca - Dos o más enfermedades crónicas dominantes: Nivel 2,,
40003.0,1,480,Categorías de ECP múltiples menores: Nivel 3,,
55884.0,1,898,Retraso mental leve / moderado: Nivel 4,,
35571.0,1,413,"Prematuridad, peso al nacer inferior a 1000 g: Nivel 1",,
50102.0,1,758,Hidrocefalia y otras anomalías cerebrales: Nivel 2,,
70315.0,1,96,EPOC - Dos o más enfermedades crónicas dominantes: Nivel 5,,
61334.0,1,441,"Enfermedad cerebrovascular y otra enfermedad crónica, Nivel 2",,
70715.0,1,400,Diabetes - Hipertensión - Otra enfermedad crónica dominante: Nivel 5,,
61822.0,1,399,"Historia de fractura de cadera, edad > 64 y otra enfermedad crónica, Nivel 2: Nivel 1",,
70402.0,1,300,Enfermedad coronaria avanzada -Enfermedad vascular periférica - Otra enfermedad crónica dominante: Nivel 2,,
61111.0,1,548,Insuficiencia cardiaca y diabetes: Nivel 1,,
56542.0,1,30,Mieloma múltiple: Nivel 2,,
86484.0,1,257,Neoplasia de páncreas: Nivel 4,,
61331.0,1,568,"Enfermedad cerebrovascular y otra enfermedad crónica, Nivel 2",,
86521.0,1,1033,Leucemia linfática crónica: Nivel 1,,
56071.0,1,214,Trastornos de la coagulación: Nivel 1,,
51784.0,1,544,Otros diagnósticos cardiacos congénitos mayores excepto valvulares: Nivel 4,,
50144.0,1,229,Epilepsia: Nivel 4,,
61251.0,1,576,"EPOC y otra enfermedad crónica, Nivel 2",,
56052.0,1,409,Enfermedades inmunes y leucocitarias: Nivel 2,,
90702.0,1,525,"Cuadriplejia, diplejia o hemiplejia congénita: Nivel 2",,
70115.0,1,508,Insuficiencia cardiaca - Diabetes - Enfermedad cerebrovascular: Nivel 5,,
70311.0,1,710,EPOC - Dos o más enfermedades crónicas dominantes: Nivel 1,,
62213.0,1,306,Neoplasia de próstata y otra enfermedad moderada crónica: Nivel 3,,
51873.0,1,757,Arritmias cardiacas y trastornos de la conducción: Nivel 3,,
80023.0,1,397,Neoplasias no dominantes primarias múltiples: Nivel 3,,
52691.0,1,927,Anomalías gastrointestinales: Nivel 1,,
61816.0,1,319,"Historia de fractura de cadera, edad > 64 y otra enfermedad moderada crónica: Nivel 6",,
53114.0,1,142,Enfermedad hepática mayor excepto alcohólica: Nivel 4,,
51833.0,1,1007,Angina y cardiipatía isquémica: Nivel 3,,
61312.0,1,973,Enfermedad cerebrovascular y otra enfermedad dominante crónica,,
62701.0,1,279,Otras dos enfermedades crónicas moderadas: Nivel 1,,
70212.0,1,153,Diabetes - Enfermedad cerebrovascular - Otra enfermedad crónica dominante: Nivel 2,,
10040.0,1,226,Embarazo sin parto sin otra enfermedad significativa,,
54731.0,1,991,Insuficiencia renal crónica: Nivel 1,,
55822.0,1,166,Síndrome de Down: Nivel 2,,
61815.0,1,629,"Historia de fractura de cadera, edad > 64 y otra enfermedad moderada crónica: Nivel 5",,
56051.0,1,445,Enfermedades inmunes y leucocitarias: Nivel 1,,
61403.0,1,1046,Diabetes y enfermedad coronaria avanzada: Nivel 3,,
37572.0,1,993,Stress crónico y diagnósticos de ansiedad: Nivel 2,,
61424.0,1,82,Diabetes y asma: Nivel 4,,
37542.0,1,66,Déficit de atención / Hiperactividad: Nivel 2,,
54053.0,1,625,Diagnósticos significativos de piel y tejido subcutáneo: Nivel 3,,
90201.0,1,522,Diálisis sin diabetes: Nivel 1,,
62114.0,1,656,Neoplasia de mama y otra enfermedad moderada crónica: Nivel 4,,
6.0,1,6,Enfermedad significativa crónica en múltiples sistemas orgánicos,,
51382.0,1,224,Asma: Nivel 2,,
61415.0,1,290,Diabetes y otra enfermedad dominante crónica: Nivel 5,,
56104.0,1,342,Diagnósticos hematológicos crónicos e inmunes - Moderado: Nivel 4,,
35111.0,1,828,"Enfermedad prostática, infertilidad y neoplasias benignas, varones: Nivel 1",,
62506.0,1,715,Otra enfermedad dominante crónica y abuso de drogas crónico moderado: Nivel 6,,
61304.0,1,732,Enfermedad cerebrovascular y diabetes,,
61173.0,1,786,"Insuficiencia cardiaca y otra enfermedad crónica, Nivel 2: Nivel 3",,
86643.0,1,101,Neoplasia genitourinaria: Nivel 3,,
55821.0,1,362,Síndrome de Down: Nivel 1,,
70142.0,1,408,Insuficiencia cardiaca - Enfermedad vascular periférica - Otra enfermedad crónica dominante: Nivel 2,,
86554.0,1,731,Leucemia linfática aguda: Nivel 4,,
56652.0,1,918,Linfoma no Hodgkin: Nivel 2,,
53512.0,1,804,Discopatía y otros diagnósticos crónicos de espalda: Nivel 2,,
62612.0,1,623,"Enfermedad dominante crónica y otra enfermedad crónica, Nivel 2: Nivel 2",,
53143.0,1,772,Trastornos pancreáticos y hepáticos crónicos - Moderado: Nivel 3,,
57063.0,1,369,Infecciones crónicas excepto tuberculosis: Nivel 3,,
61166.0,1,379,Insuficiencia cardiaca y otra enfermedad moderada crónica: Nivel 6,,
70153.0,1,196,Insuficiencia cardiaca - Enfermedad cerebrovascular - Otra enfermedad crónica dominante: Nivel 3,,
61212.0,1,669,EPOC y enfermedad coronaria avanzada: Nivel 2,,
51782.0,1,461,Otros diagnósticos cardiacos congénitos mayores excepto valvulares: Nivel 2,,
50103.0,1,552,Hidrocefalia y otras anomalías cerebrales: Nivel 3,,
61105.0,1,764,EPOC e Insuficiencia cardiaca: Nivel 5,,
91003.0,1,1065,Distrofia muscular progresiva o atrofia espinal muscular: Nivel 3,,
56621.0,1,800,Neoplasia de mama: Nivel 1,,
61411.0,1,131,Diabetes y otra enfermedad dominante crónica: Nivel 1,,
86494.0,1,995,Neoplasia renal: Nivel 4,,
50024.0,1,267,Diagnósticos extrapiramidales: Nivel 4,,
61501.0,1,14,Enfermedad coronaria avanzada y otra enfermedad dominante crónica: Nivel 1,,
51381.0,1,1082,Asma: Nivel 1,,
86583.0,1,221,Otras neoplasias: Nivel 3,,
53544.0,1,49,Osteoporosis: Nivel 4,,
54744.0,1,767,Estado de trasplante renal: Nivel 4,,
86533.0,1,15,Leucemia no linfática crónica: Nivel 3,,
62912.0,1,187,"Asma y otra enfermedad crónica, Nivel 2: Nivel 2",,
53453.0,1,820,Estenosis espinal: Nivel 3,,
54732.0,1,435,Insuficiencia renal crónica: Nivel 2,,
53532.0,1,478,Sustitución de articulación: Nivel 2,,
70712.0,1,889,Diabetes - Hipertensión - Otra enfermedad crónica dominante: Nivel 2,,
61504.0,1,1070,Enfermedad coronaria avanzada y otra enfermedad dominante crónica: Nivel 4,,
62922.0,1,211,"Abuso de drogas crónico moderado y otra enfermedad crónica, Nivel 2: Nivel 2",,
55832.0,1,219,"Anomalías y síndromes cromosómicos, excepto Down: Nivel 2",,
61236.0,1,642,EPOC y otra enfermedad moderada crónica,,
-1.0,1,906,NO CONSTA,,
55824.0,1,592,Síndrome de Down: Nivel 4,,
51771.0,1,664,Anomalías cardiacas septales mayores y cianóticas complejas: Nivel 1,,
70103.0,1,1020,Insuficiencia cardiaca - Diabetes - EPOC: Nivel 3,,
62314.0,1,360,Otra neoplasia no dominante y otra enfermedad moderada crónica: Nivel 4,,
70703.0,1,837,Diabetes - Enfermedad cerebrovascular - Hipertensión: Nivel 3,,
86584.0,1,154,Otras neoplasias: Nivel 4,,
62413.0,1,783,Asma y otra enfermedad moderada crónica: Nivel 3,,
53432.0,1,848,"Diagnósticos congénitos mayores de hueso, cartílago y músculo: Nivel 2",,
56074.0,1,554,Trastornos de la coagulación: Nivel 4,,
54774.0,1,313,Nefritis: Nivel 4,,
50122.0,1,119,Historia de accidente isquémico transitorio: Nivel 2,,
51871.0,1,939,Arritmias cardiacas y trastornos de la conducción: Nivel 1,,
50052.0,1,209,Diagnósticos neurodegenerativos excepto esclerosis múltiple y Parkinson: Nivel 2,,
86532.0,1,750,Leucemia no linfática crónica: Nivel 2,,
57864.0,1,875,Abuso de drogas - Cannabis/NOS/NEC: Nivel 4,,
61254.0,1,510,"EPOC y otra enfermedad crónica, Nivel 2",,
56651.0,1,324,Linfoma no Hodgkin: Nivel 1,,
61102.0,1,87,EPOC e Insuficiencia cardiaca: Nivel 2,,
56063.0,1,737,Anemia de células falciformes: Nivel 3,,
56551.0,1,296,Leucemia linfática aguda: Nivel 1,,
61714.0,1,130,Esquizofrenia y otra enfermedad moderada crónica: Nivel 4,,
53914.0,1,195,Artritis reumatoide: Nivel 4,,
53514.0,1,493,Discopatía y otros diagnósticos crónicos de espalda: Nivel 4,,
54781.0,1,223,Anomalías de riñón o tracto urinario: Nivel 1,,
70134.0,1,535,Insuficiencia cardiaca - EPOC - Otra enfermedad crónica dominante: Nivel 4,,
86504.0,1,917,Neoplasia de ovario: Nivel 4,,
56552.0,1,929,Leucemia linfática aguda: Nivel 2,,
61404.0,1,434,Diabetes y enfermedad coronaria avanzada: Nivel 4,,
51882.0,1,29,Historia de by-pass coronario: Nivel 2,,
70215.0,1,25,Diabetes - Enfermedad cerebrovascular - Otra enfermedad crónica dominante: Nivel 5,,
62423.0,1,404,Asma e hipertensión: Nivel 3,,
62005.0,1,440,Otra enfermedad dominante crónica y enfermedad psiquiátrica (excepto esquizofrenia): Nivel 5,,
90504.0,1,760,Dependencia de ventilación mecánica: Nivel 4,,
62403.0,1,328,Otra enfermedad dominante crónica y asma: Nivel 3,,
61155.0,1,901,Insuficiencia cardiaca y demencia: Nivel 5,,
37571.0,1,1023,Stress crónico y diagnósticos de ansiedad: Nivel 1,,
70021.0,1,748,Insuficiencia renal crónica - Dos o más enfermedades crónicas dominantes: Nivel 1,,
86601.0,1,112,Linfoma de Hodgkin: Nivel 1,,
57861.0,1,655,Abuso de drogas - Cannabis/NOS/NEC: Nivel 1,,
57504.0,1,297,Trastornos mayores de la personalidad: Nivel 4,,
57474.0,1,208,trastornos bipolares: Nivel 4,,
57073.0,1,688,Tuberculosis secundaria: Nivel 3,,
70604.0,1,421,Tres o más enfermedades crónicas dominantes: Nivel 4,,
55892.0,1,484,Retraso en el desarrollo NOS/NEC/Mixto: Nivel 2,,
62304.0,1,859,Otra enfermedad dominante crónica y otra neoplasia no dominante: Nivel 4,,
10120.0,1,392,"Diagnósticos cardiovasculares, pulmonares u otros diagnósticos vasculares sin otra enfermedad significativa",,
86413.0,1,866,Neoplasias secundarias: Nivel 3,,
51814.0,1,262,Enfermedades valvulares: Nivel 4,,
62705.0,1,443,Otras dos enfermedades crónicas moderadas: Nivel 5,,
61332.0,1,184,"Enfermedad cerebrovascular y otra enfermedad crónica, Nivel 2",,
20860.0,1,60,Diagnósticos de diabetes con otra enfermedad significativa,,
70704.0,1,173,Diabetes - Enfermedad cerebrovascular - Hipertensión: Nivel 4,,
30791.0,1,809,Cataratas: Nivel 1,,
51201.0,1,930,Labio leporino y paladar hendido: Nivel 1,,
86531.0,1,455,Leucemia no linfática crónica: Nivel 1,,
86411.0,1,53,Neoplasias secundarias: Nivel 1,,
70316.0,1,707,EPOC - Dos o más enfermedades crónicas dominantes: Nivel 6,,
61223.0,1,323,EPOC y otra enfermedad dominante crónica: Nivel 3,,
57821.0,1,88,Abuso de cocaina: Nivel 1,,
0.0,1,9,Sin Clasificar,,
62011.0,1,883,Enfermedad psiquiátrica (excepto esquizofrenia) y otra enfermedad moderada crónica: Nivel 1,,
86543.0,1,1049,Mieloma múltiple: Nivel 3,,
62003.0,1,842,Otra enfermedad dominante crónica y enfermedad psiquiátrica (excepto esquizofrenia): Nivel 3,,
62426.0,1,92,Asma e hipertensión: Nivel 6,,
55881.0,1,254,Retraso mental leve / moderado: Nivel 1,,
62611.0,1,298,"Enfermedad dominante crónica y otra enfermedad crónica, Nivel 2: Nivel 1",,
70104.0,1,167,Insuficiencia cardiaca - Diabetes - EPOC: Nivel 4,,
61421.0,1,949,Diabetes y asma: Nivel 1,,
70144.0,1,507,Insuficiencia cardiaca - Enfermedad vascular periférica - Otra enfermedad crónica dominante: Nivel 4,,
57514.0,1,597,Diagnósticos de salud mental crónicos - Moderado: Nivel 4,,
57494.0,1,646,Depresión y otras psicosis: Nivel 4,,
57844.0,1,738,Abuso crónico de alcohol: Nivel 4,,
70222.0,1,513,Diabetes - EPOC- Otra enfermedad crónica dominante: Nivel 2,,
30781.0,1,357,Glaucoma: Nivel 1,,
53481.0,1,152,Anomalía o curvatura de columna: Nivel 1,,
61406.0,1,447,Diabetes y enfermedad coronaria avanzada: Nivel 6,,
37541.0,1,938,Déficit de atención / Hiperactividad: Nivel 1,,
90302.0,1,1078,Enfermedad HIV: Nivel 2,,
61445.0,1,115,Diabetes e hipertensión: Nivel 5,,
61002.0,1,446,Insuficiencia renal crónica y otras enfermedades crónicas dominantes o moderadas: Nivel 2,,
61452.0,1,821,"Diabetes y otra enfermedad crónica, Nivel 2: Nivel 2",,
51773.0,1,1008,Anomalías cardiacas septales mayores y cianóticas complejas: Nivel 3,,
70016.0,1,520,Insuficiencia renal crónica - Otra enfermedad crónica dominante: Nivel 6,,
62401.0,1,793,Otra enfermedad dominante crónica y asma: Nivel 1,,
57862.0,1,668,Abuso de drogas - Cannabis/NOS/NEC: Nivel 2,,
86572.0,1,686,Neoplasia de colón: Nivel 2,,
61104.0,1,989,EPOC e Insuficiencia cardiaca: Nivel 4,,
50034.0,1,595,Hemiplejia adquirida: Nivel 4,,
51774.0,1,742,Anomalías cardiacas septales mayores y cianóticas complejas: Nivel 4,,
57841.0,1,763,Abuso crónico de alcohol: Nivel 1,,
61516.0,1,689,Enfermedad coronaria avanzada y otra enfermedad moderada crónica: Nivel 6,,
70304.0,1,1032,EPOC - Enfermedad coronaria avanzada - Otra enfermedad crónica dominante: Nivel 4,,
52372.0,1,721,Enfermedades arteriales y venosas crónicas - mayor: Nivel 2,,
51174.0,1,385,Anomalías del cráneo y de los huesos faciales: Nivel 4,,
62006.0,1,176,Otra enfermedad dominante crónica y enfermedad psiquiátrica (excepto esquizofrenia): Nivel 6,,
53944.0,1,1087,Espondiloartropatía y otras artropatías inflamatorias: Nivel 4,,
62103.0,1,272,Otra enfermedad dominante crónica y neoplasia de mama: Nivel 3,,
62514.0,1,863,Abuso de drogas crónico moderado y otra enfermedad moderada crónica: Nivel 4,,
61224.0,1,1051,EPOC y otra enfermedad dominante crónica: Nivel 4,,
57072.0,1,145,Tuberculosis secundaria: Nivel 2,,
62002.0,1,355,Otra enfermedad dominante crónica y enfermedad psiquiátrica (excepto esquizofrenia): Nivel 2,,
86631.0,1,419,Neoplasia de prostata: Nivel 1,,
61451.0,1,504,"Diabetes y otra enfermedad crónica, Nivel 2: Nivel 1",,
57511.0,1,558,Diagnósticos de salud mental crónicos - Moderado: Nivel 1,,
56631.0,1,416,Neoplasia de próstata: Nivel 1,,
36982.0,1,860,Neoplasias de comportamiento incierto: Nivel 2,,
70163.0,1,647,Insuficiencia cardiaca - Dos o más enfermedades crónicas dominantes: Nivel 3,,
20400.0,1,93,"Enfermedad aguda significativa de ORL, duración más de 90 días",,
55893.0,1,823,Retraso en el desarrollo NOS/NEC/Mixto: Nivel 3,,
70404.0,1,346,Enfermedad coronaria avanzada -Enfermedad vascular periférica - Otra enfermedad crónica dominante: Nivel 4,,
53112.0,1,364,Enfermedad hepática mayor excepto alcohólica: Nivel 2,,
80021.0,1,255,Neoplasias no dominantes primarias múltiples: Nivel 1,,
61721.0,1,59,"Esquizofrenia y otra enfermedad crónica, Nivel 2: Nivel 1",,
50121.0,1,371,Historia de accidente isquémico transitorio: Nivel 1,,
61244.0,1,122,EPOC e hipertensión,,
33171.0,1,238,Enfermedades de vesícula biliar: Nivel 1,,
20840.0,1,155,Diagnósticos de enfermedad tejido conectivo significativo u ortopédicos con otra enfermedad significativa,,
90502.0,1,160,Dependencia de ventilación mecánica: Nivel 2,,
53511.0,1,341,Discopatía y otros diagnósticos crónicos de espalda: Nivel 1,,
61435.0,1,376,Diabetes y otra enfermedad moderada crónica: Nivel 5,,
35232.0,1,571,Enfermedad inflamatoria crónica pélvica: Nivel 2,,
56061.0,1,726,Anemia de células falciformes: Nivel 1,,
62921.0,1,261,"Abuso de drogas crónico moderado y otra enfermedad crónica, Nivel 2: Nivel 1",,
10160.0,1,274,Diagnósticos de diabetes sin otra enfermedad significativa,,
50743.0,1,1092,Degeneración macular: Nivel 3,,
61302.0,1,268,Enfermedad cerebrovascular y diabetes,,
86622.0,1,589,Neoplasia de mama: Nivel 2,,
53102.0,1,904,Enfermedad hepática alcohólica: Nivel 2,,
61225.0,1,733,EPOC y otra enfermedad dominante crónica: Nivel 5,,
51881.0,1,916,Historia de by-pass coronario: Nivel 1,,
61814.0,1,624,"Historia de fractura de cadera, edad > 64 y otra enfermedad moderada crónica: Nivel 4",,
61234.0,1,58,EPOC y otra enfermedad moderada crónica,,
53524.0,1,1016,Artropatía por cristales: Nivel 4,,
56581.0,1,201,Otras neoplasias: Nivel 1,,
86653.0,1,312,Linfoma no Hodgkin: Nivel 3,,
86551.0,1,1050,Leucemia linfática aguda: Nivel 1,,
57501.0,1,773,Trastornos mayores de la personalidad: Nivel 1,,
62511.0,1,1024,Abuso de drogas crónico moderado y otra enfermedad moderada crónica: Nivel 1,,
50064.0,1,565,Enfermedad de Alzheimer y otras demencias: Nivel 4,,
62913.0,1,161,"Asma y otra enfermedad crónica, Nivel 2: Nivel 3",,
53523.0,1,78,Artropatía por cristales: Nivel 3,,
56571.0,1,113,Neoplasia de colon: Nivel 1,,
56541.0,1,843,Mieloma múltiple: Nivel 1,,
52704.0,1,1062,Diagnósticos gastrointestinales crónicos - moderado: Nivel 4,,
54242.0,1,121,Diabetes: Nivel 2,,
61253.0,1,345,"EPOC y otra enfermedad crónica, Nivel 2",,
61515.0,1,658,Enfermedad coronaria avanzada y otra enfermedad moderada crónica: Nivel 5,,
61233.0,1,457,EPOC y otra enfermedad moderada crónica,,
86481.0,1,692,Neoplasia de páncreas: Nivel 1,,
61805.0,1,880,"Historia de fractura de cadera, edad > 64 y otra enfermedad dominante crónica: Nivel 15",,
70114.0,1,705,Insuficiencia cardiaca - Diabetes - Enfermedad cerebrovascular: Nivel 4,,
51333.0,1,139,EPOC y bronquiectasias: Nivel 3,,
34462.0,1,903,Enfermedad tiroidea crónica: Nivel 2,,
86542.0,1,858,Mieloma múltiple: Nivel 2,,
51872.0,1,363,Arritmias cardiacas y trastornos de la conducción: Nivel 2,,
61213.0,1,987,EPOC y enfermedad coronaria avanzada: Nivel 3,,
61164.0,1,307,Insuficiencia cardiaca y otra enfermedad moderada crónica: Nivel 4,,
53451.0,1,816,Estenosis espinal: Nivel 1,,
57853.0,1,584,Abuso de otras sustancias significativas: Nivel 3,,
56582.0,1,897,Otras neoplasias: Nivel 2,,
51341.0,1,971,Otros diagnósticos pulmonares crónicos mayores: Nivel 1,,
62416.0,1,90,Asma y otra enfermedad moderada crónica: Nivel 6,,
57431.0,1,34,Esquizofrenia: Nivel 1,,
86462.0,1,1061,Neoplasias de cerebro y SNC: Nivel 2,,
53903.0,1,218,Enfermedades del tejido conectivo y vasculitis: Nivel 3,,
61162.0,1,928,Insuficiencia cardiaca y otra enfermedad moderada crónica: Nivel 2,,
51793.0,1,1034,Insuficiencia cardiaca: Nivel 3,,
62211.0,1,339,Neoplasia de próstata y otra enfermedad moderada crónica: Nivel 1,,
52661.0,1,950,Enfermedad inflamatoria intestinal: Nivel 1,,
53111.0,1,865,Enfermedad hepática mayor excepto alcohólica: Nivel 1,,
53942.0,1,156,Espondiloartropatía y otras artropatías inflamatorias: Nivel 2,,
51923.0,1,994,Hipertensión: Nivel 3,,
61503.0,1,670,Enfermedad coronaria avanzada y otra enfermedad dominante crónica: Nivel 3,,
62933.0,1,41,"Otra enfermedad dominante crónica y otra enfermedad crónica, Nivel 2: Nivel 3",,
40004.0,1,682,Categorías de ECP múltiples menores: Nivel 4,,
50073.0,1,318,Parálisis cerebral NOS: Nivel 3,,
57852.0,1,470,Abuso de otras sustancias significativas: Nivel 2,,
70011.0,1,532,Insuficiencia renal crónica - Otra enfermedad crónica dominante: Nivel 1,,
61903.0,1,693,Otras dos enfermedades dominantes crónicas: Nivel 3,,
53534.0,1,310,Sustitución de articulación: Nivel 4,,
61114.0,1,799,Insuficiencia cardiaca y diabetes: Nivel 4,,
70165.0,1,462,Insuficiencia cardiaca - Dos o más enfermedades crónicas dominantes: Nivel 5,,
91104.0,1,718,Fibrosis quística: Nivel 4,,
20100.0,1,831,Dos o más enfermedades agudas significativas de diferentes CDMs excluyendo ORL,,
61443.0,1,68,Diabetes e hipertensión: Nivel 3,,
86524.0,1,246,Leucemia linfática crónica: Nivel 4,,
70121.0,1,942,Insuficiencia cardiaca - Diabetes - Otra enfermedad crónica dominante: Nivel 1,,
61202.0,1,108,EPOC y diabetes: Nivel 2,,
86581.0,1,913,Otras neoplasias: Nivel 1,,
62422.0,1,534,Asma e hipertensión: Nivel 2,,
62001.0,1,252,Otra enfermedad dominante crónica y enfermedad psiquiátrica (excepto esquizofrenia): Nivel 1,,
51893.0,1,702,Historia de ACTP: Nivel 3,,
31421.0,1,309,Otros diagnósticos pulmonares crónicos: Nivel 1,,
55842.0,1,55,Retraso mental severo / profundo: Nivel 2,,
57482.0,1,483,"Trastornos de la conducta, del control de los impulsos y del comportamiento: Nivel 2",,
31952.0,1,666,Defectos del tabique auricular y ventricular: Nivel 2,,
35112.0,1,766,"Enfermedad prostática, infertilidad y neoplasias benignas, varones: Nivel 2",,
34461.0,1,486,Enfermedad tiroidea crónica: Nivel 1,,
20760.0,1,887,Diagnósticos de problema neonatal o congénito mayor con otra enfermedad significativa,,
51331.0,1,550,EPOC y bronquiectasias: Nivel 1,,
53484.0,1,808,Anomalía o curvatura de columna: Nivel 4,,
86603.0,1,1042,Linfoma de Hodgkin: Nivel 3,,
61103.0,1,516,EPOC e Insuficiencia cardiaca: Nivel 3,,
86634.0,1,862,Neoplasia de prostata: Nivel 4,,
62911.0,1,406,"Asma y otra enfermedad crónica, Nivel 2: Nivel 1",,
51173.0,1,1063,Anomalías del cráneo y de los huesos faciales: Nivel 3,,
53433.0,1,849,"Diagnósticos congénitos mayores de hueso, cartílago y músculo: Nivel 3",,
62203.0,1,231,Otra enfermedad dominante crónica y neoplasia de próstata: Nivel 3,,
34092.0,1,909,Psoriasis: Nivel 2,,
62704.0,1,575,Otras dos enfermedades crónicas moderadas: Nivel 4,,
56632.0,1,958,Neoplasia de próstata: Nivel 2,,
37562.0,1,354,Diagnósticos de salud mental crónicos - menor: Nivel 2,,
56612.0,1,872,Neoplasia de proteinas plasmáticas: Nivel 2,,
51902.0,1,659,Estado de dispositivo cardiaco: Nivel 2,,
62516.0,1,1064,Abuso de drogas crónico moderado y otra enfermedad moderada crónica: Nivel 6,,
61906.0,1,294,Otras dos enfermedades dominantes crónicas: Nivel 6,,
70206.0,1,382,Diabetes - Enfermedad coronaria avanzada - Otra enfermedad crónica dominante: Nivel 6,,
62603.0,1,359,Enfermedad dominante crónica y una o más enfermedades moderadas crónicas: Nivel 3,,
51901.0,1,1041,Estado de dispositivo cardiaco: Nivel 1,,
70303.0,1,269,EPOC - Enfermedad coronaria avanzada - Otra enfermedad crónica dominante: Nivel 3,,
35241.0,1,796,"Infertilidad, mujer: Nivel 1",,
61133.0,1,795,Insuficiencia cardiaca y enfermedad cerebrovascular: Nivel 3,,
86492.0,1,561,Neoplasia renal: Nivel 2,,
51324.0,1,613,Anomalías respiratorias mayores: Nivel 4,,
70225.0,1,637,Diabetes - EPOC- Otra enfermedad crónica dominante: Nivel 5,,
90402.0,1,797,Nutrición parenteral total: Nivel 2,,
51861.0,1,915,Fibrilación auricular: Nivel 1,,
61434.0,1,839,Diabetes y otra enfermedad moderada crónica: Nivel 4,,
54414.0,1,463,Obesidad: Nivel 4,,
90204.0,1,140,Diálisis sin diabetes: Nivel 4,,
51922.0,1,150,Hipertensión: Nivel 2,,
86412.0,1,442,Neoplasias secundarias: Nivel 2,,
57493.0,1,190,Depresión y otras psicosis: Nivel 3,,
35572.0,1,538,"Prematuridad, peso al nacer inferior a 1000 g: Nivel 2",,
70122.0,1,370,Insuficiencia cardiaca - Diabetes - Otra enfermedad crónica dominante: Nivel 2,,
62414.0,1,992,Asma y otra enfermedad moderada crónica: Nivel 4,,
55851.0,1,896,Trastorno generalizado del desarrollo (autismo): Nivel 1,,
70015.0,1,990,Insuficiencia renal crónica - Otra enfermedad crónica dominante: Nivel 5,,
51913.0,1,135,Arterioesclerosis coronaria: Nivel 3,,
62214.0,1,944,Neoplasia de próstata y otra enfermedad moderada crónica: Nivel 4,,
50104.0,1,1071,Hidrocefalia y otras anomalías cerebrales: Nivel 4,,
50014.0,1,487,Diagnósticos neurológicos progresivos: Nivel 4,,
31951.0,1,779,Defectos del tabique auricular y ventricular: Nivel 1,,
86461.0,1,697,Neoplasias de cerebro y SNC: Nivel 1,,
56521.0,1,287,Leucemia linfática crónica: Nivel 1,,
61453.0,1,459,"Diabetes y otra enfermedad crónica, Nivel 2: Nivel 3",,
86571.0,1,672,Neoplasia de colón: Nivel 1,,
61436.0,1,1028,Diabetes y otra enfermedad moderada crónica: Nivel 6,,
51202.0,1,703,Labio leporino y paladar hendido: Nivel 2,,
10020.0,1,91,Parto con complicaciones sin otra enfermedad significativa,,
70105.0,1,643,Insuficiencia cardiaca - Diabetes - EPOC: Nivel 5,,
55853.0,1,338,Trastorno generalizado del desarrollo (autismo): Nivel 3,,
62606.0,1,650,Enfermedad dominante crónica y una o más enfermedades moderadas crónicas: Nivel 6,,
61523.0,1,768,"Enfermedad coronaria avanzada y otra enfermedad crónica, Nivel 2: Nivel 3",,
30182.0,1,301,Migraña: Nivel 2,,
50044.0,1,755,Enfermedad cerebrovascular con infarto o hemorragia intracraneal: Nivel 4,,
51342.0,1,774,Otros diagnósticos pulmonares crónicos mayores: Nivel 2,,
50074.0,1,830,Parálisis cerebral NOS: Nivel 4,,
61801.0,1,17,"Historia de fractura de cadera, edad > 64 y otra enfermedad dominante crónica: Nivel 1",,
61154.0,1,605,Insuficiencia cardiaca y demencia: Nivel 4,,
56611.0,1,280,Neoplasia de proteinas plasmáticas: Nivel 1,,
53493.0,1,1077,"Deformidades de pélvis, cadera y fémur: Nivel 3",,
70126.0,1,787,Insuficiencia cardiaca - Diabetes - Otra enfermedad crónica dominante: Nivel 6,,
61432.0,1,1001,Diabetes y otra enfermedad moderada crónica: Nivel 2,,
57444.0,1,291,Trastornos de la alimentación: Nivel 4,,
53521.0,1,490,Artropatía por cristales: Nivel 1,,
61524.0,1,675,"Enfermedad coronaria avanzada y otra enfermedad crónica, Nivel 2: Nivel 4",,
54423.0,1,74,"Diagnósticos endocrinos, nutricionales, hidroelectrolíticos e inmunes crónicos - Moderado: Nivel 3",,
86464.0,1,963,Neoplasias de cerebro y SNC: Nivel 4,,
90203.0,1,460,Diálisis sin diabetes: Nivel 3,,
86561.0,1,181,Leucemia no linfática aguda: Nivel 1,,
70602.0,1,245,Tres o más enfermedades crónicas dominantes: Nivel 2,,
51322.0,1,356,Anomalías respiratorias mayores: Nivel 2,,
61163.0,1,383,Insuficiencia cardiaca y otra enfermedad moderada crónica: Nivel 3,,
50123.0,1,752,Historia de accidente isquémico transitorio: Nivel 3,,
30802.0,1,893,Diagnósticos oculares crónicos - menor: Nivel 2,,
53943.0,1,1083,Espondiloartropatía y otras artropatías inflamatorias: Nivel 3,,
56532.0,1,43,Leucemia no linfática crónica: Nivel 2,,
61713.0,1,222,Esquizofrenia y otra enfermedad moderada crónica: Nivel 3,,
61232.0,1,351,EPOC y otra enfermedad moderada crónica,,
54792.0,1,528,Diagnósticos genitourinarios crónicos: Nivel 2,,
61121.0,1,505,Insuficiencia cardiaca y enfermedad vascular periférica: Nivel 1,,
20830.0,1,172,Diagnósticos de enfermedad mental mayor o abuso de drogas con otra enfermedad significativa,,
10150.0,1,417,"Diagnósticos gastrointestinales, hepáticos, renales o de hernia significativos sin otra enfermedad significativa",,
56073.0,1,685,Trastornos de la coagulación: Nivel 3,,
53911.0,1,380,Artritis reumatoide: Nivel 1,,
51862.0,1,430,Fibrilación auricular: Nivel 2,,
57064.0,1,553,Infecciones crónicas excepto tuberculosis: Nivel 4,,
61431.0,1,776,Diabetes y otra enfermedad moderada crónica: Nivel 1,,
61141.0,1,444,Insuficiencia cardiaca y otra enfermedad dominante crónica: Nivel 1,,
50142.0,1,475,Epilepsia: Nivel 2,,
52414.0,1,264,Varices en piernas con úlceras o inflamación: Nivel 4,,
20750.0,1,879,Diagnósticos ginecológicos mayores con otra enfermedad significativa,,
50072.0,1,517,Parálisis cerebral NOS: Nivel 2,,
57434.0,1,914,Esquizofrenia: Nivel 4,,
70416.0,1,676,Enfermedad coronaria avanzada - Dos o más enfermedades crónicas dominantes: Nivel 6,,
86493.0,1,31,Neoplasia renal: Nivel 3,,
53913.0,1,52,Artritis reumatoide: Nivel 3,,
55883.0,1,192,Retraso mental leve / moderado: Nivel 3,,
61306.0,1,951,Enfermedad cerebrovascular y diabetes,,
86654.0,1,1038,Linfoma no Hodgkin: Nivel 4,,
53542.0,1,141,Osteoporosis: Nivel 2,,
57471.0,1,857,trastornos bipolares: Nivel 1,,
90801.0,1,433,Cuadriplejia adquirida o estado vegetativo permanente: Nivel 1,,
61405.0,1,1060,Diabetes y enfermedad coronaria avanzada: Nivel 5,,
50754.0,1,1084,"Ceguera, pérdida de visión y diagnósticos oculares crónicos -Mayor/moderado: Nivel 4",,
86511.0,1,259,Neoplasia de aparato digestivo: Nivel 1,,
86642.0,1,729,Neoplasia genitourinaria: Nivel 2,,
61246.0,1,620,EPOC e hipertensión,,
86641.0,1,628,Neoplasia genitourinaria: Nivel 1,,
53504.0,1,198,Amputación y enfermedad ósea: Nivel 4,,
70133.0,1,37,Insuficiencia cardiaca - EPOC - Otra enfermedad crónica dominante: Nivel 3,,
61305.0,1,39,Enfermedad cerebrovascular y diabetes,,
86553.0,1,174,Leucemia linfática aguda: Nivel 3,,
50751.0,1,599,"Ceguera, pérdida de visión y diagnósticos oculares crónicos -Mayor/moderado: Nivel 1",,
70135.0,1,598,Insuficiencia cardiaca - EPOC - Otra enfermedad crónica dominante: Nivel 5,,
54424.0,1,826,"Diagnósticos endocrinos, nutricionales, hidroelectrolíticos e inmunes crónicos - Moderado: Nivel 3",,
86463.0,1,957,Neoplasias de cerebro y SNC: Nivel 3,,
54052.0,1,193,Diagnósticos significativos de piel y tejido subcutáneo: Nivel 2,,
57823.0,1,533,Abuso de cocaina: Nivel 3,,
61144.0,1,894,Insuficiencia cardiaca y otra enfermedad dominante crónica: Nivel 4,,
50111.0,1,706,Diagnósticos neuromusculares crónicos/Otros diagnósticos neurológicos - Moderado: Nivel 1,,
61116.0,1,227,Insuficiencia cardiaca y diabetes: Nivel 6,,
70313.0,1,886,EPOC - Dos o más enfermedades crónicas dominantes: Nivel 3,,
57502.0,1,202,Trastornos mayores de la personalidad: Nivel 2,,
54793.0,1,67,Diagnósticos genitourinarios crónicos: Nivel 3,,
61242.0,1,61,EPOC e hipertensión,,
90101.0,1,845,Diálisis con diabetes: Nivel 1,,
86632.0,1,79,Neoplasia de prostata: Nivel 2,,
53941.0,1,648,Espondiloartropatía y otras artropatías inflamatorias: Nivel 1,,
55891.0,1,210,Retraso en el desarrollo NOS/NEC/Mixto: Nivel 1,,
70102.0,1,919,Insuficiencia cardiaca - Diabetes - EPOC: Nivel 2,,
90703.0,1,197,"Cuadriplejia, diplejia o hemiplejia congénita: Nivel 3",,
56642.0,1,215,Neoplasia genitourinaria: Nivel 2,,
61811.0,1,365,"Historia de fractura de cadera, edad > 64 y otra enfermedad moderada crónica: Nivel 1",,
51821.0,1,42,Historia de Infarto Agudo de Miocardio: Nivel 1,,
50031.0,1,464,Hemiplejia adquirida: Nivel 1,,
53533.0,1,232,Sustitución de articulación: Nivel 3,,
51803.0,1,947,Otros diagnósticos cardiovasculares - mayor: Nivel 3,,
54771.0,1,997,Nefritis: Nivel 1,,
53443.0,1,147,"Historia de fractura de cadera, edad > 64 años: Nivel 3",,
57851.0,1,835,Abuso de otras sustancias significativas: Nivel 1,,
20720.0,1,840,Parto con complicaciones con otra enfermedad significativa,,
56102.0,1,164,Diagnósticos hematológicos crónicos e inmunes - Moderado: Nivel 2,,
8.0,1,8,"Neoplasias dominantes, metastásicas y complicadas",,
56054.0,1,985,Enfermedades inmunes y leucocitarias: Nivel 4,,
90803.0,1,265,Cuadriplejia adquirida o estado vegetativo permanente: Nivel 3,,
53482.0,1,572,Anomalía o curvatura de columna: Nivel 2,,
86563.0,1,771,Leucemia no linfática aguda: Nivel 3,,
61401.0,1,292,Diabetes y enfermedad coronaria avanzada: Nivel 1,,
34822.0,1,746,Reflujo vesiculoureteral: Nivel 2,,
54392.0,1,780,Diagnósticos endocrinos y metabólicos crónicos - Mayor: Nivel 2,,
61145.0,1,432,Insuficiencia cardiaca y otra enfermedad dominante crónica: Nivel 5,,
50124.0,1,948,Historia de accidente isquémico transitorio: Nivel 4,,
51864.0,1,811,Fibrilación auricular: Nivel 4,,
62904.0,1,905,"Enfermedad psiquiátrica (excepto esquizofrenia) y otra enfermedad crónica, Nivel 2: Nivel 4",,
61161.0,1,330,Insuficiencia cardiaca y otra enfermedad moderada crónica: Nivel 1,,
61125.0,1,439,Insuficiencia cardiaca y enfermedad vascular periférica: Nivel 5,,
86502.0,1,975,Neoplasia de ovario: Nivel 2,,
61506.0,1,594,Enfermedad coronaria avanzada y otra enfermedad dominante crónica: Nivel 6,,
62702.0,1,777,Otras dos enfermedades crónicas moderadas: Nivel 2,,
52371.0,1,667,Enfermedades arteriales y venosas crónicas - mayor: Nivel 1,,
20740.0,1,127,Embarazo sin parto con otra enfermedad significativa,,
50141.0,1,850,Epilepsia: Nivel 1,,
62802.0,1,233,"Neoplasia de mama y otra enfermedad crónica, Nivel 2: Nivel 2",,
70023.0,1,431,Insuficiencia renal crónica - Dos o más enfermedades crónicas dominantes: Nivel 3,,
62404.0,1,900,Otra enfermedad dominante crónica y asma: Nivel 4,,
90901.0,1,805,Espina bífida: Nivel 1,,
61422.0,1,633,Diabetes y asma: Nivel 2,,
32742.0,1,759,Diagnósticos gastrointestinales crónicos - menor: Nivel 2,,
62902.0,1,946,"Enfermedad psiquiátrica (excepto esquizofrenia) y otra enfermedad crónica, Nivel 2: Nivel 2",,
34082.0,1,361,Neoplasias de piel: Nivel 2,,
53503.0,1,778,Amputación y enfermedad ósea: Nivel 3,,
35251.0,1,450,Otros diagnósticos ginecológicos crónicos: Nivel 1,,
70306.0,1,212,EPOC - Enfermedad coronaria avanzada - Otra enfermedad crónica dominante: Nivel 6,,
86534.0,1,275,Leucemia no linfática crónica: Nivel 4,,
61412.0,1,148,Diabetes y otra enfermedad dominante crónica: Nivel 2,,
86514.0,1,402,Neoplasia de aparato digestivo: Nivel 4,,
62614.0,1,377,"Enfermedad dominante crónica y otra enfermedad crónica, Nivel 2: Nivel 4",,
51171.0,1,436,Anomalías del cráneo y de los huesos faciales: Nivel 1,,
51832.0,1,580,Angina y cardiipatía isquémica: Nivel 2,,
20300.0,1,922,"Enfermedad aguda significativa, excluyendo ORL",,
33581.0,1,724,Diagnósticos articulares y musculoesqueléticos crónicos - menor: Nivel 1,,
61402.0,1,815,Diabetes y enfermedad coronaria avanzada: Nivel 2,,
10130.0,1,293,Diagnósticos de enfermedad mental mayor o abuso de drogas sin otra enfermedad significativa,,
70024.0,1,308,Insuficiencia renal crónica - Dos o más enfermedades crónicas dominantes: Nivel 4,,
61425.0,1,612,Diabetes y asma: Nivel 5,,
57513.0,1,596,Diagnósticos de salud mental crónicos - Moderado: Nivel 3,,
56064.0,1,1090,Anemia de células falciformes: Nivel 4,,
61603.0,1,727,Demencia y otra enfermedad dominante crónica: Nivel 3,,
86552.0,1,73,Leucemia linfática aguda: Nivel 2,,
61101.0,1,448,EPOC e Insuficiencia cardiaca: Nivel 1,,
51772.0,1,974,Anomalías cardiacas septales mayores y cianóticas complejas: Nivel 2,,
37891.0,1,350,Diagnósticos relacionados con el abuso de drogas: Nivel 1,,
31012.0,1,242,Otros diagnósticos crónicos de ORL: Nivel 2,,
70101.0,1,674,Insuficiencia cardiaca - Diabetes - EPOC: Nivel 1,,
62411.0,1,829,Asma y otra enfermedad moderada crónica: Nivel 1,,
86651.0,1,602,Linfoma no Hodgkin: Nivel 1,,
54733.0,1,213,Insuficiencia renal crónica: Nivel 3,,
50131.0,1,103,Enfermedad cerebrovascular sin infarto: Nivel 1,,
35921.0,1,289,Enfermedades del desarrollo del lenguaje: Nivel 1,,
70234.0,1,846,Diabetes - Dos o más enfermedades crónicas dominantes: Nivel 4,,
10100.0,1,853,Diagnósticos de neoplasia sin otra enfermedad significativa,,
52703.0,1,482,Diagnósticos gastrointestinales crónicos - moderado: Nivel 3,,
55852.0,1,437,Trastorno generalizado del desarrollo (autismo): Nivel 2,,
51903.0,1,557,Estado de dispositivo cardiaco: Nivel 3,,
54051.0,1,367,Diagnósticos significativos de piel y tejido subcutáneo: Nivel 1,,
62425.0,1,1088,Asma e hipertensión: Nivel 5,,
