cod_prinactivo,Frequency.3,codes,spanish description,english description,comment
300127A,85,1096,BOLSAS RESINA SINTETICA MICROPORO Y FILTRO,,
1769A,69,255,IBUPROFENO,,
1543A,66,200,FENTANILO,,
12A,62,158,PARACETAMOL,,
125CL,59,145,SODIO CLORURO,,
54A,43,1435,HIDROCORTISONA,,
100418A,42,60,ALERGENOS LETI,,
300250A,40,1121,ESPECIALES,,
108A,39,92,AMOXICILINA,,
2389A,38,892,TRAMADOL,,
200029A,36,314,AMOXICILINA + CLAVULANICO ACIDO,,
300065A,35,1085,BOLSAS ILEOST RESINA SINTETICA MICROPORO FILTRO,,
300171A,34,1099,BOLSAS SISTEMA DOBLE PLACA C-ESP,,
300380A,34,1158,BOLSAS UROST SIST DOBLE PLACA,,
418A,33,1389,METOTREXATO,,
501311LR,33,2041,ALERGENOS ALK,,
300014A,33,1077,APOSITOS B OSTOM ARO RES SINT MIC,,
7201A,31,1502,RISPERIDONA,,
136A,30,168,SALICILICO ACIDO,,
2049A,30,793,CIPROFLOXACINO,,
1842A,29,274,LEVOTIROXINA,,
2291A,29,860,BUDESONIDA,,
501279LR,28,1802,ALERGENOS DIATER,,
501309LR,27,1416,ALERGENOS STALLERGENES,,
888A,26,1640,METILPREDNISOLONA,,
300489A,26,1180,GASA ESTERIL ALGODON HIDROFILO COMPRESA,,
200756A,26,524,ALERGENOS BIAL,,
300184A,25,1102,BOLSAS UROST SIST DOBLE PLAC C-ESP,,
300080A,25,1086,BOLSAS ILEOST SIST DOBLE PLAC C-ESP,,
2406A,25,898,NICOTINA,,
501296LR,24,1720,ALERGENOS ALLERGY THERAPEUTICS,,
745A,24,1543,DICLOFENACO,,
2816A,24,1022,SILDENAFILO,,
300012A,24,1075,APOSITOS B OSTOM ARO RES SINT,,
300484A,24,1176,SONDA VESICAL BAJA FRICCION NELATÓN MUJER,,
300161A,24,1098,BOLSAS SISTEMA DOBLE PLACA,,
501310LR,23,2116,ALERGENOS PROBELTE PHARMA,,
3404A,23,1333,HIALURONICO ACIDO,,
2482A,23,919,ENOXAPARINA,,
160A,23,219,ESTRADIOL,,
1982A,22,305,MORFINA,,
7430A,22,1540,DARBEPOETIN ALFA,,
300217A,22,1118,COMPLETAS POLIMERICAS NORMOPROTEICA HIPERCALORICA,,
2770A,22,1003,OLANZAPINA,,
300701A,21,1213,MODULOS ESPESANTES,,
300365A,21,1154,SONDA VESICAL SILICONA,,
2752A,20,993,TINZAPARINA,,
300753A,20,1233,APOSITO BASE CON BORDE,,
722A,20,1504,DEXAMETASONA,,
300658A,20,1199,COMPLETAS POLIMERICAS NORMOPROTEICA HIPERCALORICA CON FIBRA,,
125BI,20,144,SODIO BICARBONATO,,
3735A,20,1356,DILTIAZEM,,
2694A,19,972,TACROLIMUS,,
2858A,19,1033,ESCITALOPRAM,,
300765A,19,1242,APOSITO DE ESPUMA POLIURETANO CON BORDE,,
233A,19,875,ACETILCISTEINA,,
300347A,19,1140,MODULOS DE VITAMINAS Y MINERALES,,
1395A,19,181,DOXICICLINA,,
300689A,19,1205,COMPLETA POLIMERICA HIPERPROTEICA HIPERCALORICA,,
1419A,19,183,ERITROMICINA,,
300095A,19,1088,BOLSAS KARAYA ADHESIVO MICROPORO Y FILTRO,,
300573A,18,1188,BOLSAS ILEOST SIST DOBLE PLACA ACOPLAM ADH,,
2817A,18,1023,BEMIPARINA,,
2141A,18,816,OMEPRAZOL,,
300695A,18,1209,COMPLETA POLIMERICA HIPERPROTEICA HIPERCALORICA CON FIBRA,,
119A,18,129,GLUCOSA*,,
300363A,18,1152,SONDA VESICAL LATEX,,
967A,18,1664,CLARITROMICINA,,
300218A,18,1119,COMPLETA POLIMERICA NORMOPROTEICA NORMOCALORICA,,
727A,17,1512,DEXTROMETORFAN,,
300045A,17,1084,BOLSAS ILEOST RESINA SINTETICA ADHESIVO MICROPORO,,
150A,17,197,FLUOCINOLONA,,
100391A,17,50,BACTERIAS PROBELTE PHARMA,,
300725A,17,1226,ABSORBENTE INC ORINA SUP-NOC ELAST ANAT,,
300179A,17,1101,BOLSAS UROST RES SINT ADH  MIC,,
814A,17,1567,BUPRENORFINA,,
200795A,17,536,ETINILESTRADIOL + DROSPIRENONA,,
300483A,17,1175,SONDA VESICAL BAJA FRICCION NELATON HOMBRE,,
176A,17,256,ACETILSALICILICO ACIDO,,
491A,17,1409,BETAMETASONA,,
828A,17,1581,CEFUROXIMA,,
2104A,17,804,MESALAZINA,,
3773A,17,1361,METILFENIDATO,,
300763A,16,1241,APOSITO DE ESPUMA POLIURETANO,,
100406A,16,1845,ALERGENOS INMUNOTEK,,
300724A,16,1225,ABSORBENTE INC ORINA NOC ELAST ANAT,,
100405A,16,2022,ALERGENOS INMUNAL,,
501179LR,16,1948,ALERGENOS EUROFAR ALERGI,,
2498UI,16,2068,EPOETINA ZETA,,
300699A,16,1212,MODULOS PROTEINA ENTERA,,
300613A,16,1192,BOLSAS COLOST SIST DOBLE PLACA ACOPLAMIENTO ADHESIVO,,
300084A,15,1087,BOLSAS ILEOST SISTEMA DOBLE PLACA,,
100267A,15,17,CREMA HIDRATANTE CORPORAL,,
2695A,15,973,SOMATROPINA,,
7423A,15,1538,VALSARTAN,,
100400A,15,1985,VENENO DE HIMENOPTEROS,,
656A,15,1470,CLORHEXIDINA,,
2498HW,15,923,EPOETINA ALFA,,
1037A,14,76,NITROGLICERINA,,
1075A,14,85,RIVASTIGMINA,,
513A,1,1424,BROMHEXINA,,
7007A,1,1486,APRACLONIDINA,,
8281A,1,1580,RIVAROXABAN,,
761A,1,1545,DIFENHIDRAMINA,,
1164A,1,114,TIAPRIDA,,
2991A,1,2107,OMALIZUMAB,,
201283A,1,740,ACIDO RETINOICO + BETAMETASONA DIPROPIONATO + ACIDO SALICILICO + UREA,,
200470A,1,432,VALSARTAN + HIDROCLOROTIAZIDA,,
200093A,1,330,CIANOCOBALAMINA + ACIDO FOLICO,,
300424A,1,1166,VENDA GASA HIDROFILA,,
2207A,1,838,PROCAINAMIDA,,
300111A,1,1092,BOLSAS RECOGIDA ORINA PIERNA,,
300627A,1,1834,SIST.INC.ORINA OCLUSIVO HOMBRE,,
100286A,1,27,COMPLEMENTO ALIMENTICIO PIEL Y FANERAS,,
200511A,1,440,SULPIRIDA + DIAZEPAM,,
87A,1,1636,BISACODILO,,
2636A,1,958,HAEMOPHILLUS INFLUENZAE TIPO B,,
8046A,1,2222,HISTRELINA,,
200271A,1,381,ISONIAZIDA + PIRIDOXINA,,
324A,1,1314,GOMA GUAR,,
201128A,1,660,SOLUCION ELECTROLITOS + ZINC,,
1651B,1,1942,GLICERINA*,,
2892A,1,1043,TADALAFILO,,
300270A,1,1131,GASA ALGODON HIDROFILO NO ESTERIL,,
7320A,1,1519,INSULINA LISPRO ACCION RAPIDA,,
300343A,1,1136,MUÑEQUERA,,
3895A,1,1377,CEFONICID,,
7089A,1,2098,FILGRASTIMA,,
200869A,1,572,CLORFENAMINA + TRAMAZOLINA,,
201199A,1,1963,CICLOMETICONA + DIMETICONA,,
8277A,1,1578,PITAVASTATINA,,
200412A,1,2182,SOLUCION GLUCOPLURISALINA,,
100297A,1,31,GEL HIDRATANTE VAGINAL,,
3867A,1,2273,VIRUS RABIA,,
300346A,1,1139,MODULOS AMINOACIDOS,,
2044A,1,791,CEFTIBUTENO,,
8458A,1,1951,FIDAXOMICINA,,
200343A,1,2135,OXPRENOLOL + CLORTALIDONA,,
123QE,1,1900,POTASIO CLORATO,,
8492A,1,2032,AXITINIB,,
8612A,1,1797,REGORAFENIB,,
77A,1,1549,SUCRALFATO,,
204A,1,2149,ICODEXTRINA,,
200809A,1,1859,DEXTRANO 70 + HIPROMELOSA,,
100433A,1,1926,NINTEDANIB,,
1631A,1,226,GAMMAGLOBULINA ANTITETANICA,,
1359A,1,166,METFORMINA,,
684A,1,1478,COLESTIRAMINA,,
200324A,1,400,NEOMICINA + CENTELLA ASIATICA EXTO,,
200005A,1,310,ACETILSALICILICO ACIDO + CODEINA + CAFEINA,,
300410A,1,1163,GASA ESTERIL ALGODON HIDROFILO TIRA,,
201292A,1,744,METILTIONINIO + TETRIZOLINA,,
300727A,1,1228,BOLSAS UROST RES SINT ADH MIC CONVEXA,,
1136A,1,106,QUETIAPINA,,
300681A,1,1202,GELIFICADOR BOLSAS ILEOSTOMIA,,
1490A,1,2129,FACTOR IX,,
3874A,1,1373,FOSFOGLICOPEPTICAL,,
200079A,1,323,CALCIO CARBONATO + COLECALCIFEROL,,
200912A,1,1997,OTROS PRODUCTOS TERAPEUTICOS ANTIHEPATICOS,,
201367A,1,781,ACLIDINIO + FORMOTEROL,,
200298A,1,392,MEDROXIPROGESTERONA + ESTRADIOL,,
449WT,1,1915,AZUFRE PRECIPITADO*,,
890A,1,1642,TESTOSTERONA,,
300715A,1,1840,VENDAJE COMPRESIÓN MULTICAPA,,
2736A,1,988,TACALCITOL,,
201260A,1,2096,ARTENIMOL+PIPERAQUINA TETRAFOSFATO TETRAHIDRATO,,
300364A,1,1153,SONDA VESICAL NELATON,,
1661A,1,236,GLIPIZIDA,,
200733A,1,511,FLUOCINOLONA + FRAMICETINA + LIDOCAINA,,
200972A,1,622,PARACETAMOL + CLORFENAMINA + DEXTROMETORFANO + ACIDO ASCORBICO + CAFEINA,,
1781A,1,260,IODO,,
2762A,1,1000,ACIDO IBANDRONICO,,
8453A,1,1603,ASENAPINA,,
300876A,1,2272,APOSITO ESPUMA POLIURETANO CON ADHESIVO Y BORDE SILICONA,,
201022A,1,2193,"ANTIGENO POLISACARIDO MENINGOCOCO A,C,W,Y",,
7034A,1,1491,CABERGOLINA,,
200357A,1,414,PARACETAMOL + CODEINA + PROPIFENAZONA  +  CAFEINA + BENFOTIAMINA,,
2470A,1,916,FOSINOPRIL,,
2769A,1,1002,EOSINA*,,
201076A,1,636,NEBIVOLOL + HIDROCLOROTIAZIDA,,
81A,1,1569,NEOMICINA*,,
612A,1,2117,CITRULINA,,
1839A,1,271,LEVOMEPROMAZINA,,
1957A,1,299,METOCARBAMOL,,
200936A,1,1781,CLORFENAMINA + DEXAMETASONA + NEOMICINA + LISOZIMA,,
8451A,1,1602,PRUCALOPRIDA,,
9097A,1,1651,DULAGLUTIDA,,
300730A,1,1229,BOLSA DRENAJE,,
2208A,1,839,PROCICLIDINA,,
100324A,1,37,CREMA HIDRATANTE PIES,,
201335A,1,770,MELATONINA + B6 + ZINC + L-TRIPTOFANO,,
300200A,1,1105,BRAGUERO INGUINAL IZQUIERDO,,
1742A,1,253,HIERRO,,
200987A,1,623,FRUCTOSA + MANITOL + SACARINA SODICA,,
300203A,1,1108,CANULA LARINGUECTOMIA,,
8001A,1,1551,AGUA MARINA,,
869B,1,1695,EDTA,,
2374A,1,2201,TERLIPRESINA,,
8266A,1,1786,ETRAVIRINA,,
63PK,1,1466,CITRATO POTASICO*,,
613A,1,2274,CLEMASTINA,,
2570A,1,939,OXCARBAZEPINA,,
2109A,1,806,OXICONAZOL,,
304A,1,1688,ACEITE ALMENDRAS DULCES,,
200370A,1,415,POLIMIXINA B + TRIMETOPRIMA,,
200265A,1,378,INSULINA HUMANA ACCION INTERMEDIA,,
200737A,1,513,EPROSARTAN + HIDROCLOROTIAZIDA,,
300726A,1,1227,BOLSAS RECOGIDA ORINA PIERNA MULTICANAL,,
7019A,1,1490,AZITROMICINA,,
200888A,1,2057,ARENARIA RUBRA + CYNODON DACTYLON + SIDERITIS ANGUSTIFOLIA + BOLDO HOJA + CHUMBERA + ROSMARINUS OFFICINALIS + EQUISETUM ARVENSE + MELISSA OFFICINALIS,,
2831A,1,1027,NADIFLOXACINO,,
200416A,1,428,SOLUCION GLUCOSALINA,,
3198A,1,1308,VASELINA*,,
8261A,1,2000,AMBRISENTAN,,
2885A,1,1041,OSELTAMIVIR,,
200340A,1,406,OXIBUPROCAINA + TETRACAINA,,
200867A,1,1741,ALCOHOLES GRASOS SULFONADOS + BIOTINA,,
300742A,1,1231,AGUJA PLUMAS INSULINA,,
201360A,1,1831,ERITROMICINA + BENZOLIO PEROXIDO + AC. SALICILICO,,
200273A,1,382,ISONIXINO + SALICILATO METILO,,
731A,1,2059,DIAZOXIDO,,
300830A,1,1876,APOSITO HIDROFIBRA CON SILICONA,,
200606A,1,462,SALMETEROL + FLUTICASONA (25/125),,
201275A,1,733,CLINDAMICINA + TRETINOINA,,
200744A,1,516,VIBRIO CHOLERAE + TOXINA COLERA RECOMBINANTE,,
200850A,1,560,RETINOL + GENTAMICINA + METIONINA,,
300610A,1,1191,OBTURADOR ANAL,,
200291A,1,391,MAGNESIO HIDROXIDO + ALUMINIO HIDROXIDO,,
2586A,1,945,PAROXETINA,,
3108A,1,1289,TETRIZOLINA,,
300792A,1,1261,APOSITO DE HIDROCOLOIDE Y ALGINATO,,
200861A,1,567,PREPARADOS NASALES CORTICOIDES,,
200215A,1,361,FLUOCINOLONA + ANTIBIOTICOS,,
2209A,1,840,PROGESTERONA,,
2843A,1,1030,MIDODRINA,,
7016A,1,1489,TRANDOLAPRIL,,
1942A,1,295,METILCELULOSA*,,
300466A,1,1167,VENDA DE MALLA HIDROFILA CAMBRIC,,
2373A,1,2153,PROPOFOL,,
300842A,1,1274,BOLSA SISTEMA DOBLE PLACA C-ESP TRANSPARENTE,,
497A,1,1411,IOHEXOL,,
2364A,1,885,CETIRIZINA,,
2509A,1,2053,PAMIDRONATO,,
1788A,1,1793,ISOLEUCINA,,
100305A,1,2075,CREMA DEPILATORIA,,
200476A,1,2248,VIRUS POLIO TRIVALENTE,,
200040A,1,315,ASOCIACIONES ALUMINIO + MAGNESIO + CALCIO,,
200076A,1,322,BUCLIZINA + ASOCIACION,,
200742A,1,2008,TENOFOVIR + EMTRICITABINA,,
200741A,1,515,TIMOLOL + DORZOLAMIDA,,
2835A,1,1028,TRAVOPROST,,
201272A,1,730,FLUOCINONIDA + GENTAMICINA,,
8002A,1,1691,GLUCOMANANO,,
300841A,1,1742,APOSITO DE HIDROFIBRA DE HIDROCOLOIDE CON SULFADIAZINA ARGENTICA,,
100331A,1,1784,AGUJA INSULINA,,
1181A,1,1936,GANIRELIX (D.O.E),,
3203A,1,1309,VERAPAMILO,,
200403A,1,426,SALES PARA REHIDRATACION ORAL,,
300010A,1,1073,ALGODON ZIG-ZAG MEZCLA,,
2485A,1,920,NAFTIFINA,,
51A,1,1427,ESTREPTOMICINA,,
501283LR,1,1867,BACTERIAS GENERFARMA,,
2305A,1,1977,INTERFERON BETA HUMANO,,
318A,1,1304,ALOPURINOL,,
3212A,1,1310,VINCAMINA,,
201168A,1,680,ZINC ACETATO + EOSINA,,
8392A,1,1766,PAZOPANIB,,
200100A,1,333,CLEBOPRIDA + SIMETICONA,,
300390A,1,1160,VENDA ELASTICA ADHESIVA,,
2807A,1,1018,RIZATRIPTAN,,
2886A,1,2264,PARECOXIB,,
148A,1,195,EFEDRINA,,
2108A,1,805,KETOROLACO,,
200383A,1,421,PROPIFENAZONA + CAFEINA + PIRIDOXINA + TIAMINA,,
200863A,1,569,AMILMETACRESOL + DICLOROBENCILICO ALCOHOL,,
200776A,1,1782,BACTERIAS INMUNAL,,
200975A,1,1991,"VIRUS PAPILOMA HUMANO (TIPOS 16 Y 18) RECOMBINANTE ADYUVADA, ADSORBIDA",,
2647A,1,961,PERMETRINA,,
3270A,1,1321,GINKGO BILOBA,,
201224A,1,706,PROTEINAS SUERO LECHE + METIONINA + VITAMINA E,,
2277A,1,856,ALBENDAZOL,,
8279A,1,1579,LACOSAMIDA,,
7075A,1,1751,DIDANOSINA,,
7403A,1,1532,RALOXIFENO,,
617A,1,1455,CLIOQUINOL,,
1226B,1,2011,SEN,,
300760A,1,1238,APOSITO DE CARBON CON PLATA,,
141A,1,1713,NICOTINAMIDA*,,
1930A,1,292,METENOLONA ENANTATO,,
200479A,1,1917,ANTIESPASMODICOS URINARIOS EN ASOCIACION,,
100330A,1,39,TOALLITA DESMAQUILLANTE OCULAR,,
1322A,1,1727,DROPERIDOL,,
300348A,1,1141,MODULOS HIDROCARBONADOS,,
200408A,1,2181,SOL. DIALISIS PERITONEAL (AMINOACIDOS + GLUCOSA + ELECTROLITOS),,
1128A,1,103,PROMESTRIENO,,
1377A,1,170,DIPIRIDAMOL,,
200923A,1,595,DEXTROMETORFAN + BENZOATO SODICO,,
2893A,1,1044,DUTASTERIDE,,
300420A,1,1165,VENDA DE GASA HIDROFILA CAMBRIC,,
100277A,1,23,ENJUAGUE BUCAL,,
1548A,1,202,FERROCOLINATO,,
300718A,1,1221,LANCETAS,,
125ÑA,1,147,SODIO FOSFATO DIBASICO ANHIDRO,,
2699A,1,1809,ANAKINRA,,
813A,1,1566,ADRENALINA,,
780A,1,2166,DIHIDROERGOTOXINA,,
3221A,1,1312,WARFARINA,,
2525A,1,928,LODOXAMIDA,,
201400A,1,784,ESTRADIOL + DROSPIRENONA,,
201207A,1,701,ISOTRETINOINA+ERITROMICINA,,
2888A,1,1042,PIMECROLIMUS,,
200891A,1,584,GUAIFENESINA + PSEUDOEFEDRINA + TRIPROLIDINA,,
7421A,1,1537,DULOXETINA,,
200129A,1,341,DEANOL + HEPTAMINOL,,
201356A,1,1893,ACIDO RETINOICO + BETAMETASONA DIPROPIONATO + ACIDO SALICILICO,,
300342A,1,1135,MUSLERA,,
200473A,1,434,VIRUS GRIPE  ENTERO INACTIVADO,,
100350A,1,46,EMULSION CALMANTE,,
2748A,1,1714,ESTAVUDINA,,
201247A,1,714,PSEUDOEFEDRINA + DEXBROMFENIRAMINA,,
525A,1,1429,BUMETANIDA,,
2267A,1,853,DALTEPARINA,,
200829A,1,2252,TE VERDE + RIBES NIGRUM EXTO.,,
979A,1,1667,MEGLUMINA*,,
2546A,1,932,DEFLAZACORT,,
963A,1,1663,PREDNICARBATO,,
1155A,1,111,SEVELAMERO,,
200879A,1,579,CLORCICLIZINA + GUAFENESINA + CODEINA + CINEOL,,
3254A,1,1316,KETAZOLAM,,
100289A,1,29,LECHE LIMPIADORA,,
100260A,1,11,CREMA HIDRATANTE DE MANOS,,
193A,1,294,PIRIGLUTINA,,
200113A,1,335,CLORFENAMINA + DIFENHIDRAMINA + FENILEFRINA,,
2661A,1,965,CALCIPOTRIOL,,
403A,1,1385,MELFALAN,,
518A,1,1425,ETOPOSIDO,,
594A,1,1447,CICLOPENTOLATO,,
100402A,1,53,LOCION ANTICAIDA,,
1982CH,1,1946,MORFINA CLORHIDRATO,,
200046A,1,317,ATENOLOL + CLORTALIDONA,,
200641A,1,482,METOCARBAMOL + PARACETAMOL,,
1657A,1,233,GLICLAZIDA,,
200477A,1,436,VIRUS SARAMPION + PAROTIDITIS + RUBEOLA,,
300338A,1,1134,MEDIA COMP FUERTE,,
200855A,1,2140,SALICILATO DIETILAMINA + CASTAÑO DE INDIAS,,
8441A,1,1677,CRIZOTINIB,,
2445A,1,907,PROTEINSUCCINILATO DE HIERRO,,
8191A,1,1568,ROFLUMILAST,,
201311A,1,1832,ALOE VERA + ARBOL DE TE + CALENDULA,,
200962A,1,2191,MANITOL + CLORURO POTASIO + GLUCOSA,,
1253A,1,143,NATEGLINIDA,,
300486A,1,1178,SONDA VESICAL BAJA FRICCION TIEMANN,,
585CL,1,1445,CETILPIRIDINIO CLORURO,,
899A,1,1644,KETOTIFENO,,
2474A,1,1929,TEICOPLANINA,,
201013A,1,626,INSULINA ASPARTA + INSULINA ASPARTA PROTAMINA,,
302A,1,1284,ALIMEMAZINA,,
1173A,1,1709,UBIDECARENONA,,
8256A,1,1572,COLESEVELAM,,
2495A,1,921,OCTREOTIDA,,
201262A,1,725,COLECALCIFEROL + CALCIO + MAGNESIO + LACTOBACILLUS SPOROGENES + EXTRACTO DE SOJA + EXTRACTO DE MAGNOLIA,,
300757A,1,1236,APOSITO DE ALGINATO CON  Zn+Mn+Ca,,
2974A,1,1060,ATOMOXETINA,,
7429A,1,1539,DIENOGEST(D.C.I.- R),,
8045A,1,2085,SUNITINIB,,
201135A,1,664,FOSFATO CALCICO + GLUCONATO CALCICO,,
200750A,1,519,AMLODIPINO + ATORVASTATINA,,
8565A,1,1612,NEPAFENACO,,
200793A,1,534,BENZOCAINA + TIROTRICINA + CLORHEXIDINA,,
300692A,1,1207,FORMULAS COMPLETAS OLIGOMERICAS HIPERPROTEICAS,,
200610A,1,466,SALMETEROL + FLUTICASONA (50/500),,
100419A,1,61,GEL PIERNAS CANSADAS,,
111A,1,100,METAMIZOL,,
100251A,1,9,ARANDANO (VACCINIUM MYRTILLUS),,
2223A,1,846,OFLOXACINO,,
1178A,1,123,ETONOGESTREL,,
300837A,1,2064,APOSITO DE CELULOSA CON PETROLATO,,
2339A,1,874,ALMASILATO,,
234A,1,879,TETRIDAMINA,,
2167A,1,827,PIZOTIFENO,,
300491A,1,1181,MEDIA COMP NORMAL,,
300632A,1,1196,SONDA VESICAL BAJA FRICCION TIEMANN CON BOLSA DE RECOGIDA DE ORINA,,
300808A,1,1892,APOSITO DE CELULOSA,,
100349A,1,45,POMADA PROTECTORA,,
856A,1,1614,DIFLUCORTOLONA,,
3899A,1,1379,MITOTANO,,
200944A,1,606,IBUPROFENO + CODEINA,,
123MJ,1,141,POTASIO PERMANGANATO,,
200862A,1,568,BROMHEXINA + DIFENHIDRAMINA + CODEINA + EFEDRINA,,
201263A,1,2029,ACIDOS OMEGA 3 + LUTEINA + ZEAXANTINA + ASTAXANTINA,,
2641A,1,960,GABAPENTINA,,
1401A,1,2031,ECHINEACEA ANGUSTIFOLIA,,
200185A,1,358,ESTREPTOQUINASA + ESTREPTODORNASA,,
200753A,1,521,OLMESARTAN + HIDROCLOROTIAZIDA,,
201323A,1,760,SULFATO DE COBRE + SULFATO DE ZINC,,
2841A,1,1029,MANIDIPINO,,
1776A,1,259,INDAPAMIDA,,
300268A,1,1130,FORMULAS ESPECIALES SIN LACTOSA PARA LACTANTES,,
300814A,1,2214,SISTEMA FIJACION VIAS CENTRALES,,
300768A,1,1244,APOSITO DE ESPUMA POLIURETANO CON HIDROCOLOIDE E HIDROFIBRA,,
100367A,1,1821,COLLARIN,,
300863A,1,1844,MASCARILLA PARA CAMARA INHALACION ADULTOS,,
2155A,1,823,PIRIDOSTIGMINA,,
200859A,1,566,BREA DE HULLA + ACIDO SALICILICO,,
671A,1,1473,CLORPROMAZINA,,
200127A,1,340,COTRIMOXAZOL ( SULFAMETOXAZOL + TRIMETOPRIM ),,
200322A,1,2133,NEOMICINA + BACITRACINA + ZINC OXIDO,,
1160A,1,2093,OCTOCOG ALFA,,
200609A,1,465,SALMETEROL + FLUTICASONA (50/250),,
226A,1,854,ACETAZOLAMIDA,,
100458A,1,69,BACTERIAS ACIDO LACTICAS + PREBIOTICOS,,
201306A,1,749,EXTO LLANTEN + EXTO GRINDELIA + EXTO HELICRISO + MIEL + ACEITES ESENCIALES,,
2718A,1,2079,ECHINACEA PURPUREA JUGO,,
200375A,1,419,POTASIO CLORURO + SODIO CLORURO,,
8087A,1,1560,RETAPAMULINA,,
2936A,1,1054,FERRIMANITOL OVOALBUMINA,,
100411A,1,56,LACTOBACILLUS RHAMNOSUS CEPA GG,,
2933A,1,1052,ARIPIPRAZOL,,
200782A,1,2250,FENILEFRINA + ESCOPOLAMINA + ATROPINA,,
1394A,1,180,DOXEPINA,,
8621A,1,1916,TRAMETINIB,,
300002A,1,1066,ABSORBENTE INC ORINA SUP-NOC RECT,,
132A,1,161,CARMELOSA,,
300815A,1,1983,SISTEMA FIJACION DE VIAS PEDIATRICO,,
7322A,1,1520,EBERCONAZOL,,
2204A,1,837,PRIMIDONA,,
9079A,1,2048,DASABUVIR,,
2436A,1,906,ITRACONAZOL,,
2273A,1,855,RIFAMPICINA,,
300755A,1,1702,APOSITO CON CARBON,,
3532A,1,1798,THOMIL,,
2797A,1,1016,ZOLMITRIPTAN,,
200488A,1,437,CIPROTERONA + ESTRADIOL,,
648A,1,1468,CLORAZEPATO DIPOTASICO,,
1105A,1,96,RABEPRAZOL,,
200562A,1,2137,FENAZOPIRIDINA + SULFAMETIZOL,,
201264A,1,726,FORTASYN CONNECT,,
2498OV,1,2070,METOXI-POLIETILENGLICOL-EPOETINA BETA,,
167A,1,240,INDOMETACINA,,
300033A,1,1083,BOLSAS ILEOST RESINA SINTETICA,,
300779A,1,1252,APOSITO DE ESPUMA POLIURETANO EXTRAFINO CON SILICONA,,
183A,1,2038,LACTICO ACIDO*,,
3882A,1,1375,KETOCONAZOL,,
2758A,1,997,LETROZOL,,
2579A,1,943,LAMOTRIGINA,,
90A,1,1652,TRIMETOPRIM,,
200355A,1,412,PARACETAMOL + CODEINA + ASCORBICO ACIDO,,
2946A,1,1057,AMINOLEVULINICO ACIDO,,
200653A,1,485,BALSAMO PERU + BENZOCAINA + BISMUTO NITRATO + ESTRONA + ERGOCALCIFEROL + RETINOL,,
2724A,1,982,HIDROMORFONA,,
200864A,1,1998,SALICILICO ACIDO + BENZOCAINA,,
8008A,1,2118,HIDROETILCELULOSA,,
8620A,1,1621,LIXISENATIDA,,
2846A,1,1031,BROMURO DE TIOTROPIO (D.O.E),,
8019A,1,2061,FENOTRINA,,
1063A,1,81,REPAGLINIDA,,
200299A,1,393,MEDROXIPROGESTERONA + TETRIZOLINA,,
2097A,1,800,NISOLDIPINO,,
1360A,1,167,PENICILAMINA,,
1619A,1,221,FUSIDICO ACIDO,,
724A,1,1508,DEXCLORFENIRAMINA,,
365A,1,1349,TEOFILINA,,
2757A,1,996,LERCANIDIPINA,,
200350A,1,409,PARACETAMOL + ASCORBICO ACIDO,,
428A,1,1390,CICLOPIROX,,
200086A,1,327,CANDESARTAN + HIDROCLOROTIAZIDA,,
21A,1,1855,CALCIO,,
201147A,1,667,ACEITE GOMENOLADO,,
9999A,1,1673,AGUA PARA INYECCION,,
2596A,1,952,SUMATRIPTAN,,
2024A,1,787,HIDROQUINONA,,
1794DT,1,263,ISOSORBIDA DINITRATO,,
100490A,1,70,ABOSRBENTE INC ORINA SUPER NOCHE PANTS,,
1046A,1,78,BARIO SULFATO,,
3556A,1,1342,ETILO CLORURO,,
200928A,1,1801,PEPSINA + LACTOSA + SACAROSA + SALES MG + SODIO,,
201127A,1,659,ADAPALENO + PEROXIDO DE BENZOILO,,
300702A,1,1214,FORMULAS EXENTAS DE PROTEINAS,,
201310A,1,752,ALOE + HAMAMELIS + HARPAGOFITO + RUSCUS + CENTELLA + PROPOLEO,,
7268A,1,1509,ANTIGENO HEPATITIS A,,
-1,1,1,[Vacio],,
200865A,1,1992,DEXTROMETORFANO + PSEUDOEFEDRINA,,
201104A,1,648,DIMENHIDRANATO + ALMIDON,,
100374A,1,48,ACEITE ROSA MOSQUETA,,
2275A,1,2199,RITODRINA,,
7245A,1,1507,TOPIRAMATO,,
201096A,1,1762,CONDROITIN SULFATO + ACIDO HIALURONICO,,
200884A,1,1808,ACETILSALICILICO ACIDO + CLORFENAMINA + CAFEINA + FENILEFRINA,,
100287A,1,28,BALSAMO NARIZ Y LABIOS,,
201236A,1,709,VASELINA + ACIDO SALICILICO,,
200084A,1,325,CALCIO LACTATO  +  COLECALCIFEROL,,
200836A,1,554,MELISSA OFFICINALIS + VALERIANA,,
220A,1,841,ACENOCUMAROL,,
201156A,1,2146,UREA + HIDROCORTISONA,,
2550A,1,1827,IDARUBICINA,,
300635A,1,1197,VENDAJE TUBULAR,,
100272A,1,19,VALERIANA + ISOFLAVONAS DE SOJA,,
100266A,1,16,CREMA ANTICELULITICA,,
2152A,1,822,PIRAZINAMIDA,,
200830A,1,550,MAGNESIO CARBONATO + CALCIO CARBONATO,,
501312LR,1,1990,ALERGENOS ALLERGOPHARMA,,
501251LR,1,1999,ALERGENOS ASAC PHARMACEUTICAL IMMUNOLOGY,,
200323A,1,2134,NEOMICINA + BACITRICINA  + ZINC OXIDO,,
200952A,1,611,BECLOMETASONA DIPROPIONATO + FUMARATO FORMOTEROL DIHIDRATO,,
632A,1,1460,CLOMIFENO,,
2693A,1,971,QUINAGOLIDA,,
1864A,1,279,LORAZEPAM,,
803A,1,1555,BENZOILO PEROXIDO,,
200807A,1,2009,ACETIL SALICILICO + CAFEINA + GLICINA,,
215A,1,826,SIMETICONA,,
300793A,1,2212,APOSITO DE HIDROFIBRA,,
150AD,1,198,FLUOCINOLONA ACETONIDO,,
117A,1,125,TETRACICLINA,,
157A,1,213,CARNITINA,,
7013A,1,1488,AMOROLFINA,,
200094A,1,331,CILAZAPRIL + HIDROCLOROTIAZIDA,,
3655CO,1,1347,POLIESTIRENO SULFONATO CALCICO,,
300787A,1,1257,APOSITO DE HIDROCOLOIDE EN MALLA CON VASELINA,,
200279A,1,387,LEVONORGESTREL +  ETINILESTRADIOL,,
2731A,1,985,POLIETILENGLICOL 4000*,,
2303A,1,866,LORATADINA,,
2558A,1,934,SERTACONAZOL,,
200448A,1,2246,SULFANILAMIDA + ZINC OXIDO,,
200905A,1,1769,ENZIMAS DIGESTIVOS,,
1005A,1,71,AMONIACO,,
2282A,1,2200,VIRUS RUBEOLA,,
3171A,1,1300,TRIHEXIFENIDILO,,
5070A,1,1421,TERIPARATIDA,,
8050A,1,1869,NATALIZUMAB,,
3263A,1,1319,XIPAMIDA,,
1170A,1,117,TRIAZOLAM,,
300843A,1,1910,SONDA RECTAL + ACCESORIOS (15 U + 1 CONTENEDOR DE AGUA),,
678A,1,1475,CLOTIAPINA,,
185A,1,278,COLEXTRAN,,
100396A,1,1904,BACTERIAS EUROFAR,,
100408A,1,1774,LACTOFERRINA BOVINA LIOFILIZADA,,
948A,1,2025,CASTAÑO INDIAS,,
200614A,1,468,INSULINA HUMANA ACCION RAPIDA,,
2122A,1,810,PERICIAZINA,,
1119A,1,99,MOXIFLOXACINO,,
100165A,1,4,EXTRACTOS,,
1651A,1,230,GLICEROL,,
1179A,1,124,DEXIBUPROFENO,,
2218A,1,843,PROPRANOLOL,,
1804A,1,266,JOSAMICINA,,
2350A,1,880,ESPAGLUMICO ACIDO,,
2759A,1,998,TIAGABINA,,
90689A,1,2104,MALATION,,
8322A,1,1932,TOLVAPTAN,,
125FM,1,2231,SODIO DIHIDROGENO FOSFATO,,
8295A,1,1583,BILASTINA,,
8598A,1,1616,ACLIDINIO,,
161SU,1,222,SELENIO SULFATO,,
300812A,1,1730,APOSITO DE COLAGENO CON CELULOSA OXIDADA REGENERADA,,
531C,1,1430,ICTIOL,,
201343A,1,774,BRINZOLAMIDA + BRIMONIDINA,,
7068A,1,2028,DAPTOMICINA,,
618A,1,1456,CLOBETASOL,,
300005A,1,1069,ABSORBENTE INC ORINA NOC RECT,,
300758A,1,1884,APOSITO DE ALGINATO CON CARBON,,
3157A,1,1296,TRANEXAMICO ACIDO,,
200673A,1,493,CIPROFLOXACINO + FLUOCINOLONA,,
1962A,1,301,METOXALENO,,
200754A,1,522,BIMATOPROST + TIMOLOL,,
8476A,1,2224,TELAPREVIR,,
2431A,1,904,CARVEDILOL,,
8215A,1,1570,ROSUVASTATINA,,
200973A,1,2142,NICOTINA + LAROPIPRANT,,
733A,1,1522,TAMOXIFENO,,
300818A,1,1772,APOSITO DE TERPOLIMERO DE ACRILATO,,
201357A,1,1974,TESTOSTERONA PROPIONATO + HIDROCORTISONA,,
200276A,1,384,LEVODOPA + BENSERAZINA,,
957C,1,1662,ALCOHOL ISOPROPILICO,,
131A,1,160,BORICO ACIDO*,,
300258A,1,1126,"FORMULAS ESPECIALES EXENTAS DE FENILALANINA (AA+HC O LIPIDOS, O AMBOS)",,
300790A,1,1259,APOSITO DE HIDROCOLOIDE EXTRAFINO CON VASELINA,,
49A,1,1413,PROMETAZINA,,
200719A,1,2185,PROTEINA + ALFA-1 ANTITRIPSINA,,
1577A,1,212,FLURAZEPAM,,
200372A,1,417,POTASIO ASCORBATO-ASPARTATO,,
519A,1,1426,FLUOCORTINA,,
2583A,1,1726,VINORELBINA,,
200834A,1,553,ACETILSALICILICO ACIDO + CAFEINA,,
76A,1,1795,BUSULFANO,,
201273A,1,731,TRIAMCINOLONA + FRAMICETINA,,
2453A,1,911,BRIVUDINA,,
8454A,1,2119,AFATINIB,,
200631A,1,475,PERINDOPRIL + INDAPAMIDA,,
3262A,1,1318,CARTEOLOL,,
372A,1,1355,AMIKACINA,,
9048A,1,1648,EMPAGLIFLOZINA,,
261A,1,1719,FUMARICO ACIDO,,
1162A,1,113,IMIDAPRIL,,
200685A,1,497,NEOMICINA + POLIMIXINA + PREDNISOLONA,,
201216A,1,2147,PYGEUM AFRICANUM + ECHINACEA ANGUSTIFOLIA + SABAL SERRULATA,,
501A,1,1417,CEFTRIAXONA,,
200833A,1,552,PLANTAGO + CASSIA ANGUSTIFOLIA,,
200883A,1,2253,DOCUSATO SODICO + CASANTRANOL + CARMELOSA SODICA,,
2587A,1,946,LACIDIPINO,,
2734A,1,987,LEVOSULPIRIDA,,
567A,1,1441,CARBOCISTEINA,,
3404SO,1,1334,HIALURONATO SODICO,,
300206A,1,1111,CODERA,,
342A,1,1336,LEUPRORELINA,,
288A,1,1842,ALBUMINA HUMANA*,,
200957A,1,614,METFORMINA + VILDAGLIPTINA,,
300525A,1,1186,BOLSAS ILEOST SIST DOBLE ACOPLAM ADH,,
1713A,1,247,HEXETIDINA,,
9066A,1,1650,UMECLIDINIO,,
520A,1,1428,TROPICAMIDA,,
100275A,1,21,PASTA DENTIFRICA,,
8722A,1,1634,ALBIGLUTIDA,,
1186A,1,126,ALITRETINOINA,,
583A,1,1444,CEFAZOLINA,,
9063A,1,1839,NINTEDANIB,,
346A,1,1337,BUSERELINA,,
200638A,1,480,DIENOGEST + ESTRADIOL,,
708A,1,2162,DAPSONA,,
3360A,1,1331,SULODEXIDA,,
201103A,1,647,DIMETICONA+ZINC OXIDO,,
200352A,1,410,PARACETAMOL + CAFEINA + DIMENHIDRINATO,,
300754A,1,1234,APOSITO BASE CON HIDROCOLOIDE CON BORDE,,
200738A,1,514,SIMVASTATINA + EZETIMIBA,,
200376A,1,420,PREDNISOLONA + AMINOACRIDINA + BALSAMO PERU,,
1651NN,1,231,TRINITRATO DE GLICEROL,,
100337A,1,1970,GEL ANTIESCOZOR,,
201179A,1,688,LEVADURA DE CERVEZA + GERMEN DE TRIGO,,
8317A,1,1590,RANOLAZINA,,
1848A,1,275,LINCOMICINA,,
745SO,1,1544,DICLOFENACO SODICO,,
1547A,1,201,FERRITINA,,
8039A,1,1857,HIERRO CARBOXIMALTOSA,,
1074A,1,2044,FOLITROPINA BETA,,
200736A,1,2186,FACTORES COAGULACIÓN EN COMBINACIÓN (IX + II + VII + X),,
300825A,1,1272,TOALLITA INCONTINENCIA URINARIA,,
200288A,1,388,LISINOPRIL + HIDROCLOROTIAZIDA,,
300449A,1,2268,HIDROCOLOIDE 15 x 15,,
8396A,1,1599,SILODOSINA,,
7414A,1,1536,LEFLUNOMIDA,,
201364A,1,780,GINKGO BILOBA + MAGNESIO + ZINC + TRIPTOFANO + VIT B6,,
2629A,1,1957,DELAPRIL,,
201331A,1,766,LACTOBACILLUS HELVETICUS + BIFIDOBACTERIUM BIFIDUM + LACTOBACILLUS RHAMNOSUS + VITAMINA C + FOS,,
300406A,1,1161,ESPARADRAPO HIPOALERGICO,,
1922A,1,290,METADONA,,
3268A,1,1681,BCG (CULTIVO VIVO DESECADO),,
192A,1,291,CEFALEXINA,,
46A,1,1401,GUAIFENESINA,,
3100A,1,1287,TERBUTALINA,,
8422MH,1,2083,BOSUTINIB MONOHIDRATO,,
300806A,1,1271,LAMINA POLIURETANO TRANSPARENTE,,
1774A,1,258,IMIPRAMINA,,
200947A,1,2254,PROTEINA CRM 197 DIFTERIA + ANTIGENO OLIGOSACARIDO MENINGOCOCO GRUPO C,,
201274A,1,732,BACITRACINA + NEOMICINA + HIDROCORTISONA,,
123A,1,138,POTASIO,,
8400A,1,1944,CORIFOLITROPINA ALFA,,
201023A,1,627,ACIDO ASCORBICO + SODIO PERBORATO,,
201319A,1,757,METFORMINA + DAPAGLIFLOZINA,,
201278A,1,735,UREA + ADEPS LANAE + ACETONIDO TRIAMCINOLONA + ACIDO SALICILICO,,
300474A,1,1174,TIRAS REACTIVAS GLUC.Y ACT.ORINA,,
200146A,1,342,DIAZEPAM + PIRIDOXINA,,
200881A,1,581,AC. SALICILICO + AC. LACTICO + AC. ACETICO + ACEITE DE RICINO,,
3897A,1,1378,PREGABALINA,,
300000A,1,1064,ABSORB INC ORINA NOC ANAT,,
300738A,1,2110,JERINGA INSULINA CON AGUJA,,
300811A,1,1819,OXIDO DE ZINC,,
201234A,1,2106,ACIDO LINOLEICO+ALOE VERA+CENTELLA ASIATICA+GINKO BILOBA,,
200306A,1,396,METOPROLOL +  FELODIPINO,,
471CH,1,1403,BENCIDAMINA CLORHIDRATO,,
8538A,1,1980,PONATINIB,,
200256A,1,376,HIERRO GLUCEPTATO + FOLICO ACIDO,,
2813A,1,1021,NARATRIPTAN,,
138A,1,2015,ZINC,,
900A,1,1646,LABETALOL,,
913A,1,1655,TICLOPIDINA,,
200818A,1,2187,SODIO BICARBONATO + MAGNESIO SULFATO,,
200679A,1,2139,FAMOTIDINA + CALCIO CARBONATO + MAGNESIO HIDROXIDO,,
159A,1,218,FLUVOXAMINA,,
300833A,1,1273,COMPLEMENTO ALIMENTICIO EMBARAZO Y LACTANCIA,,
300595A,1,1708,COLECTOR BOLSA RECOGIDA ORINA FEMENINO,,
1485A,1,194,ETOSUXIMIDA,,
201372A,1,1984,COBICISTAT + ATAZANAVIR,,
201313A,1,754,ACIDOS OMEGA 3 ESTERES ETILICOS + COLECALCIFEROL,,
2761A,1,999,FEXOFENADINA,,
201025A,1,1753,ACIDO BORICO + PROPILENGLICOL,,
2879A,1,1039,LEVOFOLINATO DE CALCIO,,
2190A,1,834,POVIDONA,,
200278A,1,386,LEVONORGESTREL +  ESTRADIOL,,
2878A,1,2045,VORICONAZOL,,
399A,1,1383,MEDROXIPROGESTERONA,,
2151A,1,821,PIRANTEL,,
200967A,1,618,MEDROXIPROGESTERONA + TETRIZOLINA + CLORANFENICOL,,
326A,1,1320,ESPIRONOLACTONA,,
36A,1,1352,COLECALCIFEROL,,
200636A,1,479,ENALAPRIL + NITRENDIPINO,,
2010A,1,644,NEOSTIGMINA,,
3386A,1,1854,CURCUMA,,
1769YD,1,2235,IBUPROFENO ARGININA,,
2882A,1,1850,BOSENTAN,,
2014A,1,785,NICERGOLINA,,
2689A,1,1938,RH DNASA,,
200786A,1,528,IRBESARTAN + HIDROCLOROTIAZIDA (300/25) MG,,
200490A,1,438,DEXAMETASONA EN ASOCIACION,,
300509A,1,1183,MEDIA COMP NORMAL PREMAMA,,
1134A,1,2086,DEFERIPRONA,,
300117A,1,1095,BOLSAS RESINA SINTETICA  FILTRO  35  MM,,
200300A,1,2244,MEPIVACAINA + EPINEFRINA,,
300685A,1,1203,FORMULA EXENTA DE LIPIDOS,,
463A,1,1400,BECLOMETASONA,,
2952A,1,1058,BEVACIZUMAB,,
200309A,1,397,MICONAZOL + INOSINA + GUANOSINA + VITAMINA F,,
7400A,1,1531,ATORVASTATINA,,
8600A,1,1814,ENZALUTAMIDA,,
887A,1,1639,PREDNISOLONA,,
200241A,1,371,HIDROCLOROTIAZIDA + AMILORIDA,,
200576A,1,450,BENZALCONIO CLORURO + ALUMINIO,,
100263A,1,14,GEL PROTECTOR BUCAL,,
1873A,1,280,MAPROTILINA,,
1660A,1,235,GLISENTIDA,,
44A,1,1396,CLORANFENICOL,,
1587A,1,215,FOLINICO ACIDO,,
200951A,1,610,ALENDRONATO + COLECALCIFEROL (5600 UI),,
770A,1,1546,DIGOXINA,,
721A,1,1503,DESOXIMETASONA,,
8234A,1,1815,RALTEGRAVIR,,
201324A,1,761,CANAGLIFLOZINA + METFORMINA,,
2593A,1,949,AZELAICO ACIDO,,
2307A,1,867,ZOPICLON,,
200528A,1,443,CIPROFLOXACINO + HIDROCORTISONA,,
200858A,1,565,PREPARADOS CON SALICILATOS,,
201072A,1,635,ALISKIREN + HIDROCLOROTIAZIDA,,
200805A,1,1828,PASSIFLORA + VALERIANA,,
366A,1,1350,OXIBUTININA,,
144A,1,189,POLIVITAMINAS SOLAS (DEXPANTENOL),,
2113A,1,807,ACARBOSA,,
200810A,1,2251,ETANOL + CLORURO BENZALCONIO,,
200449A,1,2247,SULPIRIDA + PIRIDOXINA,,
100424A,1,63,CAPSULAS ANTICAIDA,,
2591A,1,948,MOCLOBEMIDA,,
100448A,1,2013,ACEITE DE ARGAN,,
1666A,1,238,GLUCOSAMINA,,
3655SO,1,1348,POLIESTIRENO SULFONATO SODICO,,
598A,1,1448,CIMETIDINA,,
300780A,1,1253,APOSITO DE ESPUMA POLIURETANO EXTRAFINO CON SILICONA Y BORDE,,
200391A,1,423,QUINAPRIL + HIDROCLOROTIAZIDA,,
2938A,1,1055,RANELATO ESTRONCIO,,
200561A,1,1768,INDOMETACINA + PREDNISONA,,
200819A,1,1889,PSEUDOEFEDRINA + IBUPROFENO,,
1280A,1,152,ELETRIPTAN,,
1099A,1,94,TELMISARTAN,,
201126A,1,658,DIENOGEST + ETINILESTRADIOL,,
8593A,1,1615,OLODATEROL,,
3881A,1,1374,ALMAGATO,,
635A,1,1462,CLONAZEPAM,,
2574A,1,941,POLIVINILICO ALCOHOL,,
300706A,1,1216,LECHE Y FORMULAS PARA LACTANTES DESDE EL PRIMER DIA,,
3845A,1,1367,DIMEMORFANO,,
284A,1,1032,ALANINA,,
557A,1,1436,CAPREOMICINA,,
921A,1,1656,FENOFIBRATO,,
825A,1,1574,CEFADROXILO,,
3151A,1,2216,TRIFLUOPERAZINA,,
2820A,1,2263,ZANAMIVIR,,
826A,1,1577,CEFOXITINA,,
200512A,1,441,SULPIRIDA + DIAZEPAM + PIRIDOXINA,,
8457A,1,1694,VANDETANIB,,
200472A,1,433,VINCAMINA + PIRACETAM,,
200924A,1,596,CLORFENAMINA + DEXTROMETORFANO + EFEDRINA,,
1850A,1,277,LINESTRENOL,,
100273A,1,20,CHAMPU,,
2913A,1,2010,EMTRICITABINA,,
300003A,1,1067,ABSORBENTE INC ORINA DIA ANAT,,
328A,1,1324,FENILEFRINA,,
405A,1,1386,MERCAPTOPURINA,,
201140A,1,1682,SIMETICONA+PROTEASA+LIPASA+CELULASA+AMILASA,,
314PK,1,1295,GLUCEPTATO POTASICO,,
201181A,1,689,JALEA REAL + GINSENG + VITAMINAS +MINERALES,,
2424A,1,1685,EPOPROSTENOL,,
100333A,1,41,CHAMPU ANTICAIDA,,
201172A,1,683,INOSITOL + ACIDO FOLICO,,
21FO,1,836,CALCIO FOSFATO*,,
8061A,1,1738,CELULOSA,,
2906A,1,2006,ADALIMUMAB,,
2894A,1,1712,PEGVISOMANT,,
595A,1,2219,CICLOSERINA,,
638A,1,2220,HALAZEPAM,,
200849A,1,559,POLIVINILICO ALCOHOL + POLIVIDONA,,
201341A,1,1759,DOLUTEGRAVIR + ABACAVIR + LAMIVUDINA,,
1251A,1,1885,ACIDO ZOLEDRONICO,,
200968A,1,2255,PREDNISOLONA + CINEOL + CLOROBUTANOL + NEOMICINA + FENILEFRINA + GOMENOL + BACITRICINA,,
2571B,1,1982,HIDROXIPROPILMETILCELULOSA*,,
1794A,1,262,ISOSORBIDA,,
200874A,1,575,ACETILSALICILICO + CLORFENAMINA + FENILEFRINA,,
200389A,1,422,PYGEUM AFRICANUM + BENCIDAMINA,,
200949A,1,608,ESENCIA CLAVO + TETRACAINA CLORHIDRATO + CLORURO BENZALCONIO + FENOL + MENTOL,,
3169A,1,2158,TETRAZEPAM,,
1570A,1,2131,FLUORESCEINA,,
100403A,1,54,GEL EXFOLIANTE,,
200270A,1,380,IRBESARTAN + HIDROCLOROTIAZIDA,,
2297A,1,862,SALBUTAMOL,,
2746A,1,991,PENCICLOVIR,,
300485A,1,1177,SONDA VESICAL BAJA FRICCION NELATÓN PEDIATRIA,,
3818A,1,1363,OTILONIO BROMURO,,
201325A,1,762,ALOGLIPTINA + METFORMINA,,
300796A,1,1263,APOSITO DE HIDROFIBRA DE HIDROCOLOIDE CON PLATA,,
7283A,1,1514,ACAMPROSATO,,
1693A,1,242,HALOPERIDOL,,
709A,1,1494,DECUALINIO,,
125ÑO,1,1843,SODIO CLORURO,,
200612A,1,467,TIMOLOL + LATANOPROST,,
200804A,1,542,SALICILATO + ALCANFOR + MENTOL,,
201119A,1,653,DEXTROMETORFANO + DIFENHIDRAMINA,,
7230A,1,1505,TIANEPTINA,,
200219A,1,362,FLUOCINOLONA ACETONIDO + NEOMICINA + POLIMIXINA B,,
300327A,1,1133,IRRIGADOR COMPLETO,,
200798A,1,1954,HIERRO MAGNESIO + SULFANILAMIDA+ BREA+ PLOMO + BALSAMO PERU,,
200824A,1,2051,PARACETAMOL + CAFEINA,,
166A,1,2054,FENILBUTAZONA,,
200238A,1,369,GONADOTROFINA MENOPAUSIA HUMANA (HMG) (MENOTROPINA),,
200577A,1,451,HIDROCORTISONA + MICONAZOL,,
300746A,1,1947,COMPRESA TOCOLOGICA DE CELULOSA,,
565A,1,1440,CARBIMAZOL,,
8082A,1,1559,FESOTERODINA,,
300251A,1,1122,FILTROS COLOSTOMIA,,
8537A,1,1791,RILPIVIRINA,,
138OX,1,176,ZINC OXIDO*,,
1266A,1,150,CISTINA,,
200800A,1,1763,AGUA DEL CARMEN,,
7371A,1,2036,LAMIVUDINA,,
73A,1,1530,GOMENOL*,,
845A,1,1604,COLESTIPOL,,
100417A,1,59,COMPLEMENTO ALIMENTICIO FERTILIDAD MASCULINA,,
201233A,1,707,PREDNISONA + NEOMICINA,,
99A,1,1674,ALPRAZOLAM,,
9996A,1,1996,COLISTIMETATO,,
200811A,1,1717,CLORHEXIDINA + ETANOL,,
2610A,1,1981,ACEITE DE PESCADO,,
1637A,1,227,ISONIAZIDA,,
3737A,1,1358,BEZAFIBRATO,,
200239A,1,370,GRAMICIDINA + NEOMICINA + POLIMIXINA B,,
200346A,1,408,PANCREATINA,,
45A,1,1399,AZATIOPRINA,,
201252A,1,718,LUTEINA + ACIDOS OMEGA 3 + VITAMINAS + MINERALES,,
2696A,1,1700,VIRUS VIVOS ATENUADOS VARICELA-ZOSTER,,
3141A,1,1293,TOBRAMICINA,,
200373A,1,418,POTASIO CITRATO + CITRICO ACIDO,,
2061A,1,795,BIFONAZOL,,
1093A,1,2229,SACARINA*,,
300690A,1,1785,FORMULA DE AMINOACIDOS ESENCIALES,,
300344A,1,1137,MUÑEQUERA FERULA,,
548A,1,1433,NADOLOL,,
300803A,1,1268,APOSITO MALLA CON PLATA,,
1071A,1,84,LITIO,,
926A,1,1657,FLUNARIZINA,,
201297A,1,746,PASSIFLORA + VALERIANA + AMAPOLA,,
201395A,1,783,ERGOTAMINA + CAFEINA,,
200663A,1,487,TERBUTALINA + GUAIFENESINA,,
2604A,1,955,QUAZEPAM,,
9995A,1,1672,ESTERES ETILICOS DE LOS ACIDOS OMEGA 3,,
278A,1,2204,POLISACARIDOS-HIERRO,,
300659A,1,1200,FILTRO LARINGECTOMIA,,
100404A,1,55,BRAGA,,
599A,1,1449,CINARIZINA,,
710A,1,1496,DEFEROXAMINA,,
622A,1,2161,CLOFAZIMINA,,
200557A,1,447,TIAMINA + CIANOCOBALAMINA + PIRIDOXINA,,
200092A,1,329,CETIRIZINA + PSEUDOEFEDRINA,,
1177A,1,122,NALOXONA,,
201184A,1,691,"LOSARTAN + HIDROCLOROTIAZIDA 100/12,5",,
547A,1,1432,CALCIFEDIOL,,
8217A,1,1940,LAPATINIB,,
2387A,1,891,DOXAZOSINA,,
2684A,1,970,LEVODROPROPIZINA,,
2376A,1,889,TRIPTORELINA,,
2897A,1,1972,MIGLUSTAT,,
1560A,1,208,FLUCLORTOLONA,,
890PR,1,1643,TESTOSTERONA PROPIONATO,,
93A,1,1660,NICARDIPINO,,
201348A,1,775,NISTATINA + LIDOCAINA,,
200583A,1,454,BETAMETASONA + DEXCLORFEMIRAMINA,,
200731A,1,510,CALCIO CARBONATO + LACTOGLUCONATO CALCICO + COLECALCIFEROL,,
100392A,1,1887,BACTERIAS INMUNOTEK,,
201365A,1,1955,VITAMINAS LIPOSOLUBLES A+D+E+K,,
439A,1,1394,CENTELLA ASIATICA EXTO,,
200180A,1,355,ERGOTAMINA + PARACETAMOL + CAFEINA,,
107A,1,88,NIFLUMICO ACIDO,,
300800A,1,1265,APOSITO DE HIDROGEL EN MALLA,,
3037A,1,1285,SOBREROL,,
7351A,1,2164,OXALIPLATINO,,
1174A,1,121,URSODEOXICOLICO ACIDO,,
201077A,1,2019,SOLUCION GLUCOSALINA PERFUSION,,
3128SU,1,1292,CONDROITIN SULFATO,,
300366A,1,1155,SOPORTE CINTURON OSTOMIA,,
7235A,1,2034,IDEBENONA,,
200004A,1,309,ACETILSALICILICO ACIDO + CODEINA,,
201327A,1,1767,BORDETELLA PERTUSSIS TOXOIDE+BORDETELLA PERTUSSIS HEMAGLUTININA FILAMENTOSA+BORDETELLA PERTUSSIS PERTACTINA+VIRUS POLIO TIPO I+VIRUS POLIO TIPO II+VIRUS POLIO TIPO III+TOXOIDE DIFTERICO+TOXOIDE TETANICO,,
200307A,1,2245,METOPROLOL + CLORTALIDONA,,
201218A,1,703,RESORCINA + BIBORATO SODICO,,
200940A,1,605,METFORMINA + PIOGLITAZONA,,
200887A,1,583,DEXTROMETORFANO + PSEUDOEFEDRINA + TRIPROLIDINA,,
2861A,1,2047,VALGANCICLOVIR,,
200495A,1,439,ECHINACEA + TROSPIO + SABAL,,
200647A,1,484,BETAMETASONA + CLIOQUINOL + GENTAMICINA + TOLNAFTATO,,
200478A,1,1729,ZIDOVUDINA + LAMIVUDINA,,
200964A,1,616,GUAIFENESINA + DIPROFILINA + BETAMETASONA,,
1556A,1,205,FLAVOXATO,,
8535A,1,2069,TAFAMIDIS,,
1279A,1,1807,LINEZOLID,,
300349A,1,1142,MODULOS LIPIDICOS LCT,,
2299A,1,863,MEMANTINA,,
200817A,1,545,LACTOBACILLUS BIPHIDUS + LACTOBACILLUS ACIDOPHILUS,,
2862SO,1,1680,FENILBUTIRATO SODIO,,
100A,1,73,BENAZEPRIL,,
300204A,1,1109,CANULA TRAQUEOTOMIA,,
201162A,1,677,ACIDO RETINOICO + BETAMETASONA DIPROPIONATO + UREA,,
1085A,1,90,MOLSIDOMINA,,
8216A,1,1571,FEBUXOSTAT,,
200435A,1,2136,SOLUCION PLURISALINA,,
1820A,1,269,PILOCARPINA,,
200401A,1,425,RIFAMPICINA + ISONIAZIDA  + PIRAZINAMIDA,,
300202A,1,1107,CAMARA INHALACION,,
3253A,1,1315,NIFEDIPINO,,
200723A,1,505,ETAMBUTOL + ISONIAZIDA + PIRAZINAMIDA + RIFAMICINA,,
100278A,1,24,SOLUCION HIGIENE INTIMA,,
37A,1,1362,ISOTRETINOINA,,
329A,1,2160,ISOPRENALINA,,
100300A,1,34,LOCION HIDRATANTE,,
363A,1,1345,SOTALOL,,
300199A,1,1104,BRAGUERO INGUINAL DERECHO,,
149A,1,196,ACIDO FOLICO,,
201354A,1,776,CLOTRIMAZOL + ACETONIDO TRIAMCINOLONA,,
201250A,1,716,LUTEINA + ZEAXANTINA + VITAMINAS + MINERALES,,
1123A,1,102,INSULINA ASPARTA,,
300745A,1,1232,EMPAPADOR DE CELULOSA,,
1912A,1,288,MEQUITAZINA,,
200806A,1,1968,SAL DE FRUTA NARANJA,,
300711A,1,1752,PREPARADOS LACTEOS INFANTILES Y JUVENILES,,
201064A,1,633,OXAZEPAM + METOCLOPRAMIDA + DIMETICONA+BIODIASTASA,,
3567A,1,1799,"ALUMINIO HIDROXIDO-MAGNESIO CARBONATO,COPRECIPITADO",,
1939A,1,293,HEPARINOIDES,,
1107A,1,1817,EFAVIRENZ,,
100462A,1,1690,ALERGENOS HAL ALLERGY,,
100432A,1,65,SALIVA ARTIFICIAL,,
8347A,1,2016,FINGOLIMOD,,
200911A,1,592,ACIDO ACETILSALICILICO + CLORFENAMINA + CAFEINA + ACIDO ASCORBICO,,
8758A,1,1689,MACITENTAN,,
5003A,1,1813,NIFURTIMOX,,
239A,1,894,ESTRAMUSTINA,,
1150A,1,1721,ETANERCEPT,,
200320A,1,399,NEOMICINA + BACITRACINA + POLIMIXINA B,,
201244A,1,712,ACEITE DE ALGAS+ZEXANTINA+LUTEINA+DHA+TOCOFEROL+ACIDO ASCÓRBICO,,
830A,1,1587,CICLOBENZAPRINA,,
3027A,1,1283,CLOTIAZEPAM,,
200597A,1,459,CLOSTRIDIOPEPTIDASA + NEOMICINA,,
200838A,1,1687,LIDOCAINA + CETRIMONIO,,
974A,1,1665,SULFANILAMIDA,,
300009A,1,2266,ALGODON RAMA MEZCLA,,
138AC,1,175,ZINC ACETATO,,
100436A,1,67,ABSORBENTE INC ORINA LIGERA MASCULINO,,
1549A,1,203,FERROGLICINA,,
1286A,1,154,DIMENHIDRINATO,,
385A,1,1370,AMINOCAPROICO,,
2524A,1,927,VIGABATRINA,,
8040A,1,1737,HORMONA PARATIROIDEA,,
125ÑD,1,149,SODIO FOSFATO MONOBASICO DIHIDRO,,
200815A,1,1943,PARACETAMOL + CLORFENAMINA,,
200918A,1,594,CLORFENAMINA + PARACETAMOL + PSEUDOEFEDRINA,,
5093A,1,1975,RITONAVIR,,
545A,1,1431,CALAMINA*,,
100168A,1,6,CRISANTAPASE,,
2751A,1,992,TAMSULOSINA,,
200400A,1,424,RIFAMPICINA + ISONIAZIDA,,
201178A,1,687,ACIDOS GRASOS + FOSFATIDILSERINA + ACIDO FOLICO + VITAMINA E + VITAMINA B12,,
601A,1,1451,CIPROHEPTADINA,,
954A,1,2004,ETANOL*,,
3106A,1,1288,TETRACOSACTIDA,,
200942A,1,1703,BENCETONIO + RETINOL + ZINC OXIDO,,
200816A,1,544,RESORCINOL + DEXAMETASONA + TETRAINA CLORHIDRATO,,
200892A,1,585,HIDROCORTISONA SUCCINATO + RIBOFLAVINA+ PIRIDOXINA + ASCORBATO SODICO,,
263A,1,959,LAURILSULFATO,,
3346A,1,1329,CALAGUALA,,
2425A,1,902,ACITRETINA,,
201243A,1,1928,SULFACETAMIDA + BETAMETASONA,,
201197A,1,1746,LINIMENTO OLEOCALCAREO + OXIDO DE ZINC,,
2225A,1,847,ROXITROMICINA,,
1343A,1,163,HIDROCLOROTIAZIDA,,
300778A,1,1761,APOSITO DE ESPUMA POLIURETANO EXTRAFINO CON BORDE,,
200290A,1,390,"LOSARTAN + HIDROCLOROTIAZIDA  50/12,5",,
2624A,1,956,FINASTERIDA,,
200640A,1,481,BENZALCONIO CLORURO + BENZOATO + CISTEINA + GLICINA + TREONINA,,
272A,1,984,FLUOROURACILO,,
782A,1,1550,MINOXIDIL,,
201340A,1,772,ATORVASTATINA + EZETIMIBA,,
300520A,1,1184,APOSITOS B OSTOM RES SINT MIC ACOPLAM ADH,,
8366A,1,1596,INDACATEROL,,
3186TG,1,1303,URIDINA TRIFOSFATO,,
2919A,1,1048,SOLIFENACINA,,
228A,1,858,ACETICO ACIDO *,,
201286A,1,741,ACIDO ALGINICO+BICARNONATO SODICO+BICARBONATO CALCIO,,
300731A,1,1230,TAPON OIDO,,
300259A,1,1127,"FORMULAS ESPECIALES EXENTAS DE FENILALANINA Y TIROSINA (AA+HC O LIPIDOS, O AMBOS)",,
1111A,1,1686,ABACAVIR,,
7389A,1,1528,BRIMONIDINA,,
200801A,1,540,DEXTROMETORFANO + GUAIFENESINA,,
200757A,1,525,TIMOLOL + TRAVOPROST,,
26CH,1,974,LISINA CLORHIDRATO,,
189A,1,284,CEFTAZIDIMA,,
200269A,1,379,IPRATROPIO  + SALBUTAMOL,,
8363A,1,1722,CANAKINUMAB,,
201291A,1,743,VILANTEROL + FLUTICASONA,,
2562A,1,935,FORMOTEROL,,
1735A,1,2178,MERCUROCROMO,,
201261A,1,724,PRAVASTATINA + FENOFIBRATO,,
2018A,1,1743,UROFOLITROPINA,,
3021A,1,1282,SENOSIDOS A-B,,
300770A,1,2157,APOSITO DE ESPUMA POLIURETANO CON PARAFINA,,
2500A,1,924,QUINAPRIL,,
2988A,1,1973,ERLOTINIB,,
100389A,1,2091,APOSITO DE ESPUMA POLIURETANO CON SILICONA Y BORDE,,
100254A,1,10,FAJA,,
300212A,1,1115,FORMULAS COMPLETAS MONOMERICAS NORMOPROTEICAS,,
200101A,1,334,CLOCINIZINA + FENILPROPANOLAMINA,,
8290A,1,2073,USTEKINUMAB,,
200735A,1,512,SALICILICO ACIDO + MOMETASONA,,
8653A,1,1624,NALMEFENO,,
100164A,1,3,VISADO 40%,,
201366A,1,1976,AC. RETINOICO + ACETONIDO TRIAMCINOLONA,,
2321A,1,869,CLODRONICO ACIDO,,
100292A,1,1962,CICATRIZANTE Y ANTIESCARAS,,
200594A,1,456,OXITETRACICLINA + HIDROCORTISONA,,
8579A,1,2040,VEMURAFENIB,,
200461A,1,430,TOXOIDE  DIFTERICO + TOXOIDE  TETANICO,,
200925A,1,597,TOBRAMICINA + DEXAMETASONA,,
201050A,1,632,HEXETIDINA + NISTATINA + LIDOCAINA + METILPREDNISOLONA,,
300209A,1,1113,COLECTOR ORINA CON APOSITO,,
200877A,1,578,ACIDO SALICILICO + ACIDO LACTICO,,
7300A,1,1516,CLOPIDOGREL,,
2907A,1,1907,CINACALCET,,
200260A,1,2082,IMIPENEM + CILASTATINA,,
335A,1,1330,IDOXURIDINA,,
300708A,1,2269,HARINAS NO LACTEADAS,,
200248A,1,373,HIDROCORTISONA + NEOMICINA,,
200608A,1,464,SALMETEROL + FLUTICASONA (50/100),,
201253A,1,719,POVIDONA + GLICERINA,,
300504A,1,1182,SUPLEMENTOS ALIMENTICIOS,,
8568A,1,1613,LACTOBACILLUS REUTERI,,
200931A,1,600,AMITRIPTILINA + MEDAZEPAM,,
201158A,1,674,UREA + BETAMETASONA DIPROPIONATO,,
201166A,1,679,CLORURO SODICO + HIALURONATO DE SODIO,,
100431A,1,2171,ROXULITINIB,,
300785A,1,1256,APOSITO DE HIDROCOLOIDE CON VASELINA,,
8160A,1,1731,BENZNIDAZOL,,
280A,1,1020,TEGAFUR,,
201336A,1,771,CLORHEXIDINA DIGLUCONATO + LIDOCAINA HCL + NISTATINA,,
200724A,1,506,PARACETAMOL + TRAMADOL,,
200371A,1,416,POLIVITAMINAS SOLAS,,
662A,1,1471,PIRETANIDA,,
200896A,1,587,PARACETAMOL + FENILEFRINA + CLORFENAMINA + SALICILAMIDA + CAFEINA,,
200228A,1,366,FUROSEMIDA + TRIAMTERENO,,
604A,1,1453,CITICOLINA,,
201160A,1,676,FITINA + VITAMINA A + ZINC,,
300356A,1,1147,RODILLERA,,
200845A,1,2030,ACETILSALICILICO ACIDO + CAFEINA + PIRIDOXINA + GLUCOSA,,
8089A,1,1792,LENALIDOMIDA,,
200665A,1,489,CIANOCOBALAMINA + PIRIDOXINA + TIAMINA,,
2138A,1,815,NABUMETONA,,
1071CL,1,1852,LITIO CLORURO,,
200081A,1,324,CALCIO FOSFATO + COLECALCIFEROL,,
2571A,1,940,HIPROMELOSA,,
201101A,1,645,ALMIDÓN + OXIDO DE ZINC,,
300096A,1,1089,BOLSAS KARAYA ADHESIVO MICROPORO Y FILTRO  20 - 55 MM,,
138EW,1,2020,ZINC DIBUTILDITIOCARBAMATO,,
321A,1,2159,MORNIFLUMATO,,
1167A,1,116,LEVETIRACETAM,,
1115A,1,97,PIROXICAM,,
406A,1,1387,CICLOSPORINA,,
1283A,1,153,CLONIXINATO DE LISINA,,
86A,1,1630,NITROFURANTOINA,,
2450A,1,909,CANRENONA,,
14CI,1,2232,CAFEINA CITRATO,,
200255A,1,375,HIERRO FUMARATO + FOLICO ACIDO,,
2513A,1,2203,ELCATONINA,,
1216A,1,133,CARBON ADSORBENTE,,
129A,1,157,CLOPERASTINA,,
1002A,1,33,PAROMOMICINA,,
9057A,1,1967,RIOCIGUAT,,
200876A,1,577,CLORHEXIDINA + BENZOCAINA + ENOXOLONA,,
8627A,1,1623,LINACLOTIDA,,
8305A,1,1586,TAPENTADOL,,
300697A,1,2156,FORMULAS CON CONTENIDO GRASO EN FORMA DE TRIGLICERIDOS DE CADENA MEDIA,,
200616A,1,470,INSULINA LISPRO INTERMEDIA 25:75,,
2564A,1,937,PALMITICO ACIDO,,
2949A,1,1882,ANAGRELIDA,,
2834A,1,1747,BEXAROTENO,,
100050A,1,1924,ACIDO PARAMINOSALICILICO (PAS),,
1695A,1,243,HAMAMELIS EXTO FLUIDO,,
2859A,1,1034,FROVATRIPTAN,,
300696A,1,1210,FORMULAS COMPLETAS POLIMERICAS HIPERPROTEICAS NORMOCALORICAS CON FIBRA,,
200535A,1,444,FORMOTEROL + BUDESONIDA,,
2503A,1,926,AMLODIPINO,,
7432A,1,1542,EZETIMIBA,,
2497A,1,922,RAMIPRIL,,
2233A,1,2198,PROTIONAMIDA,,
100304A,1,36,SOLUCION SECANTE,,
2865A,1,1724,CASPOFUNGIN,,
1583B,1,2176,GONADOTROFINA CORIONICA HUMANA,,
431A,1,1392,MITOMICINA,,
22A,1,864,MAGNESIO,,
200474A,1,435,VIRUS GRIPE  FRACCIONADO,,
300471A,1,1171,TIRAS REACTIVAS GLUCOSA ORINA,,
8289A,1,1868,TOCILIZUMAB,,
200748A,1,518,CALCIO CARBONATO + CALCIO GLUCOHEPTONATO + COLECALCIFEROL,,
201173A,1,684,TELMISARTAN + AMLODIPINO,,
9123A,1,2111,SECUKINUMAB,,
1151A,1,2088,PEGINTERFERON ALFA 2B,,
125FD,1,146,SODIO HIDROGENO FOSFATO,,
7298A,1,1515,APOMORFINA,,
2653A,1,963,CARBOMERO*,,
8311A,1,2123,VIRUS ENCEFALITIS JAPONESA CEPA SA 14-2 INACTIVADA,,
201277A,1,2148,CALCIO + FOSFORO,,
300759A,1,1237,APOSITO DE ALGINATO CON HIDROCOLOIDE,,
120A,1,130,CICLOFOSFAMIDA,,
3121A,1,1291,TINIDAZOL,,
200700A,1,500,BECLOMETASONA + CLIOQUINOL,,
1733A,1,251,TROXERUTINA,,
201202A,1,698,CORTISONA ACETATO + CLORANFENICOL + ETACRIDINA LACTATO + OXIDO DE ZINC,,
356A,1,1343,ATENOLOL,,
3327A,1,1327,LOPERAMIDA,,
300017A,1,1080,APOSITOS B OSTOM RES SINT,,
200871A,1,573,ACIDO SALICILICO + ACIDO ACETICO,,
100357A,1,2170,DISPOSITIVO INTRAUTERINO,,
2158A,1,824,PIRIMETAMINA,,
200908A,1,591,DEXTROMETORFAN + DOXILAMINA + PARACETAMOL + EFEDRINA,,
836A,1,1597,CLOBAZAM,,
2838A,1,1710,TENOFOVIR,,
1098A,1,93,METILDIGOXINA,,
300771A,1,1246,APOSITO DE ESPUMA POLIURETANO CON PLATA,,
200016A,1,312,ACIDO SALICILICO + ASOCIACION,,
200595A,1,457,CLOROCARVACROL + MENTOL + ICTAMOL,,
200058A,1,320,BENCILPENICILINA ( SODICA + BENZATINA ) + FENOXIMETILPENICILINA,,
8263A,1,2223,MICAFUNGINA,,
201276A,1,734,ACIDO SALICILICO + FLUOROURACILO,,
3142A,1,1294,TOCOFEROL*,,
300011A,1,1074,ALGODON ZIG-ZAG PURO,,
2704A,1,975,MIRTAZAPINA,,
344A,1,1918,SACARATO CALCIO TETRAHIDRATO,,
2662A,1,966,RIFAXIMINA,,
8088A,1,2005,ABATACEPT,,
1877A,1,281,MEBENDAZOL,,
100364A,1,2105,ESPONJA,,
300828A,1,1789,APOSITO TRAQUEOT-LARING,,
1922CH,1,2179,METADONA CLORHIDRATO,,
200277A,1,385,LEVODOPA + CARBIDOPA,,
200364A,1,1705,PIPERACILINA + TAZOBACTAM,,
201235A,1,708,SAXAGLIPTINA + METFORMINA,,
164A,1,229,NANDROLONA,,
200604A,1,461,SALMETEROL +  FLUTICASONA (25/50),,
454A,1,1398,BACLOFENO,,
300723A,1,1224,ABSORBENTE INC ORINA DIA ANAT INICIA,,
174JC,1,254,INSULINA BIFASICA,,
200564A,1,448,TICOLCHICOSIDO + PARACETAMOL,,
300262A,1,1128,"FORMULAS ESPECIALES EXENTAS DE LEUCINA, ISOLEUCINA Y VALINA (AA+HC O LIPIDOS, O AMBOS)",,
201209A,1,1811,DAPSONA + OXALATO DE HIERO,,
200516A,1,442,VIOLETA DE GENCIANA EN ASOCIACION,,
200632A,1,476,LAURILSULFATOSODICO + CITRATO TRISODICO,,
300748A,1,1812,LAMINA SILICONA,,
491VA,1,1410,BETAMETASONA 17-VALERATO,,
201169A,1,1740,FACTOR VIII + FACTOR VON WILLEBRAND,,
1290A,1,156,HIDROXOCOBALAMINA,,
200897A,1,1880,ARNICA MONTANA + ARTEMISIA ABSINTHIUM + ANEMONA PULSATILLA,,
22HH,1,865,MAGNESIO HIDROXIDO,,
2901A,1,1046,LEVOCETIRIZINA,,
8198A,1,2071,AZACITIDINA,,
300801A,1,1266,APOSITO DE HIDROGEL EXTRAFINO,,
200450A,1,429,TECLOTIAZIDA POTASICA + CONCENTRADO ENZIMAS,,
2775A,1,1004,FIBRA VEGETAL,,
300221A,1,1120,DUCHA VAGINAL,,
200904A,1,589,OXIMETAZOLINA + MENTOL,,
2114A,1,2259,PENTAZOCINA,,
300024A,1,1082,BOLSAS ILEOST KARAYA ADHESIVO MICROPORO,,
1165A,1,115,INSULINA GLARGINA,,
200036A,1,2237,ANTIGENO HEPATITIS B + ANTIGENO HEPATITIS A,,
300855A,1,1278,FORMULAS ESPECIALES EXENTAS DE FENILALANINA SOLO AA,,
201152A,1,669,ACETONIDO TRIAMCINOLONA + ACIDO SALICILICO,,
869A,1,1629,EDETICO ACIDO,,
3319A,1,1326,BROMOCRIPTINA,,
-2,1,308,[Sin referencia],,
1142A,1,110,BRINZOLAMIDA,,
2364DH,1,886,CETIRIZINA DICLORHIDRATO,,
2159A,1,825,PIRISUDANOL,,
2972A,1,2012,OXIGENO,,
100420A,1,62,APOSITO REDUCTOR DE CICATRICES,,
300705A,1,1215,ABSORBENTE INC ORINA LIGERA FEMENINO,,
1628A,1,224,GAMMAGLOBULINA ANTI-RH,,
1158A,1,112,TIMOLOL,,
200085A,1,326,CALCIO PIDOLATO + COLECALCIFEROL,,
183EO,1,272,LACTATO HIERRO,,
1615A,1,220,FUROSEMIDA,,
200843A,1,1773,DULCAMARA + ANEMONA PULSATILLA + AZUFRE,,
1741A,1,252,INSULINA ISOFANICA,,
2081A,1,797,OXITETRACICLINA,,
975A,1,1666,AMIDOTRIZOICO ACIDO,,
300004A,1,1068,ABSORBENTE INC ORINA DIA RECT,,
8299A,1,1777,PIRFENIDONA,,
2048A,1,792,NITRENDIPINO,,
1010A,1,2228,ALCANFOR*,,
1683A,1,241,GRISEOFULVINA,,
300097A,1,2207,BOLSAS KARAYA ADHESIVO MICROPORO Y FILTRO  25  MM,,
2785A,1,1008,ENTACAPONA,,
2763A,1,2108,INDINAVIR,,
300777A,1,1251,APOSITO DE ESPUMA POLIURETANO EXTRAFINO,,
986A,1,1668,SULFADIAZINA,,
5036A,1,2100,FENOXIBENZAMINA,,
201305A,1,748,TAMSULOSINA + SOLIFENACINA,,
2340A,1,876,AZTREONAM,,
201265A,1,727,HIERRO PIROFOSFATO + VITAMINA C + VITAMINA B12,,
1706A,1,246,HEPARINA*,,
8032A,1,1554,ROTIGOTINA,,
300807A,1,1898,CINCHA ROTULIANA,,
201314A,1,755,KETOCONAZOL + ACETONIDO TRIAMCINOLONA,,
200889A,1,2189,ABEDUL + BREZO + GAYUBA + ESENCIA DE PINO,,
2930A,1,1051,OLMESARTAN,,
1883A,1,2037,MECLOZINA,,
392A,1,1380,AMIODARONA,,
200966A,1,617,CARBOCISTEINA + PROMETAZINA,,
201107A,1,2194,OXIMETAZOLINA CLORHIDRATO + BENZALCONIO,,
395A,1,1382,AMITRIPTILINA,,
2255SU,1,850,QUININA SULFATO,,
2678A,1,1860,PLANTAGO LANCEOLATA,,
1117A,1,98,RIMEXOLONA,,
200339A,1,405,NORETISTERONA + ESTRADIOL (DOSIS SECUENCIALES),,
201012A,1,625,RETINOL+COLECALCIFEROL+OXIDO DE ZINC,,
1036A,1,75,TROSPIO,,
8719A,1,1886,IBRUTINIB,,
2819A,1,1025,ALMOTRIPTAN,,
200799A,1,539,DEXTROMETORFAN + CLORFENAMINA + PARACETAMOL,,
3714ZM,1,1354,AVENA CONCENTRADO COLOIDAL,,
2742A,1,2154,ROPIVACAINA,,
300714A,1,1219,ALIMENTOS USO MEDICO,,
200728A,1,508,BENAZEPRIL + HIDROCLOROTIAZIDA,,
808A,1,2279,BUFLOMEDIL,,
1380A,1,173,DISOPIRAMIDA,,
2896A,1,1045,VARDENAFILO,,
2706A,1,976,FOSFATO DISODICO DODECAHIDRATADO,,
2143A,1,818,HIDROXICLOROQUINA,,
209A,1,801,NORFLOXACINO,,
8106A,1,1564,VILDAGLIPTINA,,
1103A,1,95,IMIQUIMOD,,
2142A,1,817,ENALAPRIL,,
1226A,1,137,CASSIA ANGUSTIFOLIA,,
2881A,1,1771,ERTAPENEM,,
1653A,1,232,GLIBENCLAMIDA,,
2791A,1,1012,LEVOFLOXACINO,,
947A,1,1661,ESCINA,,
2100A,1,803,FAMOTIDINA,,
200275A,1,383,PROPILENGLICOL 4000+ CLORURO SODICO+ CLORURO POTASICO+ BICARBONATO SODICO+ SULFATO SODICO+ DIHIDROGENOFOSFATO DE SODICO,,
3840A,1,1365,CEFOTAXIMA,,
63A,1,1465,CITRICO ACIDO*,,
1023A,1,74,SIMVASTATINA,,
8348A,1,1593,ULIPRISTAL,,
300853A,1,2002,ABSORBENTE INC ORINA NOCHE ELAST ANAT,,
1802A,1,265,JALEA REAL,,
8467A,1,1891,DOLUTEGRAVIR,,
123HH,1,140,POTASIO HIDROXIDO,,
90496A,1,1649,MELATONINA,,
489A,1,1406,BETAHISTINA,,
201309A,1,1824,OMBITASVIR+PARITAPREVIR+RITONAVIR,,
300109A,1,1091,BOLSAS RECOGIDA ORINA,,
327A,1,1323,CLORTALIDONA,,
1137A,1,107,LAUROMACROGOL 400 (POLIDOCANOL),,
300252A,1,1123,FILTROS COLOSTOMIA MAGNETICA,,
100339A,1,42,CEPILLO DENTAL,,
200730A,1,509,LEVODOPA + CARBIDOPA + ENTACAPONA,,
656DH,1,2084,CLORHEXIDINA DIHIDROCLORURO,,
730A,1,1517,DIAZEPAM,,
2131A,1,812,PIMOZIDA,,
698DN,1,1482,CROMOGLICATO DISODICO,,
59A,1,1450,RIBOFLAVINA*,,
201242A,1,711,ACETATO DE NOMEGESTROL + ESTRADIOL,,
1889A,1,283,MEFENAMICO ACIDO,,
855A,1,1611,DIFLORASONA,,
300838A,1,2094,APOSITO DE COLAGENO CON CELULOSA OXIDADA REGENERADA Y PLATA,,
300850A,1,1276,COMPLETA POLIMERICAS NORMOPROTEICA HIPOCALORICA CON FIBRA,,
7009A,1,1487,ALFUZOSINA,,
140A,1,1934,COBRE,,
1122A,1,2173,ANTIGENO SUPERFICIE VIRUS GRIPE,,
1908A,1,286,MEPIRAMINA,,
201318A,1,1899,LEDIPASVIR + SOFOSBUVIR,,
200009A,1,2026,ACETILSALICILICO ACIDO + GLUCOSAMINAGLUCONATO,,
1121A,1,101,EMEDASTINA,,
1943A,1,296,METILDOPA,,
84A,1,1609,CLOROFILA,,
1568A,1,2130,FLUNITRAZEPAM,,
1571A,1,211,FLUOROMETOLONA,,
201267A,1,728,IODURO MAGNESIO+FLUORURO MAGNESIO+CLORURO MAGNESIO+BROMURO MAGNESIO,,
1217A,1,134,PIOGLITAZONA (D.C.I.-R),,
201254A,1,720,RUSCUS ACULEATUS + HESPERIDINA + AC ASCORBICO,,
2552A,1,933,ACECLOFENACO,,
300766A,1,1243,APOSITO DE ESPUMA POLIURETANO CON GEL,,
200751A,1,520,ALENDRONATO + COLECALCIFEROL (2800 UI),,
200935A,1,603,POTASIO IODURO + CIANOCOBALAMINA + ACIDO FOLICO,,
2369A,1,887,SELEGILINA,,
300367A,1,1156,SUSPENSORIO,,
201344A,1,1877,HIDROCORTISONA + CLOTRIMAZOL,,
300001A,1,1065,ABSORBENTE INC ORINA SUP-NOC ANAT,,
200675A,1,494,INSULINA ASPARTA ACCION INTERMEDIA,,
200439A,1,1803,SOLUCION RINGER LACTATO,,
201271A,1,1931,ELVITEGRAVIR + COBICISTAT + EMTRICITABINA + TENOFOVIR,,
300821A,1,1750,APOSITO MODULADOR DE METALOPROTEASAS,,
1329A,1,2128,PIPERAZINA,,
142A,1,185,COLCHICINA,,
200232A,1,368,GELATINA,,
300575A,1,1189,CANULA TRAQUEOT-LARING SILICONA,,
100393A,1,1715,BACTERIAS LETI,,
29Z,1,2206,ALFA-1 ANTITRIPSINA,,
200106A,1,2240,CLORANFENICOL + NAFAZOLINA + ZINC SULFATO,,
201215A,1,702,PYGEUM AFRICANUM + GLUTAMICO AC. + GLICINA + ALANINA,,
2460A,1,914,ZUCLOPENTIXOL,,
300805A,1,1270,APOSITO POLIPROPILENO NO ADHESIVO,,
1171AD,1,119,TRIAMCINOLONA ACETONIDO,,
201326A,1,763,ALOGLIPTINA + PIOGLITAZONA,,
775A,1,1547,DIHIDROCODEINA,,
124A,1,2175,CITARABINA,,
3702A,1,1913,HIPERICO,,
2664A,1,967,VENLAFAXINA,,
200305A,1,395,METOCLOPRAMIDA + DIMETICONA,,
2361A,1,883,TIOCONAZOL,,
2408A,1,899,CINITAPRIDA,,
5016A,1,2120,PROPILTIOURACILO,,
3888A,1,1376,ALFACALCIDOL,,
2296A,1,861,SULFASALAZINA,,
1624A,1,223,INMUNOGLOBULINA HUMANA NORMAL,,
300798A,1,1758,APOSITO DE HIDROGEL 20% NaCl,,
2278A,1,2122,ROMERO,,
1740A,1,2233,OXITRIPTAN,,
300362A,1,1151,SONDA RECTAL,,
200462A,1,431,TRANDOLAPRIL + VERAPAMILO,,
3194A,1,1306,VALPROICO ACIDO,,
200168A,1,350,DOXICICLINA  + TRIPSINA + QUIMOTRIPSINA,,
7358A,1,1524,CEFDITORENO,,
637A,1,1464,GEMFIBROZILO,,
201308A,1,751,SACCHAROMYCES BOULARDII + L ACTOBACILLUS RHAMNOSUS,,
200110A,1,2241,CLORAZEPATO + G-AMINO-B-HIDROXIBUTIRICO ACIDO + PIRIDOXINA,,
200341A,1,407,OXITETRACICLINA + POLIMIXINA B,,
1853A,1,1953,LIOTIRONINA,,
200948A,1,607,CALENDULA EXTO + AGUA HAMAMELIS + ACIDO BORICO + TETRABORATO DE SODIO,,
2120A,1,809,PERFENAZINA,,
7382A,1,1733,SAQUINAVIR,,
2754A,1,994,DORZOLAMIDA,,
201095A,1,641,XILOMETAZOLINA + IPRATROPIO,,
138SU,1,177,ZINC SULFATO,,
1346A,1,164,HIDROQUINIDINA,,
2350MG,1,2152,ESPAGLUMATO MAGNESICO,,
2451A,1,1716,LISURIDA,,
1334A,1,162,FENITOINA,,
8588A,1,1881,DABRAFENIB,,
1214A,1,132,UREA,,
201362A,1,779,KETOCONAZOL + AC. TRIAMCINOLONA + ERITROMICINA + LIDOCAINA,,
200846A,1,1734,ACEITE CACHUETE + BREA VEGETAL + ACEITE ENEBRO + BREA  DE HULLA,,
1870A,1,2236,MANITOL*,,
300107A,1,1090,BOLSAS KARAYA FILTRO,,
200808A,1,543,PARACETAMOL + FENILEFRINA + CLORFENAMINA,,
201200A,1,696,SULFATO DE COBRE SOLUCION,,
201094A,1,640,MACROGOL + SODIO SULFATO ANHIDRO + SODIO CLORURO + POTASIO CLORURO + ÁCIDO ASCÓRBICO + ASCORBATO DE SODIO,,
300851A,1,1277,COMPLETAS POLIMERICAS HIPERPROTEICA HIPOCALORICAS CON FIBRA,,
300823A,1,1697,COMPRESA DE CELULOSA,,
8049A,1,1806,VIRUS PAPILOMA HUMANO TIPO 16 PROTEINA L1,,
2338A,1,873,MEGESTROL,,
7157A,1,1498,LOSARTAN,,
300118A,1,2065,BOLSAS RESINA SINTETICA  FILTRO  40  MM,,
200629A,1,2138,APROTININA + TROMBINA + FIBRINOGENO + FACTOR XIII + CALCIO,,
200880A,1,580,PIRITIONATO DE ZN + ACEITE DE CACAHUETE + ACEITE DE ENEBRO + BREA DE HULLA,,
105A,1,80,FENOXIMETILPENICILINA,,
878A,1,1635,ETIDRONICO ACIDO,,
2137A,1,814,FENTICONAZOL,,
7269A,1,1987,INMUNOGLOBULINA G HUMANA,,
1878A,1,282,MEBEVERINA,,
200155A,1,346,DIHIDROERGOCRISTINA + CINARIZINA,,
200763A,1,1788,BACTERIAS UROMUNE,,
2144A,1,2150,PIPOTIAZINA,,
2477A,1,918,BROTIZOLAM,,
200813A,1,1986,ESENCIA SATUREIA HORTENSIS + GINSENG SIBERIANO,,
200832A,1,551,VALERIANA + CRATAEGUS OXIACANTA + PASSIFLORA + ESENCIA DE AZAHAR,,
200000A,1,1964,ABACAVIR + LAMIVUDINA + ZIDOVUDINA,,
200596A,1,458,NORTRIPTILINA + DIAZEPAM,,
100283A,1,1863,TINTE,,
200790A,1,531,GESTODENO + ETINILESTRADIOL,,
1348A,1,165,OXICODONA,,
200893A,1,1823,PREPARADOS EXPECTORANTES,,
300799A,1,2087,APOSITO DE HIDROGEL CON BORDE,,
811A,1,1871,BUPIVACAINA,,
2945A,1,1056,LANTANO,,
200088A,1,328,CAPTOPRIL + HIDROCLOROTIAZIDA,,
2599A,1,2089,TOXINA BOTULINICA TIPO A,,
200894A,1,1822,ACIDO SALICILICO + ALCANFOR,,
300688A,1,1204,ABSORBENTE INCONTINENCIA LIGERA,,
1131A,1,104,BUPROPION,,
201A,1,786,ACICLOVIR,,
2228A,1,1679,PROTAMINA,,
7059A,1,1493,FAMCICLOVIR,,
300210A,1,1114,COLECTOR ORINA CON TIRA,,
3655A,1,1346,POLIESTIRENO SULFONATO,,
8353A,1,1775,ELTROMBOPAG,,
200579A,1,453,CLORANFENICOL + DEXAMETASONA,,
201312A,1,753,AZELASTINA + FLUTICASONA,,
408A,1,2081,AMFOTERICINA B,,
201203A,1,699,ATENOLOL + HIDROCLOROTIAZIDA + AMILORIDA,,
2993A,1,2205,TIPRANAVIR,,
7354A,1,1523,CICLESONIDA,,
200868A,1,571,POTASIO IODURO + IODO,,
200926A,1,598,RAMIPRIL + HIDROCLOROTIAZIDA,,
200970A,1,620,METFORMINA + SITAGLIPTINA,,
201241A,1,1833,EMTRICITABINA + RILPIVIRINA + TENOFOVIR DISOPROXIL FUMARATO,,
7275A,1,1511,PANTOPRAZOL,,
2996A,1,2102,POSACONAZOL,,
2833A,1,2112,IMATINIB,,
100460A,1,1816,ALERGENOS ITAI,,
200536A,1,445,EMULSION LIPIDICA,,
300360A,1,1149,SIST IRRIG COLOST,,
201047A,1,631,TIMOLOL + BRINZOLAMIDA,,
88A,1,1641,LORMETAZEPAM,,
8350A,1,1594,DRONEDARONA,,
3865A,1,1371,DANAZOL,,
201163A,1,678,UREA + ADEPS LANAE + ACIDO LACTICO + ACIDO SALICILICO + MENTOL,,
2866A,1,1038,FONDAPARINUX,,
8296A,1,1584,DESVENLAFAXINA,,
2002A,1,394,NAPROXENO,,
200820A,1,546,OPIO EXTO + BELLADONA EXTO,,
201345A,1,1979,METRONIDAZOL + LIDOCAINA,,
726D,1,1901,COMPLEJO HIERRO DEXTRAN,,
201097A,1,642,TRIMETOPRIM + SULFAMETOXAZOL + BROMHEXINA + EXTO BALSAMO TOLU,,
201284A,1,2197,TETRACICLINA + METRONIDAZOL + BISMUTO,,
1083A,1,89,MIANSERINA,,
200354A,1,411,PARACETAMOL + CODEINA,,
7140A,1,2276,DOSMALFATO,,
1996A,1,306,NAFAZOLINA,,
300522A,1,1185,BOLSAS COLOST SIST DOBLE ACOPLAMIENTO ADHESIVO,,
200253A,1,374,HIDROCORTISONA + OXITETRACICLINA + POLIMIXINA B,,
200853A,1,562,TRETINOINA + ERITROMICINA,,
201201A,1,697,GINKGO BILOBA + MAGNESIO,,
200916A,1,593,AMILMETACRESOL + ACIDO ASCORBICO + DECLOROBENCILICO,,
2998A,1,1800,OXIBATO DE SODIO,,
7395A,1,1529,GLIMEPIRIDE,,
200831A,1,1945,VALERIANA + LUPULO,,
2602A,1,954,CEFPODOXIMA,,
500A,1,1415,BIPERIDENO,,
200633A,1,477,BETAMETASONA + FUSIDICO ACIDO,,
1269A,1,2066,SIROLIMUS,,
200857A,1,564,ZINC PIRITIONATO + BREA DE HULLA,,
1971A,1,304,MINOCICLINA,,
235A,1,882,SERENOA REPENS,,
2655A,1,964,CITALOPRAM,,
145A,1,191,PANTENOL,,
1272A,1,151,RUPATADINA,,
1815A,1,268,LACTASA,,
300205A,1,1110,CINTURON OSTOMIA,,
2150A,1,820,PIRACETAM,,
300849A,1,1989,BOLSA NUTRICIÓN ENTERAL,,
201245A,1,1684,ACIDO GLICOLICO + PROPILENGLICOL + BUTILENGLICOL + ACIDO SALICÍLICO,,
200096A,1,2239,CINARIZINA + HEPTAMINOL,,
2824A,1,1026,TE VERDE,,
200755A,1,523,TIMOLOL + BRIMONIDINA,,
2713A,1,978,BICALUTAMIDA,,
2818A,1,1024,ZIPRASIDONA,,
2353A,1,1692,PRAMOCAINA,,
1729A,1,250,HIDROXIZINA,,
201131A,1,663,SALMONELLA TYPHI INACTIVADOS + SALMONELLA TYPHI VIVOS,,
201282A,1,739,INDACATEROL + GLICOPIRRONIO,,
300848A,1,1275,COMPLETA POLIMERICA NORMOPROTEICA NORMOCALORICA CON FIBRA,,
201296A,1,745,CASSIA ANGUSTIFOLIA + CASSIA FISTULA + CORIANDRO + TAMARINDO,,
7380A,1,1526,FLUVASTATINA,,
300819A,1,1949,LOCION LIMPIADORA ANTIMICROBIANA,,
90396A,1,1647,LACTOBACILLUS PLANTARUM,,
679A,1,1476,CLOTRIMAZOL,,
8446A,1,1847,FOSAPREPITANT,,
1198A,1,128,CALCITRIOL,,
300844A,1,2101,SISTEMA + 2 SONDAS RECTALES CON BALON + 2 CINTAS,,
8360A,1,1896,GOLIMUMAB,,
201332A,1,767,L-METIONINA + FITINA,,
300722A,1,1223,ABSORBENTE INC ORINA DIA ELAST ANAT,,
928A,1,1658,FLUOCINONIDA,,
200950A,1,609,PASTA LASSAR,,
201061A,1,2145,MELITRACENO + FLUPENTIXOL,,
1211A,1,2174,LUTROPINA ALFA,,
200010A,1,311,ACETILSALICILICO ACIDO + PARACETAMOL + CAFEINA,,
300487A,1,1179,SONDA VESICAL BAJA FRICCION NELATON ADOLESCENTE,,
200725A,1,507,CALCIO GLUBIONATO + CALCIO CARBONATO,,
200672A,1,492,CLORANFENICOL + HIDROCORTISONA,,
8687A,1,1627,TREHALOSA,,
300862A,1,1897,CAMARA INHALACION + MASCARILLA NEONATOS,,
300020A,1,1081,BOLSA ADHESIVO Y FILTRO,,
1212XM,1,131,CAPSICUM OLEORRESINA,,
201141A,1,666,METOCLOPRAMIDA+DEANOL+CIPROHEPTADINA,,
2041A,1,790,NORTRIPTILINA,,
200841A,1,556,LIDOCAINA + CARRAGAHEN  + TITANIO OXIDO,,
1078A,1,87,MESNA,,
2582A,1,944,FLUTICASONA,,
2756A,1,995,SERTINDOL,,
1057A,1,2125,GLIQUIDONA,,
201359A,1,778,HIDROXIZINA CLORHIDRATO + CIMETIDINA,,
8100A,1,2280,ANIDULAFUNGINA,,
34CH,1,1340,PIRIDOXINA CLORHIDRATO,,
201041A,1,630,COMPLEJO VITAMINICO,,
1720CH,1,249,HIDRALAZINA CLORHIDRATO,,
1810A,1,267,KETOPROFENO,,
300839A,1,2077,APOSITO CON IODOPOVIDONA,,
2883A,1,1866,PEGINTERFERON ALFA-2 A,,
2395A,1,893,LEVOBUNOLOL,,
300145A,1,1097,BOLSAS SISTEMA DOBLE,,
1140A,1,108,CELECOXIB,,
200677A,1,495,PENTOSANO + TIMOL,,
200703A,1,501,CIANOCOBALAMINA + DEXAMETASONA + TIAMINA + LIDOCAINA,,
200615A,1,469,INSULINA LISPRO ACCION INTERMEDIA,,
300198A,1,1103,BRAGUERO INGUINAL BILATERAL,,
7281A,1,1513,MIZOLASTINA,,
1442A,1,188,ESTANOZOLOL,,
7406A,1,1533,IRBESARTAN,,
1118A,1,1872,CETRORELIX,,
8617A,1,1620,INGENOL MEBUTATO,,
201352A,1,1760,DARUNAVIR + COBICISTAT,,
201290A,1,742,ATORVASTATINA + ACIDO ACETILSALICILICO + RAMIPRIL,,
300852A,1,1790,ABSORBENTE INC ORINA NOCHE ANAT,,
1012A,1,2172,ANEMONA PULSATILLA,,
300712A,1,1217,COMPLEMENTOS DE DIETAS HIPOCALORICAS,,
300713A,1,1218,COMPLEMENTO ALIMENTICIO PERSONAS DE EDAD,,
1434A,1,186,ESPIRAMICINA,,
8474A,1,1607,RETIGABINA,,
5032A,1,1419,ATOVACUONA,,
300797A,1,1264,APOSITO DE HIDROGEL,,
300809A,1,2271,APOSITO BIOSINTETICO PARA QUEMADOS,,
200181A,1,356,ESCOPOLAMINA + METAMIZOL,,
300345A,1,1138,MUÑEQUERA METACARPIANA,,
300103A,1,2209,BOLSAS KARAYA ADHESIVO MICROPORO Y FILTRO  50  MM,,
8074A,1,2042,DARUNAVIR,,
100325A,1,1804,JABON LIQUIDO,,
100457A,1,68,ACIDOS GRASOS,,
300866A,1,1281,PARCHE TERMICO,,
200317A,1,398,NEOMICINA +  HIDROCORTISONA,,
2188A,1,833,MIDECAMICINA,,
200537A,1,2249,EMULSION LIPIDICA + AMINOACIDOS + HIDRATOS CARBONO,,
3174A,1,1302,TRIMIPRAMINA,,
48A,1,1407,LIDOCAINA,,
300008A,1,1072,ALGODON ARROLLADO PURO,,
201098A,1,643,TRIAMCINOLONA + PENTOSANOPOLISULFURICO + LIDOCAINA,,
100281A,1,25,ADHESIVO PROTESIS DENTAL,,
1720A,1,248,HIDRALAZINA,,
201355A,1,777,ACIDO BORICO + SUBNITRATO DE BISMUTO,,
200704A,1,502,SODIO CLORURO +  SODIO BICARBONATO + POTASIO CLORURO + SODIO SULFATO + POLIETILENGLICOL,,
300693A,1,1208,FORMULAS COMPLETAS OLIGOMERICAS NORMOPROTEICAS INFANTIL,,
3170A,1,1299,TROLAMINA,,
201302A,1,2103,CICLOPENTOLATO +FENILEFRINA+LIDOCAINA,,
201195A,1,695,HIDROCORTISONA + PROPANOCAINA,,
2781A,1,1006,ALENDRONICO ACIDO,,
300368A,1,1157,TOBILLERA,,
1088A,1,91,PENTOXIFILINA,,
200642A,1,483,FLUOCINOLONA ACETONIDO + FRAMICETINA,,
8475A,1,1937,BOCEPREVIR,,
1599A,1,217,FOSFOMICINA,,
200585A,1,455,RUSCOGENINA + TRIMEBUTINA,,
201237A,1,710,ISOFLAVONAS + CALCIO + VITAMINA D,,
2992A,1,1062,IVABRADINA,,
880A,1,1637,ETOFENAMATO,,
2899A,1,1920,ADEFOVIR DIPIVOXIL,,
200734A,1,2018,ABACAVIR + LAMIVUDINA,,
200156A,1,347,DIHIDROERGOCRISTINA + PIRACETAM,,
201118A,1,652,CONDROITINA + GLUCOSAMINA,,
201307A,1,750,UREA+BETAMETASONA DIPROPIONATO+AC. SALICILICO,,
1790A,1,261,ISONIXINO,,
2964A,1,1878,COMPLEJO HIERRO (III) SACAROSA,,
7127A,1,2163,TILUDRONICO ACIDO,,
300470A,1,1170,TIRAS REACTIVAS ACETONA ORINA,,
509A,1,1422,BREA HULLA,,
8017B,1,1552,ANANAS COMOSUS (L.) MERR.,,
300791A,1,1260,APOSITO DE HIDROCOLOIDE TRANSPARENTE,,
3826A,1,1364,TRIFLUSAL,,
201159A,1,675,UREA + LANOLINA + AC SALICILICO + ALANTOINA + ACETONIDO TRIAMCINOLONA,,
300775A,1,1250,APOSITO DE ESPUMA POLIURETANO CON VASELINA,,
2796A,1,1015,TOLTERODINA,,
3276A,1,1322,CEFACLOR,,
5061A,1,1420,POLISACARIDOS CAPSULARES PNEUMOCOCO,,
200921A,1,2190,ACIDO ACETILSALICILICO + CLORFENAMINA + ACIDO ASCORBICO + NUEZ DE COLA,,
201153A,1,670,ACETONIDO TRIAMCINOLONA + CREMA LANETTE,,
7159A,1,2277,MIFEPRISTONA,,
200851A,1,561,HAMAMELIS EXTO FLUIDO + NEFAZOLINA,,
300772A,1,1247,APOSITO DE ESPUMA POLIURETANO CON PLATA HIDROCOLOIDE BORDE,,
201130A,1,662,OXICODONA + NALOXONA,,
300178A,1,1100,BOLSAS UROST KAR ADH MIC,,
201079A,1,1693,PROPILENGLICOL+ACEITE AGUACATE+EXTRACTO DE SOLANUM LYCOPERSICUM,,
3210A,1,1836,VID ROJA EXTO FLUIDO,,
364A,1,2092,EPIRUBICINA,,
195A,1,2132,TERFENADINA,,
8258A,1,1573,DABIGATRAN,,
158A,1,216,NORETISTERONA,,
8269A,1,1576,VACCINIUM MACROCARPUM (ARANDANO ROJO),,
2055A,1,794,FELODIPINO,,
7160A,1,1499,MIGLITOL,,
200056A,1,319,BENCILPENICILINA  ( SODICA - PROCAINA - BENZATINA ),,
7362A,1,1525,CEFEPIME,,
200954A,1,612,BUPRENORFINA + NALOXONA,,
1051A,1,79,PERINDOPRIL,,
200922A,1,1837,AC. ASCORBICO + FENILEFRINA + PARACETAMOL,,
201115A,1,650,MACROGOL + BICARBONATO SODICO + CLORURO SODICO + CLORURO POTASICO,,
200509A,1,1909,RUSCOGENINA EN ASOCIACION,,
201315A,1,756,PARACETAMOL + ACETILCISTEINA,,
300211A,1,2210,COMPLETA POLIMERICAS NORMOPROTEICA HIPOCALORICA,,
2767A,1,1001,ROPINIROL,,
1464A,1,192,ETAMBUTOL,,
300864A,1,2215,MASCARILLA PARA CAMARA INHALACION INFANTIL,,
200049A,1,318,B.PERTUSSIS + T. TETANICO + T. DIFTERICO,,
2925A,1,1050,FULVESTRANT,,
200680A,1,496,TELMISARTAN + HIDROCLOROTIAZIDA,,
200211A,1,360,FLUFENAMICO ACIDO + GLUCOSAMINAGLUCONATO + SALICILICO ACIDO,,
200969A,1,619,OLMESARTAN + AMLODIPINO,,
201137A,1,665,ACIDO FUSIDICO + HIDROCORTISONA,,
2458A,1,913,NALTREXONA,,
1745A,1,1933,FLUMAZENILO,,
300116A,1,1094,BOLSAS RESINA SINTETICA  FILTRO,,
201155A,1,672,UREA + ADEPS LANAE + HIDROCORTISONA,,
1832A,1,1875,LESPEDEZA CAPITATA EXTO,,
3214A,1,1311,VIOLETA DE GENCIANA,,
300795A,1,1262,APOSITO DE HIDROFIBRA DE HIDROCOLOIDE,,
200245A,1,372,HIDROCORTISONA +  TIROTRICINA + ISOPROPILBENZATROPINA,,
300861A,1,1280,CAMARA INHALACION + MASCARILLA INFANTIL,,
200032A,1,1861,AMPICILINA  +  AMPICILINA-BENZATINA,,
957A,1,1783,ISOPROPILICO ALCOHOL,,
8280A,1,2074,ICATIBANT,,
300208A,1,1112,COLECTOR ORINA AUTOADHESIVO,,
300810A,1,1696,APOSITO FIJACION VIAS PERIFERICAS,,
2780A,1,1005,DONEPEZILO,,
200878A,1,1755,IODO TINTURA + QUELIDONIO ALCOHOLATURA +AC. SALICILICO + TUYA TINTURA + AC. ACETICO,,
200199A,1,359,FENILEFRINA + TETRACAINA,,
22SB,1,1835,MAGNESIO SILICATO,,
2976A,1,1061,RASAGILINA,,
2454A,1,912,LACTITOL,,
300804A,1,1269,APOSITO MALLA CON SILICONA,,
200848A,1,558,MENTOL + ALCANFOR,,
300098A,1,2208,BOLSAS KARAYA ADHESIVO MICROPORO Y FILTRO  30  MM,,
300527A,1,1187,APOSITOS B OSTOM RES SINT ACOPLAM ADH,,
300860A,1,1279,CAMARA INHALACION + MASCARILLA ADULTOS,,
200668A,1,490,ZINC + PREDNISOLONA + CINCOCAINA + RUSCOGENINA,,
1835A,1,2039,LEVADURA CERVEZA,,
100171A,1,2226,FORMULA MAGISTRAL Y PREPARADO OFICINAL,,
1849A,1,276,LINDANE,,
200171A,1,352,DROSERA EXTO FLUIDO + TOMILLO EXTO FLUIDO,,
300257A,1,1125,FORMULAS ESPECIALES CON PROTEINAS DE SOJA SIN LACTOSA PARA LACTANTES,,
8076A,1,1557,TAFLUPROST,,
2329A,1,871,FEPRADINOL,,
200870A,1,1874,PARACETAMOL + PSEUDOEFEDRINA + ACIDO ASCORBICO,,
3341A,1,1328,SUERO FISIOLOGICO*,,
100394A,1,2227,BACTERIAS STALLERGENES,,
8323A,1,1592,LIRAGLUTIDA,,
100327A,1,38,PARCHE JUANETES,,
8075A,1,1556,SITAGLIPTINA,,
8357A,1,1595,SAXAGLIPTINA,,
200099A,1,332,CIPROTERONA + ETINILESTRADIOL,,
201183A,1,690,OLMESARTAN + AMLODIPINO + HIDROCLOROTIAZIDA,,
201342A,1,773,EXTRACTOS CITOPLASMÁTICOS PURIFICADOS DE POLEN + VIT E,,
588A,1,1446,CARBIMIDA,,
1390A,1,178,DOBESILATO CALCICO,,
300660A,1,1201,APOSITO ADHESIVO FILTRO LARINGECTOMIA,,
300769A,1,1245,APOSITO DE ESPUMA POLIURETANO CON HIDROCOLOIDE Y BORDE,,
2388A,1,2260,DOSULEPINA,,
200174A,1,354,ENALAPRIL + HIDROCLOROTIAZIDA,,
1999A,1,307,NAFTIDROFURILO,,
3859A,1,1369,TRIMETAZIDINA,,
201122A,1,2195,OTRAS ASOCIACIONES DE TONICOS,,
1474A,1,193,ETILEFRINA,,
48CH,1,1408,LIDOCAINA CLORHIDRATO,,
200885A,1,582,DEXTROMETORFANO + FENILEFRINA,,
300361A,1,1150,SONDA GASTRICA,,
2588A,1,947,SALMETEROL,,
200791A,1,532,ETINILESTRADIOL + DESOGESTREL,,
100340A,1,43,AGUA GELIFICADA,,
200405A,1,427,SALICILATO DIETILAMINA + MIRTECAINA,,
98A,1,1670,ACETOHIDROXAMICO ACIDO,,
300802A,1,1267,APOSITO MALLA CON HIDROCOLOIDE Y VASELINA,,
201129A,1,661,CLOPIDOGREL + ACETILSALICILICO ACIDO,,
100269A,1,2168,TIRAS NASALES,,
1806A,1,1718,FOSFORO,,
2863A,1,1036,ETORICOXIB,,
200821A,1,547,CASCARA SAGRADA + ALOE,,
300854A,1,1879,CONTENEDOR RESIDUOS CITOSTÁTICOS,,
2185A,1,831,SILIMARINA,,
201279A,1,736,CLINDAMICINA + BENZOILO PEROXIDO,,
201194A,1,1723,TIROTRICINA + RETINOL + ESTRONA + BENZOCAINA + COLECALCIFEROL + BALSAMO DEL PERU,,
200356A,1,413,PARACETAMOL + CODEINA + CAFEINA,,
2127A,1,811,PICOSULFATO SODICO,,
3197A,1,1307,VANCOMICINA,,
1761A,1,2234,HOMATROPINA,,
200783A,1,526,VALSARTAN + AMLODIPINO,,
8315A,1,1589,POLEN GRAMINEA EXTRACTO ALERGENICO,,
1423A,1,184,ESCOPOLAMINA,,
201065A,1,2258,MONOFLUORURO FOSFATO SODICO+FLUORURO SODICO,,
300691A,1,1206,MODULOS DE AMINOACIDOS,,
55A,1,1438,FENOBARBITAL,,
8349A,1,1851,ABIRATERONA,,
8092A,1,1561,RUFINAMIDA,,
201121A,1,655,DUTASTERIDE + TAMSULOSINA,,
8399A,1,1600,LISDEXANFETAMINA,,
201240A,1,2196,ACIDO ASCORBICO + TOCOFEROL + CAFE + CARTAMO + L-CARNITINA + CAYENA,,
69HP,1,1483,ALUMINIO HIDROXIDO POLVO,,
1951A,1,298,TIAMAZOL,,
1904A,1,1905,MENTOL*,,
2222A,1,845,LISINOPRIL,,
201303A,1,747,FORMOTEROL + FLUTICASONA,,
201246A,1,713,GINKGO BILOBA + MAGNESIO + MELATONINA,,
300717A,1,1220,TOALLITA DESMAQUILLANTE ESTERIL SIN ALCOHOL,,
7408A,1,1534,BARNIDIPINA,,
2718OY,1,1864,ECHINACEA PURPUREA TINTURA RAIZ,,
3848A,1,1368,GAMMAGLOBULINA ANTIHEPATITIS B,,
8710A,1,1633,ALOGLIPTINA,,
3158A,1,2217,TRANILCIPROMINA,,
300794A,1,2213,APOSITO DE HIDROFIBRA CON ALGINATO,,
1043A,1,77,BALSAMO PERU,,
2215A,1,842,PRANOPROFENO,,
200563A,1,1906,PERFENAZINA + AMITRIPTILINA,,
201223A,1,705,BERBERINA + LEVADURA ROJA + POLICOSANOLES + COENZIMA Q10 + ASTAXANTINA + ACIDO FOLICO,,
100158A,1,1736,METIRAPONA,,
886A,1,1638,PREDNISONA,,
300784A,1,1255,APOSITO DE HIDROCOLOIDE CON BORDE,,
912A,1,1654,PROPAFENONA,,
200920A,1,1856,DEXTROMETORFAN + FENILPROPANOLAMIDA,,
201018A,1,2192,SULFAMETOXAZOL + SULFOGUAYACOL + TRIMETOPRIM,,
100190A,1,8,ACIDO DOCOSAHEXANOICO,,
2A,1,1063,RANITIDINA,,
300639A,1,1198,ESPARADRAPO HIPOALERGICO FLEXIBLE,,
300782A,1,2049,APOSITO DE ESPUMA POLIURETANO TUBULAR,,
2990A,1,2265,PALONOSETRON,,
778A,1,1548,DIHIDROERGOCRISTINA,,
279A,1,1017,AGUA OXIGENADA *,,
362A,1,2218,OXPRENOLOL,,
300467A,1,1168,VENDA DE MALLA HIDROFILA,,
602A,1,1452,CIPROTERONA,,
200151A,1,345,DIFLUCORTOLONA + CLORQUINALDOL,,
501297LR,1,1862,BACTERIAS BIOMED,,
100395A,1,51,BACTERIAS API,,
1704A,1,245,CELIPROLOL,,
300102A,1,2080,BOLSAS KARAYA ADHESIVO MICROPORO Y FILTRO  45 MM,,
100279A,1,2060,BARRA DE LABIOS,,
1583A,1,214,GONADOTROFINA CORIONICA (HCG),,
201330A,1,1779,METRONIDAZOL + NEOMICINA SULFATO,,
7064A,1,1969,TALIDOMIDA,,
123CL,1,139,POTASIO CLORURO,,
201220A,1,704,CASCARA SAGRADA + FRANGULA  EXTO SECO,,
201093A,1,639,AMINOACRIDINA+HEMISUCCIONATO DE HIDROCORTISONA+ALANTOÍNA+LIDOCAÍNA CLORHIDRATO,,
200015A,1,2180,ACIDO CROMOGLICICO + ISOPRENALINA,,
201175A,1,1818,DRONABINOL + CANNABIDIOL,,
201036A,1,629,LERCANIDIPINA + ENALAPRIL,,
7100A,1,1495,FLUTRIMAZOL,,
2180A,1,830,TENOXICAM,,
7377A,1,1865,RILUZOL,,
8615A,1,1619,DAPAGLIFLOZINA,,
8286A,1,1873,METILNALTREXONA,,
300832A,1,2035,APOSITO DE HIDROFIBRA DE HIDROCOLOIDE CON PLATA CON FILM DE POLIURETANO,,
471A,1,1402,BENCIDAMINA,,
1077A,1,86,ORLISTAT,,
1055A,1,1820,OXIBUPROCAINA,,
2924A,1,1049,EPLERENONA,,
2828A,1,2027,GLATIRAMERO ACETATO,,
2720A,1,980,DIACEREINA,,
2179A,1,829,NIMODIPINO,,
200745A,1,517,SOLUCION ELECTROLITICA ISOTÓNICA,,
433A,1,1393,HIDROSMINA,,
9A,1,1675,RETINOL,,
300783A,1,1254,APOSITO DE HIDROCOLOIDE,,
300253A,1,2155,FUNDA OSTOMIA,,
200043A,1,316,ATENOLOL + BENDROFLUMETIAZIDA,,
300707A,1,2211,LECHE Y FORMULAS DE CONTINUACION DESDE EL 4º Y 6º MES,,
7153A,1,1497,MELOXICAM,,
200220A,1,363,FLUORESCEINA + OXIBUPROCAINA,,
7330A,1,1521,MICOFENOLICO ACIDO,,
201090A,1,638,DELAPRIL + MANIDIPINO,,
100276A,1,22,DESODORANTE,,
200872A,1,574,PARACETAMOL + PSEUDOEFEDRINA + DEXTROMETORFAN,,
2864A,1,1037,BIMATOPROST,,
200433A,1,1744,SOLUCION NITROGENADA HIPOCALORICA,,
8654A,1,2007,DACLATASVIR,,
201259A,1,723,ACIDOS GRASOS OMEGA 3 + VITAMINA E,,
300820A,1,1794,APOSITO DE CADEXOMERO IODADO,,
1095A,1,2230,DESIRUDINA,,
8218A,1,1895,NILOTINIB,,
8293A,1,1582,AGOMELATINA,,
100377A,1,49,ISOFLAVONAS,,
201281A,1,738,AZUFRE PRECIPITADO + PASTA AL AGUA,,
2432A,1,905,FLUCONAZOL,,
417A,1,1388,DESOGESTREL,,
63SO,1,1467,CITRATO SODICO*,,
2132A,1,813,PINAZEPAM,,
100282A,1,1757,AGUA TERMAL,,
7192A,1,1500,PRAVASTATINA,,
2598A,1,953,LANSOPRAZOL,,
8101A,1,1563,ALISKIREN,,
300817A,1,1706,APOSITO DE ESPUMA POLIURETANO CON PLATA FIBRAS SILICONA Y BORDE,,
633A,1,1461,CLOMIPRAMINA,,
2594A,1,950,GRANISETRON,,
2783A,1,1007,TOLCAPONE,,
200907A,1,1838,PARACLOROFENOL + TIMOL + HEXACLOROFENO + DEXAMETASONA,,
200169A,1,351,DOXILAMINA + PIRIDOXINA,,
200958A,1,615,ASCORBICO ACIDO + BIOTINA + CIANOCOBALAMINA + NICOTINAMIDA + PANTOTETANO CALCICO + PIRIDOXINA + RIBOFLAVINA + TIAMINA,,
100376A,1,1825,SUERO AUTOLOGO,,
1917A,1,289,MESTEROLONA,,
2256A,1,851,MIDAZOLAM,,
1391A,1,179,FLURBIPROFENO,,
200842A,1,557,IBUPROFENO + CAFEINA + DIMENHIDRINATO,,
2563A,1,936,AZELASTINA,,
2418A,1,901,MOMETASONA,,
201320A,1,758,VILANTEROL + UMECLIDINIO,,
2345A,1,877,LOVASTATINA,,
200520A,1,2043,RITONAVIR + LOPINAVIR,,
200115A,1,336,CLORTALIDONA + ESPIRONOLACTONA,,
200826A,1,549,MAGNESIO DIHIDROXIDO + SIMETICONA,,
69A,1,2221,ALUMINIO,,
7312A,1,1518,DEXKETOPROFENO,,
3746A,1,1359,DESMOPRESINA,,
100399A,1,2024,BACTERIAS DIATER,,
2462A,1,915,NAFARELINA,,
3076A,1,1286,SULPIRIDA,,
118A,1,127,ATROPINA,,
252A,1,929,ACEXAMICO ACIDO,,
201102A,1,646,DIMETICONA+PANCREATINA,,
137A,1,172,PIKETOPROFENO,,
3255A,1,1317,TETRACAINA,,
100288A,1,2124,TABLETAS LIMPIEZA PROTESIS DENTAL,,
201329A,1,765,LIDOCAINA + TRIAMCINOLONA + KETOCONAZOL,,
480A,1,1404,BENZALCONIO*,,
2475A,1,917,IOVERSOL,,
2429A,1,903,ZOLPIDEM,,
200941A,1,2114,FOLITROPINA ALFA + LUTROPINA ALFA,,
1958A,1,300,METOCLOPRAMIDA,,
300255A,1,1124,FORMULAS ESPECIALES CON HIDROLIZADOS DE PROTEINAS LACTEAS SIN LACTOSA PARA LACTANTES,,
559A,1,1437,CAPSAICINA,,
7123A,1,1711,ILOPROST,,
100358A,1,47,HIALURONATO DE ZINC,,
8496A,1,1858,BELIMUMAB,,
201270A,1,729,ACIDO HIALURONICO + SULFADIAZINA ARGENTICA,,
200578A,1,452,TRIAMCINOLONA + NISTATINA +NEOMICINA,,
2239A,1,849,MAGALDRATO,,
125ÑC,1,148,SODIO FOSFATO MONOBASICO ANHIDRO,,
201170A,1,681,ARANDANO ROJO + VITAMINA C,,
689A,1,1883,COLISTINA,,
8267A,1,1575,BROMFENACO,,
200172A,1,353,EBASTINA + PSEUDOEFEDRINA,,
100022A,1,2,TETRABENAZINA,,
453A,1,1397,AMBROXOL,,
200385A,1,1978,PROPIFENAZONA + CODEINA +  HIDROXIZINA,,
8094A,1,1562,PALIPERIDONA,,
100163A,1,2225,VISADO APORT FIJA / SIN APORT,,
2790A,1,1011,TAZAROTENO,,
3735CH,1,1357,DILTIAZEM CLORHIDRATO,,
200163A,1,349,DIOSMINA + HESPERIDINA,,
200796A,1,537,NORELGESTROMINA + ETINILESTRADIOL,,
429A,1,1391,FLUTAMIDA,,
201043A,1,2144,"POLISACARIDOS CAPSULARES PNEUMOCOCO SEROTIPOS 4,6B,9V,14,19F,23F + OLIGOSACARIDO 18C",,
1696A,1,244,YEDRA EXTO SECO,,
201328A,1,764,COLISTINA SULFATO + TOBRAMICINA SULFATO,,
3842A,1,1366,BENTAZEPAM,,
1821A,1,270,LACTULOSA,,
8154A,1,1805,FAMPRIDINA,,
2534A,1,930,TIZANIDINA,,
616A,1,1454,CLINDAMICINA,,
300214A,1,1116,FORMULAS COMPLETAS OLIGOMERICAS NORMOPROTEICAS,,
1508A,1,1754,FENELZINA,,
300761A,1,1239,APOSITO DE COLAGENO,,
502A,1,1418,SULBUTIAMINA,,
201249A,1,715,LINAGLIPTINA + METFORMINA,,
201188A,1,692,ALCOHOL BORICADO,,
1706SO,1,2109,HEPARINA SODICA,,
618PR,1,1457,CLOBETASOL PROPIONATO,,
400048EX,1,1384,JARABE SIMPLE,,
2119A,1,808,GOSERELINA,,
2723A,1,981,ADAPALENO,,
200705A,1,503,FELODIPINO + RAMIPRIL,,
200711A,1,504,CALCIPOTRIOL + BETAMETASONA,,
201032A,1,628,RETINOL ACETATO + TOCOFEROL ACETATO,,
155B,1,207,RETINOICO (TRANS) ACIDO,,
3117A,1,1290,TIETILPERAZINA,,
64A,1,1469,MONTELUKAST,,
3192A,1,1305,VALERIANA,,
2231A,1,848,EBASTINA,,
200438A,1,2183,SOLUCION RINGER,,
300383A,1,1159,VENDA ELASTICA,,
2729A,1,983,ANASTROZOL,,
1172A,1,120,ESOMEPRAZOL,,
1966A,1,302,METRONIDAZOL,,
3160A,1,1297,TRAZODONA,,
2569A,1,938,LEVOCABASTINA,,
200789A,1,530,CLORMADINONA + ETINILESTRADIOL,,
837A,1,1598,CLOBETASONA,,
200222A,1,364,FLUOROMETOLONA + UREA,,
7155A,1,1701,MEROPENEM,,
8111A,1,1565,DAPOXETINA,,
200785A,1,527,ETINILESTRADIOL + NORGESTIMATO,,
7272A,1,1510,REBOXETINA,,
2895A,1,1707,MOROCTOGOC ALFA,,
293A,1,1770,AUROTIOMALATO SODICO,,
200840A,1,555,BENZOCAINA + EFEDRINA,,
8594A,1,1841,SOFOSBUVIR,,
300007A,1,1071,ALGODON ARROLLADO MEZCLA,,
200150A,1,344,DICLOFENACO + TOBRAMICINA,,
200697A,1,498,BENZOCAINA + CLOROBUTANOL + ESENCIA TREMENTINA + FENOL,,
200914A,1,2141,OXIMETAZOLINA + CLORFENAMINA,,
8168A,1,1796,GEFITINIB,,
100166A,1,5,FORMULA MAGISTRAL,,
2363A,1,884,FLECAINIDA,,
8055A,1,1698,DASATINIB,,
1308A,1,2058,SOMATROPINA,,
2902A,1,1683,ENFUVIRTIDA,,
300816A,1,1966,APOSITO ESPUMA POLIURETANO CON PLATA CON SILICONA,,
300774A,1,1249,APOSITO DE ESPUMA POLIURETANO CON SILICONA FIBRAS Y BORDE,,
100401A,1,1830,BACTERIAS BIAL,,
200900A,1,588,EUCALIPTO + TIMOL + TREMENTINA + MENTOL + ALCANFOR,,
9924A,1,1671,EPINASTINA,,
8377A,1,1995,POMALIDOMIDA,,
106A,1,83,BENCILPENICILINA,,
2652A,1,962,COMPLEJO OSEINA-HIDROXIAPATITA,,
2860A,1,1035,PARICALCITOL,,
744A,1,2165,TIOGUANINA,,
898A,1,2167,ETINILESTRADIOL,,
200268A,1,2243,IOXAGLATO MEGLUMINA + IOXAGLATO SODICO,,
200226A,1,365,FOSINOPRIL + HIDROCLOROTIAZIDA,,
300325A,1,1132,INHALADOR,,
8037A,1,1704,TIGECICLINA,,
200607A,1,463,SALMETEROL + FLUTICASONA (25/250),,
3698A,1,1351,FLUDARABINA,,
200051A,1,2238,BARIO SULFATO + DIMETICONA*,,
8031A,1,1553,EXTRACTO POLEN PHELUM PRATENSE,,
847A,1,1608,CROMOCARBO,,
1065A,1,2113,TEMOZOLOMIDA,,
160B,1,2177,ESTRADIOL 17 ALFA,,
200971A,1,621,ACETATO CALCICO + CARBONATO MAGNESICO,,
2688A,1,1888,LANREOTIDA,,
300788A,1,1258,APOSITO DE HIDROCOLOIDE EXTRAFINO,,
200074A,1,321,BISOPROLOL + HIDROCLOROTIAZIDA,,
162A,1,225,CODEINA,,
1358A,1,1732,TRIPELENAMINA,,
2442A,1,1748,ROTAVIRUS,,
200120A,1,338,COLCHICINA + DICICLOVERINA,,
2912A,1,1699,APREPITANT,,
631A,1,1459,CLOMETIAZOL,,
201280A,1,737,PASTA AL AGUA,,
201190A,1,693,NAPROXENO + ESOMEPRAZOL,,
1456A,1,190,ESTROGENOS CONJUGADOS,,
300756A,1,1235,APOSITO DE ALGINATO,,
200620A,1,474,FLUOCINOLONA + GRAMICIDINA + NEOMICINA,,
200937A,1,604,HIDROXOCOBALAMINA + PIRIDOXINA + TIAMINA,,
89A,1,1645,CLOXACILINA,,
201258A,1,722,PRILOCAINA + LIDOCAINA,,
300264A,1,1129,"FORMULAS ESPECIALES EXENTAS DE METIONINA (AA+HC O LIPIDOS, O AMBOS)",,
200123A,1,339,CORNEZUELO CENTENO EXTO + PASSIFLORA + SALIX,,
2379A,1,890,AMISULPRIDA,,
2402A,1,897,TERAZOSINA,,
300112A,1,1093,BOLSAS RESINA SINTETICA  FILTRO,,
340A,1,1335,TRAMAZOLINA,,
200787A,1,529,TETRACAINA + NAFAZOLINA,,
68A,1,1958,BLEOMICINA,,
2916A,1,1047,EVEROLIMUS,,
2537A,1,931,SERTRALINA,,
14A,1,2056,CAFEINA,,
2595A,1,951,BAMBUTEROL,,
2396A,1,2202,MABUPROFENO,,
201059A,1,2256,ACEITE ENEBRO+ACEITE CACAHUETE+ALQUITRAN PINO+BREA DE HULLA,,
300629A,1,1194,SONDA VESICAL BAJA FRICCIÓN HOMBRE NELATON CON BOLSA DE RECOGIDA DE ORINA,,
348A,1,1338,CARBENOXOLONA,,
8283A,1,2078,ROMIPLOSTIM,,
200827A,1,2063,BUTILCAINA + IODOFORMO,,
1438A,1,187,GELATINA*,,
1909A,1,287,MEPIVACAINA,,
200956A,1,613,HIERRO SULFATO DESECADO + ACIDO FOLICO,,
200976A,1,1925,"VIRUS PAPILOMA HUMANO (TIPOS 6, 11, 16, 18)",,
2787A,1,1009,PRAMIPEXOL,,
100268A,1,18,FOTOPROTECTOR SOLAR,,
1132A,1,105,PRAZOSINA,,
200794A,1,535,ATOVACUONA + PROGUANIL,,
2737A,1,989,ZAFIRLUKAST,,
1562A,1,209,FLUDROCORTISONA,,
323A,1,1313,CLORFENAMINA,,
865A,1,1625,DOMPERIDONA,,
2246A,1,2151,PYGEUM AFRICANUM,,
2027A,1,788,NISTATINA,,
100338A,1,2169,ANIS + HINOJO + MELISA,,
200792A,1,533,ACETILSALICILICO ACIDO + ACIDO ASCORBICO,,
200895A,1,586,PIRIDOXINA + TOCOFEROL + RETINOL,,
201255A,1,721,"POLISACARIDOS PNEUMOCOCO SEROTIPOS 1,2,3,4,5,6B,7F,8,9N,9V,10A,11A,12F,14,15B,17F,18C,19A,19F,20,22F,23F,33F",,
300016A,1,1079,APOSITOS B OSTOM RES NAT,,
8623A,1,1622,MIRABEGRON,,
200797A,1,538,ETONOGESTREL + ETINILESTRADIOL,,
201205A,1,700,CIPROHEPTADINA CETOGLUTARATO + ARGININA ASPARTATO,,
779A,1,2278,DIHIDROERGOTAMINA,,
2257A,1,852,CILOSTAZOL,,
201125A,1,657,DEXCLORFENIRAMINA + ALANTOINA,,
300413A,1,1164,VENDA DE GASA ELASTICA,,
8043A,1,1756,ENTECAVIR,,
200024A,1,313,ALTIZIDA + ESPIRONOLACTONA,,
1067A,1,82,IPRATROPIO,,
2331A,1,872,FLUOXETINA,,
200898A,1,2003,DEXTROMETORFAN + BENZOCAINA + BENZOATO + GUAYACOL,,
3268YG,1,1961,BCG ATENUADO,,
200847A,1,1894,BENZALCONIO CLORURO + TRICLOSAN + PARAFINA LIQUIDA,,
100397A,1,52,TOALLITA HIGIENE OCULAR,,
1301A,1,159,ESTRIOL,,
1381A,1,174,DISULFIRAM,,
2814A,1,1927,RITUXIMAB,,
1396A,1,182,DOXILAMINA,,
1267A,1,1846,GLYCINE MAX MERR EXTO SECO,,
200149A,1,343,DICLOFENACO + MISOPROSTOL,,
200930A,1,599,ACETILCISTEINA + DITIOTREITOL + TUAMINOHEPTANO SULFATO + BENZALCONIO CLORURO + FLUDROCORTISONA ACETATO,,
200538A,1,446,FENAZONA + RUTOXIDO + ADRENALINA + NAFAZOLINA,,
69QL,1,1484,ALUMINIO CLORURO HEXAHIDRATO,,
8707A,1,1632,AVANAFILO,,
100262A,1,13,GEL LUBRICANTE HIDROSOLUBLE,,
300698A,1,1211,COMPLETAS POLIMERICAS HIPERPROTEICA HIPOCALORICAS,,
1171A,1,118,TRIAMCINOLONA,,
201067A,1,634,SOLUCION SALINA IRRIGACION,,
2324A,1,1908,RIBAVIRINA,,
100342A,1,1922,PLANTILLA,,
8321A,1,1591,BAZEDOXIFENO,,
201009A,1,2143,RINGER LACTATO SIN MAGNESIO,,
2452A,1,910,PODOFILOTOXINA,,
3898A,1,1745,FOSAMPRENAVIR,,
200331A,1,402,NEOMICINA + METRONIDAZOL + MICONAZOL + POLIMIXINA B + CENTELLA ASIATICA,,
200289A,1,389,LORATADINA + PSEUDOEFEDRINA,,
8303A,1,1585,PRASUGREL,,
200934A,1,602,ACIDO SALICILICO + ANTRAQUINONA GLUCOSIDOS,,
392CH,1,1381,AMIODARONA CLORHIDRATO,,
2651A,1,2052,LENOGRASTIM,,
200664A,1,488,ESCOPOLAMINA + AZINTAMIDA,,
100270A,1,1923,ALMOHADILLA ADHESIVA PROTESIS,,
8601A,1,1618,PERAMPANEL,,
57A,1,1443,TIAMINA*,,
1224A,1,1903,CAPECITABINA,,
100265A,1,15,CREMA HIDRATANTE FACIAL,,
2934A,1,1053,INSULINA DETEMIR,,
1814A,1,2062,PROTEINAS PLASMATICAS,,
200192A,1,2242,FENILBUTAZONA + NICOTINATO METILO + VITAMINA F,,
201371A,1,782,MIOINOSITOL + ACIDO FÓLICO+ VITAMINA D,,
300353A,1,1144,PARCHES OCULARES GRANDES,,
201334A,1,769,CLINDAMICINA + METRONIDAZOL,,
300201A,1,1106,CALCETIN ELASTICO TERAPEUTICO,,
300813A,1,1870,SISTEMA FIJACION VIAS PERIFERICAS,,
155A,1,206,TRETINOINA,,
201171A,1,682,ISOFLAVONAS DE SOJA + ACLCIO + VIT D + VIT B,,
200492A,1,2184,EMODINA EN ASOCIACION,,
8625A,1,2099,TERIFLUNOMIDA,,
200159A,1,348,DIHIDROERGOTAMINA + PROPIFENAZONA + CAFEINA,,
624A,1,2275,CLOFEDANOL,,
176LB,1,257,ACETILSALICILATO LISINA,,
665A,1,1778,ZIDOVUDINA,,
8044A,1,1829,SORAFENIB,,
2145A,1,819,MISOPROSTOL,,
3503A,1,1341,PIDOLATO,,
56A,1,1442,CIANOCOBALAMINA,,
1073A,1,2090,FOLITROPINA ALFA,,
2498HY,1,2115,EPOETINA BETA,,
682A,1,1477,CLOZAPINA,,
1794NI,1,264,ISOSORBIDA MONONITRATO,,
2793A,1,1013,LORNOXICAM,,
300215A,1,1117,COMPLETAS POLIMERICAS HIPERPROTEICA NORMOCALORICAS,,
300473A,1,1173,TIRAS REACTIVAS GLUC Y ACT.ORINA,,
8509A,1,1610,LINAGLIPTINA,,
2092A,1,798,PARAFINA LIQUIDA*,,
200398A,1,1956,RETINOL +  ERGOCALCIFEROL,,
200812A,1,1959,SELENIO + BENZALCONIO,,
200182A,1,357,ESPIRAMICINA + METRONIDAZOL,,
8466A,1,2050,RUXOLITINIB,,
200994A,1,624,PARAFINA LIQUIDA + PICOSULFATO,,
2794A,1,1014,CANDESARTAN,,
2290A,1,859,SACCHAROMYCES BOULARDII,,
2351A,1,881,TORASEMIDA,,
200822A,1,548,SIMETICONA + LOPERAMIDA,,
2884A,1,1040,OLOPATADINA,,
200875A,1,576,PARACETAMOL + CAFEINA + BROMFENIRAMINA,,
201333A,1,768,CITRATO MAGNESIO + CITRATO POTASIO +GINSENG + CITRUS LIMON,,
360A,1,1344,METOPROLOL,,
201157A,1,673,UREA + ACETONIDO TRIAMCINOLONA,,
300354A,1,1145,PARCHES OCULARES PEQUEÑOS,,
1659A,1,234,GLICOPIRRONIO,,
2741A,1,990,NEBIVOLOL,,
483A,1,1405,BENZBROMARONA,,
201358A,1,1952,NAFAZOLINA + METILTIONINIO,,
1565A,1,210,FLUFENAZINA,,
201089A,1,637,BALSAMO PERU + ACEITE RICINO,,
201120A,1,654,CLOTRIMAZOL + BETAMETASONA,,
201149A,1,668,HIDROCORTISONA + KETOCONAZOL,,
100446A,1,1950,CREMA ANTIESTRIAS,,
100351A,1,2076,TALCO LIQUIDO,,
1574A,1,1728,FLUPENTIXOL,,
675A,1,1474,CLORTETRACICLINA,,
200939A,1,1853,EFAVIRENZ + TENOFOVIR + EMTRICITABINA,,
200230A,1,367,G-AMINOBUTIRICO ACIDO + GLUTAMATO MAGNESICO + PIRIDOXINA,,
1967A,1,303,MICONAZOL,,
100343A,1,44,SPRAY BUCAL,,
201114A,1,649,PIOGLITAZONA + GLIMEPIRIDE,,
868A,1,1628,ECONAZOL,,
200617A,1,471,INSULINA LISPRO INTERMADIA 50:50,,
300829A,1,1902,APOSITO ALGINATO CON PLATA,,
300846A,1,1725,SONDA GASTROSTOMIA,,
1374A,1,169,DIOSMINA,,
8668A,1,1826,SIMEPREVIR,,
300015A,1,1078,APOSITOS B OSTOM ARO RES SINT MIC C-ESP,,
85A,1,1617,BENZOCAINA*,,
300762A,1,1240,APOSITO DE ESPUMA POLIETILENO TRAQUEO,,
1765A,1,1676,SOMATOSTATINA,,
8278A,1,2046,CERTOLIZUMAB PEGOL,,
2923A,1,2121,ATAZANAVIR,,
201039A,1,2001,EMULSION LIPIDICA + AMINOACIDOS CON ELECTROLITOS + GLUCOSA,,
1553A,1,204,FITOMENADIONA,,
2400A,1,895,CEFIXIMA,,
1766A,1,2021,PROTIRELINA,,
1493MD,1,1939,NICOTINATO METILO,,
100332A,1,40,AMPOLLAS ANTICAIDA,,
1840A,1,273,LEVONORGESTREL,,
2279A,1,857,NEDOCROMILO,,
200574A,1,449,NEOMICINA + BECLOMETASONA,,
200866A,1,570,CLORHEXIDINA + BENZOCAINA,,
200932A,1,601,DEXAMETASONA + NEOMICINA + POLIMIXINA B*,,
2031A,1,789,NITROFURAL,,
300013A,1,1076,APOSITOS B OSTOM ARO RES SINT C-ESP,,
200999A,1,1911,HIDROGENO FOSFATO DE SODIO+DIHIDROGENO FOSFATO DE SODIO,,
200491A,1,1890,DIFENHIDRAMINA EN ASOCIACION,,
100294A,1,30,PROTECTOR DE PIEL,,
2544A,1,2262,TROPISETRON,,
2502A,1,925,TIBOLONA,,
2710A,1,977,VALACICLOVIR,,
2788A,1,1010,LATANOPROST,,
21CA,1,835,CALCIO CARBONATO,,
200835A,1,2188,ACETILSALICILICO ACIDO + CAFEINA + TIAMINA,,
988A,1,1669,PROCAINA,,
200337A,1,404,NORETISTERONA  + ESTRADIOL (DOSIS FIJAS),,
3761A,1,1360,PIPEMIDICO ACIDO,,
200603A,1,460,CARBAMOIL GLUTAMICO ACIDO + INOSITOL + METIONINA + NITROFURAL + TRIPSINA + QUIMOTRIPSINA + RIBONUCLEICO ACIDO,,
2328A,1,870,BISOPROLOL,,
201193A,1,694,SULFAMETIZOL + FENAZOPIRIDINA,,
100298A,1,32,PROANTOCIANIDADINAS,,
2717A,1,979,MODAFINIL,,
100188A,1,7,VARENICLINA,,
200634A,1,478,BETAMETASONA + GENTAMICINA,,
7431A,1,1541,TELITROMICINA,,
2187A,1,832,BISMUTO SUBCITRATO COLOIDAL,,
8102A,1,2097,MARAVIROC,,
499A,1,1412,BIOTINA,,
7004A,1,1485,ZONISAMIDA,,
1060A,1,1776,NEVIRAPINA,,
300468A,1,1169,MODULOS HIDROCARBONADOS Y LIPIDICOS,,
2077A,1,796,OXIMETAZOLINA,,
200906A,1,590,ASOCIACION DE TONICOS,,
2731B,1,986,POLIETILENGLICOL 4000,,
201124A,1,656,ARANDANO ROJO + VID ROJA,,
7383A,1,1527,RISEDRONICO ACIDO,,
213A,1,2014,SOJA,,
128A,1,155,CLORAMBUCILO,,
200259A,1,377,ICTAMOL + MENTOL,,
930A,1,1659,FLUOCORTOLONA,,
1220A,1,136,CARDO MARIANO,,
20A,1,802,CLORDIAZEPOXIDO,,
200534A,1,1810,TOXOIDE TETANICO + ANTIGENO POLISACARIDO MENINGOCOCO GR C,,
1944A,1,297,METILERGOMETRINA,,
1141A,1,109,EXEMESTANO,,
200981A,1,1914,CORPITOLINOL + TOCOFEROL,,
8077A,1,1558,EXENATIDA,,
1379A,1,171,VALPROMIDA,,
300720A,1,1222,CANULA TRAQUEOTOMIA FENESTRADA,,
100341A,1,2067,LECHE CORPORAL,,
2827A,1,2055,AGALSIDASA BETA,,
1663A,1,237,GLUCAGON,,
200919A,1,1965,GUAIFENESINA + PSEUDOEFEDRINA,,
1218A,1,135,DESLORATADINA,,
2417A,1,900,VINPOCETINA,,
300576A,1,1190,CANULA TRAQUEOT-LARING SILICONA FENESTRADA,,
668A,1,1472,CLOROQUINA,,
370A,1,1353,AMANTADINA,,
1515A,1,199,FENILALANINA,,
8312A,1,1588,ESLICARBAZEPINA,,
8461A,1,1605,TICAGRELOR,,
549A,1,1434,CALCITONINA,,
300350A,1,1143,MODULOS LIPIDICOS MCT,,
100414A,1,58,CEPILLO DENTAL INTERPROXIMAL MINI,,
910A,1,1653,PINAVERIO,,
2317A,1,868,MUPIROCINA,,
8052A,1,2072,DEFERASIROX,,
300869A,1,2017,TIRAS REACTIVAS ACETONA SANGRE,,
300729A,1,1971,GUANTE LATEX,,
2467A,1,2261,INHIBIDOR DE LA C1 ESTERASA,,
3291A,1,1325,LACTOBACILLUS ACIDOPHILUS,,
2221A,1,844,ANTIGENO SUPERFICIE HEPATITIS B,,
561A,1,1439,CARBAMAZEPINA,,
9071A,1,1780,PEGINTERFERON BETA-1A,,
300358A,1,1148,SIST COLOST CONTINENTE AADH,,
200854A,1,563,SALICILATO METILO + ALCANFOR + MENTOL + ESENCIA TREMENTINA,,
300847A,1,1764,EXTENSION SONDA,,
1249A,1,142,ETAMSILATO,,
300824A,1,1765,PAÑAL,,
300355A,1,1146,PINZAS OSTOMIA,,
7234A,1,1506,TERBINAFINA,,
636A,1,1463,CLONIDINA,,
100356A,1,2033,SEPARADEDO,,
7411A,1,1535,EPROSARTAN,,
100348A,1,1941,ESPUMA PROTECTORA MANOS,,
510A,1,1423,BROMAZEPAM,,
153A,1,1739,ACEITE OLIVA*,,
100413A,1,57,GOTAS LUBRICANTES,,
8472A,1,1606,APIXABAN,,
200336A,1,403,NITROGLICERINA + CAFEINA,,
34A,1,1339,PIRIDOXINA,,
2668A,1,969,ANTIGENO VI POLISACARIDO CAPSULAR SALMONELLA TYPHI,,
300834A,1,1735,APOSITO DE ALGINATO CON CARBOXIMETILCELULOSA,,
300472A,1,1172,TIRAS REACTIVAS GLUCOSA SANGRE,,
1642A,1,228,GENTAMICINA,,
100428A,1,64,LOCION EMOLIENTE,,
3172A,1,1301,TRIMEBUTINA,,
500904LR,1,1414,SOJA,,
1110A,1,1960,INFLIXIMAB,,
200670A,1,491,ACEXAMICO ACIDO + BACITRACINA + NEOMICINA +POLIMIXINA B,,
7304A,1,1919,MERCAPTAMINA,,
300006A,1,1070,ACCES SIST IRRIG COLOST,,
300773A,1,1248,APOSITO DE ESPUMA POLIURETANO CON SILICONA,,
100285A,1,26,CREMA ANTIARRUGAS,,
2630A,1,957,MOXONIDINA,,
61A,1,1458,ASCORBICO ACIDO,,
3714B,1,1921,AVENA SATIVA,,
200280A,1,1849,LEVONORGESTREL + ESTRADIOL,,
441AK,1,1395,ASPARTATO ARGININA,,
100434A,1,66,OTROS PRODUCTOS HIGIENE,,
1102A,1,2127,ZALEPLON,,
200618A,1,472,"IRBESARTAN + HIDROCLOROTIAZIDA 150/12,5",,
7200A,1,1501,RIFABUTINA,,
200221A,1,1994,FLUOROMETOLONA + TETRIZOLINA,,
300409A,1,1162,ESPARADRAPO,,
201116A,1,651,VALSARTAN + AMLODIPINO + HIDROCLOROTIAZIDA,,
2575A,1,942,ONDANSETRON,,
300840A,1,1678,APOSITO DE ESPUMA CON POLIHEXAMETILENO BIGUANIDA (PHMB),,
696A,1,1480,CLEBOPRIDA,,
200326A,1,401,NEOMICINA + ESTREPTOMICINA  +  FORMILSULFATIAZOL,,
300624A,1,1193,BOLSAS COLOST DOBLES RES SINC FILTRO,,
109A,1,2126,MECISTEINA,,
300630A,1,1195,SONDA VESICAL BAJA FRICCIÓN MUJER CON BOLSA DE RECOGIDA DE ORINA,,
1670A,1,239,GLUTAMICO ACIDO*,,
200619A,1,473,LOSARTAN + HIDROCLOROTIAZIDA 100/25,,
300835A,1,1930,APOSITO POLIACRILATO CON SOLUCION RINGER,,
100353A,1,1993,POTITO INFANTIL,,
100261A,1,12,GEL BAÑO PH NEUTRO,,
2370A,1,888,GANCICLOVIR,,
100301A,1,35,POMADA REGENERADORA PH5,,
2190YC,1,1912,POLIVIDONA IODADA,,
115A,1,1935,PAPAVERINA,,
2170A,1,828,PLANTAGO OVATA,,
200119A,1,337,CLOSTRIDIOPEPTIDASA + PROTEOLITICAS ENZIMAS,,
1906A,1,285,PETIDINA,,
8703A,1,1631,CANAGLIFLOZINA,,
300822A,1,1848,COMPRESA TOCOLOGICA DE ALGODON,,
300144A,1,2267,BOLSAS SISTEMA DOBLE  40  MM,,
316A,1,1298,HIDROXICARBAMIDA,,
2006A,1,499,NOSCAPINA,,
2446A,1,908,GALANTAMINA,,
8418A,1,1601,DENOSUMAB,,
2970A,1,1059,INSULINA GLULISINA,,
200803A,1,541,SODIO BICARBONATO + HIDROXIDO ALUMINIO + MAGNESIO CARBONATO,,
867A,1,1626,VINBURNINA,,
201293A,1,1787,MENINGOCOCO B VACUNA,,
201176A,1,685,KETOCONAZOL + ACIDO SALICILICO + HIDROCORTISONA,,
2809A,1,1019,RACECADOTRILO,,
2348A,1,878,INTERFERON ALFA,,
22SU,1,1988,MAGNESIO SULFATO,,
201321A,1,759,GLICERINA + BICARBONATO SODICO + BORATO SODICO,,
2667A,1,968,NADROPARINA,,
3871A,1,1372,CAPTOPRIL,,
100453A,1,2023,TEST EMBARAZO,,
300781A,1,2270,APOSITO DE ESPUMA POLIURETANO EXTRAGRUESO CON HIDROCOLOIDE Y BORDE,,
7057A,1,1492,CILAZAPRIL,,
698A,1,1481,ACIDO CROMOGLICICO,,
33A,1,1332,ALPROSTADIL,,
2401A,1,896,BETAXOLOL,,
201154A,1,671,UREA + ADEPS LANAE + ACETONIDO TRIAMCINOLONA,,
201177A,1,686,SALBUTAMOL + BECLOMETASONA,,
1006A,1,72,AMPICILINA,,
2889A,1,2095,PEGFILGRASTIM,,
2677A,1,1749,EQUINACEA ANGUSTIFOLIA,,
686A,1,1479,LOPRAZOLAM,,
200654A,1,486,CLEMASTINA + DEXAMETASONA,,
201251A,1,717,LUTEINA + ZEAXANTINA + ACIDOS OMEGA 3 + VITAMINAS + MINERALES,,
201063A,1,2257,OXIDO ZINC+ACIDO BORICO,,
2092C,1,799,VASELINA LIQUIDA*,,
