cod_crg,Frequency.1,codes,spanish description,english description,comment
281,1,70506.0,Enfermedad cerebrovascular -Dos o más enfermedades crónicas dominantes: Nivel 6,,
762,1,80014.0,Neoplasias dominantes primarias múltiples: Nivel 4,,
1056,1,56562.0,Leucemia no linfática aguda: Nivel 2,,
804,1,53512.0,Discopatía y otros diagnósticos crónicos de espalda: Nivel 2,,
1078,1,90302.0,Enfermedad HIV: Nivel 2,,
558,1,57511.0,Diagnósticos de salud mental crónicos - Moderado: Nivel 1,,
272,1,62103.0,Otra enfermedad dominante crónica y neoplasia de mama: Nivel 3,,
931,1,70216.0,Diabetes - Enfermedad cerebrovascular - Otra enfermedad crónica dominante: Nivel 6,,
671,1,56622.0,Neoplasia de mama: Nivel 2,,
436,1,51171.0,Anomalías del cráneo y de los huesos faciales: Nivel 1,,
902,1,90802.0,Cuadriplejia adquirida o estado vegetativo permanente: Nivel 2,,
204,1,70131.0,Insuficiencia cardiaca - EPOC - Otra enfermedad crónica dominante: Nivel 1,,
837,1,70703.0,Diabetes - Enfermedad cerebrovascular - Hipertensión: Nivel 3,,
258,1,61514.0,Enfermedad coronaria avanzada y otra enfermedad moderada crónica: Nivel 4,,
541,1,50051.0,Diagnósticos neurodegenerativos excepto esclerosis múltiple y Parkinson: Nivel 1,,
12,1,51892.0,Historia de ACTP: Nivel 2,,
525,1,90702.0,"Cuadriplejia, diplejia o hemiplejia congénita: Nivel 2",,
700,1,61703.0,Esquizofrenia y otra enfermedad dominante crónica: Nivel 3,,
948,1,50124.0,Historia de accidente isquémico transitorio: Nivel 4,,
1052,1,61622.0,"Demencia y otra enfermedad crónica, Nivel 2: Nivel 2",,
579,1,10060.0,Diagnósticos de problema neonatal o congénito mayor sin otra enfermedad significativa,,
969,1,61152.0,Insuficiencia cardiaca y demencia: Nivel 2,,
446,1,61002.0,Insuficiencia renal crónica y otras enfermedades crónicas dominantes o moderadas: Nivel 2,,
791,1,50013.0,Diagnósticos neurológicos progresivos: Nivel 3,,
645,1,62513.0,Abuso de drogas crónico moderado y otra enfermedad moderada crónica: Nivel 3,,
557,1,51903.0,Estado de dispositivo cardiaco: Nivel 3,,
983,1,51884.0,Historia de by-pass coronario: Nivel 1,,
108,1,61202.0,EPOC y diabetes: Nivel 2,,
570,1,86522.0,Leucemia linfática crónica: Nivel 2,,
853,1,10100.0,Diagnósticos de neoplasia sin otra enfermedad significativa,,
132,1,62811.0,"Neoplasia de próstata y otra enfermedad crónica, Nivel 2: Nivel 1",,
861,1,52694.0,Anomalías gastrointestinales: Nivel 4,,
641,1,51914.0,Arterioesclerosis coronaria: Nivel 4,,
566,1,90601.0,Historia de trasplante orgánico mayor: Nivel 1,,
171,1,51894.0,Historia de ACTP: Nivel 4,,
80,1,55841.0,Retraso mental severo / profundo: Nivel 1,,
730,1,62931.0,"Otra enfermedad dominante crónica y otra enfermedad crónica, Nivel 2: Nivel 1",,
432,1,61145.0,Insuficiencia cardiaca y otra enfermedad dominante crónica: Nivel 5,,
810,1,61615.0,Demencia y otra enfermedad moderada crónica: Nivel 5,,
552,1,50103.0,Hidrocefalia y otras anomalías cerebrales: Nivel 3,,
587,1,20800.0,Diagnósticos de neoplasia con otra enfermedad significativa,,
945,1,62204.0,Otra enfermedad dominante crónica y neoplasia de próstata: Nivel 4,,
904,1,53102.0,Enfermedad hepática alcohólica: Nivel 2,,
664,1,51771.0,Anomalías cardiacas septales mayores y cianóticas complejas: Nivel 1,,
710,1,70311.0,EPOC - Dos o más enfermedades crónicas dominantes: Nivel 1,,
1012,1,51822.0,Historia de Infarto Agudo de Miocardio: Nivel 2,,
161,1,62913.0,"Asma y otra enfermedad crónica, Nivel 2: Nivel 3",,
363,1,51872.0,Arritmias cardiacas y trastornos de la conducción: Nivel 2,,
729,1,86642.0,Neoplasia genitourinaria: Nivel 2,,
47,1,62924.0,"Abuso de drogas crónico moderado y otra enfermedad crónica, Nivel 2: Nivel 4",,
990,1,70015.0,Insuficiencia renal crónica - Otra enfermedad crónica dominante: Nivel 5,,
29,1,51882.0,Historia de by-pass coronario: Nivel 2,,
82,1,61424.0,Diabetes y asma: Nivel 4,,
672,1,86571.0,Neoplasia de colón: Nivel 1,,
19,1,70714.0,Diabetes - Hipertensión - Otra enfermedad crónica dominante: Nivel 4,,
820,1,53453.0,Estenosis espinal: Nivel 3,,
867,1,37552.0,Depresión: Nivel 2,,
777,1,62702.0,Otras dos enfermedades crónicas moderadas: Nivel 2,,
781,1,32442.0,Diagnósticos arteriales y venosos crónicos - menor: Nivel 2,,
10,1,9.0,Necesidades sanitarias elevadas,,
85,1,33561.0,Dolor crónico: Nivel 1,,
711,1,61712.0,Esquizofrenia y otra enfermedad moderada crónica: Nivel 2,,
1044,1,53531.0,Sustitución de articulación: Nivel 1,,
438,1,54411.0,Obesidad: Nivel 1,,
340,1,50053.0,Diagnósticos neurodegenerativos excepto esclerosis múltiple y Parkinson: Nivel 3,,
640,1,61113.0,Insuficiencia cardiaca y diabetes: Nivel 3,,
28,1,90904.0,Espina bífida: Nivel 4,,
737,1,56063.0,Anemia de células falciformes: Nivel 3,,
536,1,70136.0,Insuficiencia cardiaca - EPOC - Otra enfermedad crónica dominante: Nivel 6,,
226,1,10040.0,Embarazo sin parto sin otra enfermedad significativa,,
825,1,40002.0,Categorías de ECP múltiples menores: Nivel 2,,
121,1,54242.0,Diabetes: Nivel 2,,
249,1,37551.0,Depresión: Nivel 1,,
531,1,90903.0,Espina bífida: Nivel 3,,
260,1,70145.0,Insuficiencia cardiaca - Enfermedad vascular periférica - Otra enfermedad crónica dominante: Nivel 5,,
1057,1,51332.0,EPOC y bronquiectasias: Nivel 2,,
546,1,61812.0,"Historia de fractura de cadera, edad > 64 y otra enfermedad moderada crónica: Nivel 2",,
520,1,70016.0,Insuficiencia renal crónica - Otra enfermedad crónica dominante: Nivel 6,,
943,1,86472.0,Neoplasia de pulmón: Nivel 2,,
7,1,7.0,Enfermedad dominante crónica en tres o más sistemas orgánicos,,
81,1,61214.0,EPOC y enfermedad coronaria avanzada: Nivel 4,,
659,1,51902.0,Estado de dispositivo cardiaco: Nivel 2,,
871,1,51204.0,Labio leporino y paladar hendido: Nivel 4,,
167,1,70104.0,Insuficiencia cardiaca - Diabetes - EPOC: Nivel 4,,
949,1,61421.0,Diabetes y asma: Nivel 1,,
1018,1,56522.0,Leucemia linfática crónica: Nivel 2,,
826,1,54424.0,"Diagnósticos endocrinos, nutricionales, hidroelectrolíticos e inmunes crónicos - Moderado: Nivel 3",,
1002,1,61324.0,Enfermedad cerebrovascular y otra enfermedad moderada crónica,,
75,1,50063.0,Enfermedad de Alzheimer y otras demencias: Nivel 3,,
234,1,70502.0,Enfermedad cerebrovascular -Dos o más enfermedades crónicas dominantes: Nivel 2,,
847,1,53902.0,Enfermedades del tejido conectivo y vasculitis: Nivel 2,,
748,1,70021.0,Insuficiencia renal crónica - Dos o más enfermedades crónicas dominantes: Nivel 1,,
617,1,61313.0,Enfermedad cerebrovascular y otra enfermedad dominante crónica,,
754,1,55894.0,Retraso en el desarrollo NOS/NEC/Mixto: Nivel 4,,
92,1,62426.0,Asma e hipertensión: Nivel 6,,
611,1,70413.0,Enfermedad coronaria avanzada - Dos o más enfermedades crónicas dominantes: Nivel 3,,
649,1,50132.0,Enfermedad cerebrovascular sin infarto: Nivel 2,,
782,1,51203.0,Labio leporino y paladar hendido: Nivel 3,,
1058,1,61716.0,Esquizofrenia y otra enfermedad moderada crónica: Nivel 6,,
1094,1,57854.0,Abuso de otras sustancias significativas: Nivel 4,,
500,1,86503.0,Neoplasia de ovario: Nivel 3,,
76,1,70025.0,Insuficiencia renal crónica - Dos o más enfermedades crónicas dominantes: Nivel 5,,
370,1,70122.0,Insuficiencia cardiaca - Diabetes - Otra enfermedad crónica dominante: Nivel 2,,
418,1,86541.0,Mieloma múltiple: Nivel 1,,
300,1,70402.0,Enfermedad coronaria avanzada -Enfermedad vascular periférica - Otra enfermedad crónica dominante: Nivel 2,,
349,1,70156.0,Insuficiencia cardiaca - Enfermedad cerebrovascular - Otra enfermedad crónica dominante: Nivel 6,,
974,1,51772.0,Anomalías cardiacas septales mayores y cianóticas complejas: Nivel 2,,
299,1,61131.0,Insuficiencia cardiaca y enfermedad cerebrovascular: Nivel 1,,
1019,1,70012.0,Insuficiencia renal crónica - Otra enfermedad crónica dominante: Nivel 2,,
434,1,61404.0,Diabetes y enfermedad coronaria avanzada: Nivel 4,,
59,1,61721.0,"Esquizofrenia y otra enfermedad crónica, Nivel 2: Nivel 1",,
586,1,61222.0,EPOC y otra enfermedad dominante crónica: Nivel 2,,
921,1,32731.0,Úlceras crónicas: Nivel 1,,
21,1,86491.0,Neoplasia renal: Nivel 1,,
30,1,56542.0,Mieloma múltiple: Nivel 2,,
64,1,61156.0,Insuficiencia cardiaca y demencia: Nivel 6,,
854,1,54042.0,Úlcera cutánea crónica: Nivel 2,,
1092,1,50743.0,Degeneración macular: Nivel 3,,
965,1,61325.0,Enfermedad cerebrovascular y otra enfermedad moderada crónica,,
459,1,61453.0,"Diabetes y otra enfermedad crónica, Nivel 2: Nivel 3",,
287,1,56521.0,Leucemia linfática crónica: Nivel 1,,
1040,1,62412.0,Asma y otra enfermedad moderada crónica: Nivel 2,,
562,1,36132.0,Enfermedades hematológicas crónicas - menor: Nivel 2,,
1093,1,54054.0,Diagnósticos significativos de piel y tejido subcutáneo: Nivel 4,,
766,1,35112.0,"Enfermedad prostática, infertilidad y neoplasias benignas, varones: Nivel 2",,
797,1,90402.0,Nutrición parenteral total: Nivel 2,,
506,1,37561.0,Diagnósticos de salud mental crónicos - menor: Nivel 1,,
828,1,35111.0,"Enfermedad prostática, infertilidad y neoplasias benignas, varones: Nivel 1",,
218,1,53903.0,Enfermedades del tejido conectivo y vasculitis: Nivel 3,,
184,1,61332.0,"Enfermedad cerebrovascular y otra enfermedad crónica, Nivel 2",,
856,1,86544.0,Mieloma múltiple: Nivel 4,,
474,1,50022.0,Diagnósticos extrapiramidales: Nivel 2,,
156,1,53942.0,Espondiloartropatía y otras artropatías inflamatorias: Nivel 2,,
1014,1,51863.0,Fibrilación auricular: Nivel 3,,
638,1,70236.0,Diabetes - Dos o más enfermedades crónicas dominantes: Nivel 6,,
689,1,61516.0,Enfermedad coronaria avanzada y otra enfermedad moderada crónica: Nivel 6,,
868,1,70713.0,Diabetes - Hipertensión - Otra enfermedad crónica dominante: Nivel 3,,
627,1,50133.0,Enfermedad cerebrovascular sin infarto: Nivel 3,,
235,1,35231.0,Enfermedad inflamatoria crónica pélvica: Nivel 1,,
544,1,51784.0,Otros diagnósticos cardiacos congénitos mayores excepto valvulares: Nivel 4,,
560,1,56103.0,Diagnósticos hematológicos crónicos e inmunes - Moderado: Nivel 3,,
534,1,62422.0,Asma e hipertensión: Nivel 2,,
761,1,53912.0,Artritis reumatoide: Nivel 2,,
745,1,70302.0,EPOC - Enfermedad coronaria avanzada - Otra enfermedad crónica dominante: Nivel 2,,
877,1,51334.0,EPOC y bronquiectasias: Nivel 4,,
952,1,61605.0,Demencia y otra enfermedad dominante crónica: Nivel 5,,
252,1,62001.0,Otra enfermedad dominante crónica y enfermedad psiquiátrica (excepto esquizofrenia): Nivel 1,,
1082,1,51381.0,Asma: Nivel 1,,
61,1,61242.0,EPOC e hipertensión,,
695,1,86633.0,Neoplasia de prostata: Nivel 3,,
563,1,61124.0,Insuficiencia cardiaca y enfermedad vascular periférica: Nivel 4,,
1090,1,56064.0,Anemia de células falciformes: Nivel 4,,
733,1,61225.0,EPOC y otra enfermedad dominante crónica: Nivel 5,,
327,1,61243.0,EPOC e hipertensión,,
941,1,54742.0,Estado de trasplante renal: Nivel 2,,
903,1,34462.0,Enfermedad tiroidea crónica: Nivel 2,,
183,1,57863.0,Abuso de drogas - Cannabis/NOS/NEC: Nivel 3,,
341,1,53511.0,Discopatía y otros diagnósticos crónicos de espalda: Nivel 1,,
1053,1,61813.0,"Historia de fractura de cadera, edad > 64 y otra enfermedad moderada crónica: Nivel 3",,
129,1,86564.0,Leucemia no linfática aguda: Nivel 4,,
496,1,20200.0,"Enfermedad aguda significativa, duración más de 90 días, excluyendo ORL",,
126,1,50112.0,Diagnósticos neuromusculares crónicos/Otros diagnósticos neurológicos - Moderado: Nivel 2,,
977,1,70112.0,Insuficiencia cardiaca - Diabetes - Enfermedad cerebrovascular: Nivel 2,,
556,1,70125.0,Insuficiencia cardiaca - Diabetes - Otra enfermedad crónica dominante: Nivel 5,,
1063,1,51173.0,Anomalías del cráneo y de los huesos faciales: Nivel 3,,
1077,1,53493.0,"Deformidades de pélvis, cadera y fémur: Nivel 3",,
415,1,61602.0,Demencia y otra enfermedad dominante crónica: Nivel 2,,
842,1,62003.0,Otra enfermedad dominante crónica y enfermedad psiquiátrica (excepto esquizofrenia): Nivel 3,,
421,1,70604.0,Tres o más enfermedades crónicas dominantes: Nivel 4,,
211,1,62922.0,"Abuso de drogas crónico moderado y otra enfermedad crónica, Nivel 2: Nivel 2",,
238,1,33171.0,Enfermedades de vesícula biliar: Nivel 1,,
744,1,62303.0,Otra enfermedad dominante crónica y otra neoplasia no dominante: Nivel 3,,
193,1,54052.0,Diagnósticos significativos de piel y tejido subcutáneo: Nivel 2,,
49,1,53544.0,Osteoporosis: Nivel 4,,
1032,1,70304.0,EPOC - Enfermedad coronaria avanzada - Otra enfermedad crónica dominante: Nivel 4,,
919,1,70102.0,Insuficiencia cardiaca - Diabetes - EPOC: Nivel 2,,
350,1,37891.0,Diagnósticos relacionados con el abuso de drogas: Nivel 1,,
803,1,90701.0,"Cuadriplejia, diplejia o hemiplejia congénita: Nivel 1",,
978,1,70152.0,Insuficiencia cardiaca - Enfermedad cerebrovascular - Otra enfermedad crónica dominante: Nivel 2,,
592,1,55824.0,Síndrome de Down: Nivel 4,,
479,1,70415.0,Enfermedad coronaria avanzada - Dos o más enfermedades crónicas dominantes: Nivel 5,,
285,1,57062.0,Infecciones crónicas excepto tuberculosis: Nivel 2,,
255,1,80021.0,Neoplasias no dominantes primarias múltiples: Nivel 1,,
860,1,36982.0,Neoplasias de comportamiento incierto: Nivel 2,,
515,1,90704.0,"Cuadriplejia, diplejia o hemiplejia congénita: Nivel 4",,
608,1,31422.0,Otros diagnósticos pulmonares crónicos: Nivel 2,,
864,1,52664.0,Enfermedad inflamatoria intestinal: Nivel 4,,
573,1,70504.0,Enfermedad cerebrovascular -Dos o más enfermedades crónicas dominantes: Nivel 4,,
633,1,61422.0,Diabetes y asma: Nivel 2,,
491,1,57473.0,trastornos bipolares: Nivel 3,,
1070,1,61504.0,Enfermedad coronaria avanzada y otra enfermedad dominante crónica: Nivel 4,,
198,1,53504.0,Amputación y enfermedad ósea: Nivel 4,,
155,1,20840.0,Diagnósticos de enfermedad tejido conectivo significativo u ortopédicos con otra enfermedad significativa,,
5,1,5.0,Enfermedad dominante o crónica moderada única,,
575,1,62704.0,Otras dos enfermedades crónicas moderadas: Nivel 4,,
606,1,86501.0,Neoplasia de ovario: Nivel 1,,
346,1,70404.0,Enfermedad coronaria avanzada -Enfermedad vascular periférica - Otra enfermedad crónica dominante: Nivel 4,,
874,1,61245.0,EPOC e hipertensión,,
107,1,86482.0,Neoplasia de páncreas: Nivel 2,,
799,1,61114.0,Insuficiencia cardiaca y diabetes: Nivel 4,,
581,1,34451.0,Hiperlipidemia: Nivel 1,,
624,1,61814.0,"Historia de fractura de cadera, edad > 64 y otra enfermedad moderada crónica: Nivel 4",,
186,1,54421.0,"Diagnósticos endocrinos, nutricionales, hidroelectrolíticos e inmunes crónicos - Moderado: Nivel 1",,
910,1,62313.0,Otra neoplasia no dominante y otra enfermedad moderada crónica: Nivel 3,,
397,1,80023.0,Neoplasias no dominantes primarias múltiples: Nivel 3,,
237,1,56531.0,Leucemia no linfática crónica: Nivel 1,,
101,1,86643.0,Neoplasia genitourinaria: Nivel 3,,
734,1,50062.0,Enfermedad de Alzheimer y otras demencias: Nivel 2,,
362,1,55821.0,Síndrome de Down: Nivel 1,,
435,1,54732.0,Insuficiencia renal crónica: Nivel 2,,
343,1,52411.0,Varices en piernas con úlceras o inflamación: Nivel 1,,
849,1,53433.0,"Diagnósticos congénitos mayores de hueso, cartílago y músculo: Nivel 3",,
835,1,57851.0,Abuso de otras sustancias significativas: Nivel 1,,
56,1,54243.0,Diabetes: Nivel 3,,
443,1,62705.0,Otras dos enfermedades crónicas moderadas: Nivel 5,,
441,1,61334.0,"Enfermedad cerebrovascular y otra enfermedad crónica, Nivel 2",,
699,1,32441.0,Diagnósticos arteriales y venosos crónicos - menor: Nivel 1,,
836,1,57472.0,trastornos bipolares: Nivel 2,,
146,1,56641.0,Neoplasia genitourinaria: Nivel 1,,
598,1,70135.0,Insuficiencia cardiaca - EPOC - Otra enfermedad crónica dominante: Nivel 5,,
687,1,31001.0,Pérdida de audición crónica: Nivel 1,,
221,1,86583.0,Otras neoplasias: Nivel 3,,
34,1,57431.0,Esquizofrenia: Nivel 1,,
358,1,61151.0,Insuficiencia cardiaca y demencia: Nivel 1,,
199,1,50071.0,Parálisis cerebral NOS: Nivel 1,,
176,1,62006.0,Otra enfermedad dominante crónica y enfermedad psiquiátrica (excepto esquizofrenia): Nivel 6,,
629,1,61815.0,"Historia de fractura de cadera, edad > 64 y otra enfermedad moderada crónica: Nivel 5",,
428,1,61326.0,Enfermedad cerebrovascular y otra enfermedad moderada crónica,,
959,1,53492.0,"Deformidades de pélvis, cadera y fémur: Nivel 2",,
790,1,61513.0,Enfermedad coronaria avanzada y otra enfermedad moderada crónica: Nivel 3,,
290,1,61415.0,Diabetes y otra enfermedad dominante crónica: Nivel 5,,
400,1,70715.0,Diabetes - Hipertensión - Otra enfermedad crónica dominante: Nivel 5,,
431,1,70023.0,Insuficiencia renal crónica - Dos o más enfermedades crónicas dominantes: Nivel 3,,
767,1,54744.0,Estado de trasplante renal: Nivel 4,,
616,1,62415.0,Asma y otra enfermedad moderada crónica: Nivel 5,,
516,1,61103.0,EPOC e Insuficiencia cardiaca: Nivel 3,,
539,1,54041.0,Úlcera cutánea crónica: Nivel 1,,
819,1,50023.0,Diagnósticos extrapiramidales: Nivel 3,,
437,1,55852.0,Trastorno generalizado del desarrollo (autismo): Nivel 2,,
609,1,53543.0,Osteoporosis: Nivel 3,,
727,1,61603.0,Demencia y otra enfermedad dominante crónica: Nivel 3,,
388,1,90902.0,Espina bífida: Nivel 2,,
1088,1,62425.0,Asma e hipertensión: Nivel 5,,
288,1,52663.0,Enfermedad inflamatoria intestinal: Nivel 3,,
725,1,91002.0,Distrofia muscular progresiva o atrofia espinal muscular: Nivel 2,,
215,1,56642.0,Neoplasia genitourinaria: Nivel 2,,
298,1,62611.0,"Enfermedad dominante crónica y otra enfermedad crónica, Nivel 2: Nivel 1",,
792,1,53502.0,Amputación y enfermedad ósea: Nivel 2,,
173,1,70704.0,Diabetes - Enfermedad cerebrovascular - Hipertensión: Nivel 4,,
741,1,35102.0,Hiperplasia benigna de próstata: Nivel 2,,
302,1,86573.0,Neoplasia de colón: Nivel 3,,
331,1,50114.0,Diagnósticos neuromusculares crónicos/Otros diagnósticos neurológicos - Moderado: Nivel 4,,
736,1,61316.0,Enfermedad cerebrovascular y otra enfermedad dominante crónica,,
845,1,90101.0,Diálisis con diabetes: Nivel 1,,
1039,1,62812.0,"Neoplasia de próstata y otra enfermedad crónica, Nivel 2: Nivel 2",,
970,1,57832.0,Abuso de opioides: Nivel 2,,
850,1,50141.0,Epilepsia: Nivel 1,,
182,1,70026.0,Insuficiencia renal crónica - Dos o más enfermedades crónicas dominantes: Nivel 6,,
374,1,52413.0,Varices en piernas con úlceras o inflamación: Nivel 3,,
230,1,34091.0,Psoriasis: Nivel 1,,
116,1,10090.0,Diagnósticos catastróficos sin otra enfermedad significativa,,
294,1,61906.0,Otras dos enfermedades dominantes crónicas: Nivel 6,,
940,1,61153.0,Insuficiencia cardiaca y demencia: Nivel 3,,
636,1,33572.0,Ostroartritis: Nivel 2,,
848,1,53432.0,"Diagnósticos congénitos mayores de hueso, cartílago y músculo: Nivel 2",,
367,1,54051.0,Diagnósticos significativos de piel y tejido subcutáneo: Nivel 1,,
632,1,61106.0,EPOC e Insuficiencia cardiaca: Nivel 6,,
838,1,35242.0,"Infertilidad, mujer: Nivel 2",,
576,1,61251.0,"EPOC y otra enfermedad crónica, Nivel 2",,
378,1,51384.0,Asma: Nivel 4,,
20,1,20820.0,"Diagnósticos cardiovasculares, pulmonares u otros diagnósticos vasculares con otra enfermedad significativa",,
477,1,61512.0,Enfermedad coronaria avanzada y otra enfermedad moderada crónica: Nivel 2,,
694,1,62004.0,Otra enfermedad dominante crónica y enfermedad psiquiátrica (excepto esquizofrenia): Nivel 4,,
242,1,31012.0,Otros diagnósticos crónicos de ORL: Nivel 2,,
930,1,51201.0,Labio leporino y paladar hendido: Nivel 1,,
32,1,51811.0,Enfermedades valvulares: Nivel 1,,
445,1,56051.0,Enfermedades inmunes y leucocitarias: Nivel 1,,
472,1,61904.0,Otras dos enfermedades dominantes crónicas: Nivel 4,,
1042,1,86603.0,Linfoma de Hodgkin: Nivel 3,,
614,1,61724.0,"Esquizofrenia y otra enfermedad crónica, Nivel 2: Nivel 4",,
427,1,70166.0,Insuficiencia cardiaca - Dos o más enfermedades crónicas dominantes: Nivel 6,,
538,1,35572.0,"Prematuridad, peso al nacer inferior a 1000 g: Nivel 2",,
102,1,61715.0,Esquizofrenia y otra enfermedad moderada crónica: Nivel 5,,
488,1,70603.0,Tres o más enfermedades crónicas dominantes: Nivel 3,,
706,1,50111.0,Diagnósticos neuromusculares crónicos/Otros diagnósticos neurológicos - Moderado: Nivel 1,,
770,1,54784.0,Anomalías de riñón o tracto urinario: Nivel 4,,
232,1,53533.0,Sustitución de articulación: Nivel 3,,
265,1,90803.0,Cuadriplejia adquirida o estado vegetativo permanente: Nivel 3,,
324,1,56651.0,Linfoma no Hodgkin: Nivel 1,,
467,1,86471.0,Neoplasia de pulmón: Nivel 1,,
554,1,56074.0,Trastornos de la coagulación: Nivel 4,,
774,1,51342.0,Otros diagnósticos pulmonares crónicos mayores: Nivel 2,,
212,1,70306.0,EPOC - Enfermedad coronaria avanzada - Otra enfermedad crónica dominante: Nivel 6,,
22,1,53141.0,Trastornos pancreáticos y hepáticos crónicos - Moderado: Nivel 1,,
843,1,56541.0,Mieloma múltiple: Nivel 1,,
4,1,4.0,Enfermedad crónica menor en múltiples sistemas orgánicos,,
127,1,20740.0,Embarazo sin parto con otra enfermedad significativa,,
651,1,30171.0,Anomalías de la marcha: Nivel 1,,
371,1,50121.0,Historia de accidente isquémico transitorio: Nivel 1,,
574,1,55834.0,"Anomalías y síndromes cromosómicos, excepto Down: Nivel 4",,
140,1,90204.0,Diálisis sin diabetes: Nivel 4,,
177,1,70014.0,Insuficiencia renal crónica - Otra enfermedad crónica dominante: Nivel 4,,
667,1,52371.0,Enfermedades arteriales y venosas crónicas - mayor: Nivel 1,,
109,1,70143.0,Insuficiencia cardiaca - Enfermedad vascular periférica - Otra enfermedad crónica dominante: Nivel 3,,
584,1,57853.0,Abuso de otras sustancias significativas: Nivel 3,,
455,1,86531.0,Leucemia no linfática crónica: Nivel 1,,
955,1,31412.0,Bronquitis crónica: Nivel 2,,
1041,1,51901.0,Estado de dispositivo cardiaco: Nivel 1,,
197,1,90703.0,"Cuadriplejia, diplejia o hemiplejia congénita: Nivel 3",,
583,1,61616.0,Demencia y otra enfermedad moderada crónica: Nivel 6,,
585,1,80022.0,Neoplasias no dominantes primarias múltiples: Nivel 2,,
846,1,70234.0,Diabetes - Dos o más enfermedades crónicas dominantes: Nivel 4,,
361,1,34082.0,Neoplasias de piel: Nivel 2,,
798,1,61123.0,Insuficiencia cardiaca y enfermedad vascular periférica: Nivel 3,,
1062,1,52704.0,Diagnósticos gastrointestinales crónicos - moderado: Nivel 4,,
345,1,61253.0,"EPOC y otra enfermedad crónica, Nivel 2",,
52,1,53913.0,Artritis reumatoide: Nivel 3,,
399,1,61822.0,"Historia de fractura de cadera, edad > 64 y otra enfermedad crónica, Nivel 2: Nivel 1",,
530,1,62112.0,Neoplasia de mama y otra enfermedad moderada crónica: Nivel 2,,
527,1,62822.0,"Otra neoplasia no dominante y otra enfermedad crónica, Nivel 2: Nivel 2",,
468,1,56951.0,Neoplasia NOS/NEC: Nivel 1,,
596,1,57513.0,Diagnósticos de salud mental crónicos - Moderado: Nivel 3,,
51,1,70141.0,Insuficiencia cardiaca - Enfermedad vascular periférica - Otra enfermedad crónica dominante: Nivel 1,,
548,1,61111.0,Insuficiencia cardiaca y diabetes: Nivel 1,,
870,1,61442.0,Diabetes e hipertensión: Nivel 2,,
306,1,62213.0,Neoplasia de próstata y otra enfermedad moderada crónica: Nivel 3,,
207,1,54783.0,Anomalías de riñón o tracto urinario: Nivel 3,,
219,1,55832.0,"Anomalías y síndromes cromosómicos, excepto Down: Nivel 2",,
195,1,53914.0,Artritis reumatoide: Nivel 4,,
947,1,51803.0,Otros diagnósticos cardiovasculares - mayor: Nivel 3,,
256,1,62934.0,"Otra enfermedad dominante crónica y otra enfermedad crónica, Nivel 2: Nivel 4",,
144,1,61614.0,Demencia y otra enfermedad moderada crónica: Nivel 4,,
788,1,20810.0,Diagnósticos neurológicos significativos con otra enfermedad significativa,,
979,1,62312.0,Otra neoplasia no dominante y otra enfermedad moderada crónica: Nivel 2,,
764,1,61105.0,EPOC e Insuficiencia cardiaca: Nivel 5,,
141,1,53542.0,Osteoporosis: Nivel 2,,
635,1,70162.0,Insuficiencia cardiaca - Dos o más enfermedades crónicas dominantes: Nivel 2,,
257,1,86484.0,Neoplasia de páncreas: Nivel 4,,
420,1,55854.0,Trastorno generalizado del desarrollo (autismo): Nivel 4,,
822,1,86614.0,Neoplasia de proteinas plasmáticas: Nivel 4,,
851,1,51383.0,Asma: Nivel 3,,
590,1,61204.0,EPOC y diabetes: Nivel 4,,
192,1,55883.0,Retraso mental leve / moderado: Nivel 3,,
190,1,57493.0,Depresión y otras psicosis: Nivel 3,,
1010,1,70301.0,EPOC - Enfermedad coronaria avanzada - Otra enfermedad crónica dominante: Nivel 1,,
236,1,50143.0,Epilepsia: Nivel 3,,
1009,1,30782.0,Glaucoma: Nivel 2,,
54,1,57481.0,"Trastornos de la conducta, del control de los impulsos y del comportamiento : Nivel 1",,
760,1,90504.0,Dependencia de ventilación mecánica: Nivel 4,,
891,1,30801.0,Diagnósticos oculares crónicos - menor: Nivel 1,,
293,1,10130.0,Diagnósticos de enfermedad mental mayor o abuso de drogas sin otra enfermedad significativa,,
561,1,86492.0,Neoplasia renal: Nivel 2,,
509,1,70505.0,Enfermedad cerebrovascular -Dos o más enfermedades crónicas dominantes: Nivel 5,,
115,1,61445.0,Diabetes e hipertensión: Nivel 5,,
610,1,61433.0,Diabetes y otra enfermedad moderada crónica: Nivel 3,,
447,1,61406.0,Diabetes y enfermedad coronaria avanzada: Nivel 6,,
157,1,61416.0,Diabetes y otra enfermedad dominante crónica: Nivel 6,,
691,1,70202.0,Diabetes - Enfermedad coronaria avanzada - Otra enfermedad crónica dominante: Nivel 2,,
709,1,62502.0,Otra enfermedad dominante crónica y abuso de drogas crónico moderado: Nivel 2,,
654,1,34832.0,Infecciones recurrentes del tracto urinario: Nivel 2,,
567,1,62503.0,Otra enfermedad dominante crónica y abuso de drogas crónico moderado: Nivel 3,,
1034,1,51793.0,Insuficiencia cardiaca: Nivel 3,,
241,1,61174.0,"Insuficiencia cardiaca y otra enfermedad crónica, Nivel 2: Nivel 4",,
1016,1,53524.0,Artropatía por cristales: Nivel 4,,
658,1,61515.0,Enfermedad coronaria avanzada y otra enfermedad moderada crónica: Nivel 5,,
647,1,70163.0,Insuficiencia cardiaca - Dos o más enfermedades crónicas dominantes: Nivel 3,,
191,1,53483.0,Anomalía o curvatura de columna: Nivel 3,,
291,1,57444.0,Trastornos de la alimentación: Nivel 4,,
643,1,70105.0,Insuficiencia cardiaca - Diabetes - EPOC: Nivel 5,,
967,1,53501.0,Amputación y enfermedad ósea: Nivel 1,,
14,1,61501.0,Enfermedad coronaria avanzada y otra enfermedad dominante crónica: Nivel 1,,
223,1,54781.0,Anomalías de riñón o tracto urinario: Nivel 1,,
793,1,62401.0,Otra enfermedad dominante crónica y asma: Nivel 1,,
15,1,86533.0,Leucemia no linfática crónica: Nivel 3,,
789,1,53113.0,Enfermedad hepática mayor excepto alcohólica: Nivel 3,,
69,1,50042.0,Enfermedad cerebrovascular con infarto o hemorragia intracraneal: Nivel 2,,
591,1,53142.0,Trastornos pancreáticos y hepáticos crónicos - Moderado: Nivel 2,,
908,1,58202.0,Quemaduras - Extrema: Nivel 2,,
976,1,70705.0,Diabetes - Enfermedad cerebrovascular - Hipertensión: Nivel 5,,
802,1,90301.0,Enfermedad HIV: Nivel 1,,
247,1,61323.0,Enfermedad cerebrovascular y otra enfermedad moderada crónica,,
841,1,70211.0,Diabetes - Enfermedad cerebrovascular - Otra enfermedad crónica dominante: Nivel 1,,
1000,1,61606.0,Demencia y otra enfermedad dominante crónica: Nivel 6,,
175,1,32732.0,Úlceras crónicas: Nivel 2,,
529,1,61135.0,Insuficiencia cardiaca y enfermedad cerebrovascular: Nivel 5,,
1075,1,51794.0,Insuficiencia cardiaca: Nivel 4,,
382,1,70206.0,Diabetes - Enfermedad coronaria avanzada - Otra enfermedad crónica dominante: Nivel 6,,
403,1,51824.0,Historia de Infarto Agudo de Miocardio: Nivel 4,,
449,1,70235.0,Diabetes - Dos o más enfermedades crónicas dominantes: Nivel 5,,
73,1,86552.0,Leucemia linfática aguda: Nivel 2,,
1061,1,86462.0,Neoplasias de cerebro y SNC: Nivel 2,,
713,1,62406.0,Otra enfermedad dominante crónica y asma: Nivel 6,,
1024,1,62511.0,Abuso de drogas crónico moderado y otra enfermedad moderada crónica: Nivel 1,,
99,1,61446.0,Diabetes e hipertensión: Nivel 6,,
416,1,56631.0,Neoplasia de próstata: Nivel 1,,
41,1,62933.0,"Otra enfermedad dominante crónica y otra enfermedad crónica, Nivel 2: Nivel 3",,
44,1,70702.0,Diabetes - Enfermedad cerebrovascular - Hipertensión: Nivel 2,,
783,1,62413.0,Asma y otra enfermedad moderada crónica: Nivel 3,,
626,1,90304.0,Enfermedad HIV: Nivel 4,,
147,1,53443.0,"Historia de fractura de cadera, edad > 64 años: Nivel 3",,
248,1,70123.0,Insuficiencia cardiaca - Diabetes - Otra enfermedad crónica dominante: Nivel 3,,
739,1,61122.0,Insuficiencia cardiaca y enfermedad vascular periférica: Nivel 2,,
514,1,90403.0,Nutrición parenteral total: Nivel 3,,
597,1,57514.0,Diagnósticos de salud mental crónicos - Moderado: Nivel 4,,
776,1,61431.0,Diabetes y otra enfermedad moderada crónica: Nivel 1,,
390,1,30991.0,Diagnósticos de oído crónicos excepto pérdida de audición: Nivel 1,,
535,1,70134.0,Insuficiencia cardiaca - EPOC - Otra enfermedad crónica dominante: Nivel 4,,
887,1,20760.0,Diagnósticos de problema neonatal o congénito mayor con otra enfermedad significativa,,
333,1,52412.0,Varices en piernas con úlceras o inflamación: Nivel 2,,
360,1,62314.0,Otra neoplasia no dominante y otra enfermedad moderada crónica: Nivel 4,,
483,1,57482.0,"Trastornos de la conducta, del control de los impulsos y del comportamiento: Nivel 2",,
292,1,61401.0,Diabetes y enfermedad coronaria avanzada: Nivel 1,,
188,1,70312.0,EPOC - Dos o más enfermedades crónicas dominantes: Nivel 2,,
619,1,70111.0,Insuficiencia cardiaca - Diabetes - Enfermedad cerebrovascular: Nivel 1,,
270,1,50054.0,Diagnósticos neurodegenerativos excepto esclerosis múltiple y Parkinson: Nivel 4,,
697,1,86461.0,Neoplasias de cerebro y SNC: Nivel 1,,
154,1,86584.0,Otras neoplasias: Nivel 4,,
595,1,50034.0,Hemiplejia adquirida: Nivel 4,,
937,1,61624.0,"Demencia y otra enfermedad crónica, Nivel 2: Nivel 4",,
201,1,56581.0,Otras neoplasias: Nivel 1,,
148,1,61412.0,Diabetes y otra enfermedad dominante crónica: Nivel 2,,
726,1,56061.0,Anemia de células falciformes: Nivel 1,,
897,1,56582.0,Otras neoplasias: Nivel 2,,
394,1,91101.0,Fibrosis quística: Nivel 1,,
1049,1,86543.0,Mieloma múltiple: Nivel 3,,
328,1,62403.0,Otra enfermedad dominante crónica y asma: Nivel 3,,
1054,1,62505.0,Otra enfermedad dominante crónica y abuso de drogas crónico moderado: Nivel 5,,
580,1,51832.0,Angina y cardiipatía isquémica: Nivel 2,,
872,1,56612.0,Neoplasia de proteinas plasmáticas: Nivel 2,,
259,1,86511.0,Neoplasia de aparato digestivo: Nivel 1,,
1085,1,56053.0,Enfermedades inmunes y leucocitarias: Nivel 3,,
379,1,61166.0,Insuficiencia cardiaca y otra enfermedad moderada crónica: Nivel 6,,
763,1,57841.0,Abuso crónico de alcohol: Nivel 1,,
732,1,61304.0,Enfermedad cerebrovascular y diabetes,,
894,1,61144.0,Insuficiencia cardiaca y otra enfermedad dominante crónica: Nivel 4,,
84,1,62605.0,Enfermedad dominante crónica y una o más enfermedades moderadas crónicas: Nivel 5,,
1050,1,86551.0,Leucemia linfática aguda: Nivel 1,,
817,1,86623.0,Neoplasia de mama: Nivel 3,,
45,1,61136.0,Insuficiencia cardiaca y enfermedad cerebrovascular: Nivel 6,,
124,1,52373.0,Enfermedades arteriales y venosas crónicas - mayor: Nivel 3,,
1046,1,61403.0,Diabetes y enfermedad coronaria avanzada: Nivel 3,,
35,1,52374.0,Enfermedades arteriales y venosas crónicas - mayor: Nivel 4,,
785,1,70132.0,Insuficiencia cardiaca - EPOC - Otra enfermedad crónica dominante: Nivel 2,,
208,1,57474.0,trastornos bipolares: Nivel 4,,
225,1,61803.0,"Historia de fractura de cadera, edad > 64 y otra enfermedad dominante crónica: Nivel 3",,
784,1,70405.0,Enfermedad coronaria avanzada -Enfermedad vascular periférica - Otra enfermedad crónica dominante: Nivel 5,,
511,1,52692.0,Anomalías gastrointestinales: Nivel 2,,
1079,1,31962.0,Diagnósticos cardiovasculares crónicos - menor: Nivel 2,,
701,1,55843.0,Retraso mental severo / profundo: Nivel 3,,
424,1,57433.0,Esquizofrenia: Nivel 3,,
263,1,51801.0,Otros diagnósticos cardiovasculares - mayor: Nivel 1,,
875,1,57864.0,Abuso de drogas - Cannabis/NOS/NEC: Nivel 4,,
396,1,51834.0,Angina y cardiipatía isquémica: Nivel 4,,
23,1,50043.0,Enfermedad cerebrovascular con infarto o hemorragia intracraneal: Nivel 3,,
686,1,86572.0,Neoplasia de colón: Nivel 2,,
577,1,57443.0,Trastornos de la alimentación: Nivel 3,,
873,1,86612.0,Neoplasia de proteinas plasmáticas: Nivel 2,,
286,1,70203.0,Diabetes - Enfermedad coronaria avanzada - Otra enfermedad crónica dominante: Nivel 3,,
720,1,62402.0,Otra enfermedad dominante crónica y asma: Nivel 2,,
406,1,62911.0,"Asma y otra enfermedad crónica, Nivel 2: Nivel 1",,
1072,1,62703.0,Otras dos enfermedades crónicas moderadas: Nivel 3,,
705,1,70114.0,Insuficiencia cardiaca - Diabetes - Enfermedad cerebrovascular: Nivel 4,,
97,1,62421.0,Asma e hipertensión: Nivel 1,,
352,1,51883.0,Historia de by-pass coronario: Nivel 3,,
359,1,62603.0,Enfermedad dominante crónica y una o más enfermedades moderadas crónicas: Nivel 3,,
202,1,57502.0,Trastornos mayores de la personalidad: Nivel 2,,
951,1,61306.0,Enfermedad cerebrovascular y diabetes,,
120,1,34821.0,Reflujo vesiculoureteral: Nivel 1,,
268,1,61302.0,Enfermedad cerebrovascular y diabetes,,
549,1,54043.0,Úlcera cutánea crónica: Nivel 3,,
615,1,52701.0,Diagnósticos gastrointestinales crónicos - moderado: Nivel 1,,
815,1,61402.0,Diabetes y enfermedad coronaria avanzada: Nivel 2,,
450,1,35251.0,Otros diagnósticos ginecológicos crónicos: Nivel 1,,
266,1,33571.0,Ostroartritis: Nivel 1,,
964,1,57432.0,Esquizofrenia: Nivel 2,,
912,1,56561.0,Leucemia no linfática aguda: Nivel 1,,
269,1,70303.0,EPOC - Enfermedad coronaria avanzada - Otra enfermedad crónica dominante: Nivel 3,,
309,1,31421.0,Otros diagnósticos pulmonares crónicos: Nivel 1,,
216,1,54241.0,Diabetes: Nivel 1,,
652,1,61301.0,Enfermedad cerebrovascular y diabetes,,
274,1,10160.0,Diagnósticos de diabetes sin otra enfermedad significativa,,
401,1,20500.0,Enfermedad aguda significativa de ORL,,
301,1,30182.0,Migraña: Nivel 2,,
622,1,70226.0,Diabetes - EPOC- Otra enfermedad crónica dominante: Nivel 6,,
553,1,57064.0,Infecciones crónicas excepto tuberculosis: Nivel 4,,
83,1,62706.0,Otras dos enfermedades crónicas moderadas: Nivel 6,,
466,1,52381.0,Enfermedad vascular periférica: Nivel 1,,
987,1,61213.0,EPOC y enfermedad coronaria avanzada: Nivel 3,,
738,1,57844.0,Abuso crónico de alcohol: Nivel 4,,
125,1,62504.0,Otra enfermedad dominante crónica y abuso de drogas crónico moderado: Nivel 4,,
128,1,61252.0,"EPOC y otra enfermedad crónica, Nivel 2",,
1043,1,61126.0,Insuficiencia cardiaca y enfermedad vascular periférica: Nivel 6,,
366,1,10050.0,Diagnósticos ginecológicos mayores sin otra enfermedad significativa,,
885,1,53452.0,Estenosis espinal: Nivel 2,,
1038,1,86654.0,Linfoma no Hodgkin: Nivel 4,,
122,1,61244.0,EPOC e hipertensión,,
816,1,53451.0,Estenosis espinal: Nivel 1,,
1084,1,50754.0,"Ceguera, pérdida de visión y diagnósticos oculares crónicos -Mayor/moderado: Nivel 4",,
307,1,61164.0,Insuficiencia cardiaca y otra enfermedad moderada crónica: Nivel 4,,
1069,1,51344.0,Otros diagnósticos pulmonares crónicos mayores: Nivel 4,,
1071,1,50104.0,Hidrocefalia y otras anomalías cerebrales: Nivel 4,,
806,1,51172.0,Anomalías del cráneo y de los huesos faciales: Nivel 2,,
844,1,32741.0,Diagnósticos gastrointestinales crónicos - menor: Nivel 1,,
758,1,50102.0,Hidrocefalia y otras anomalías cerebrales: Nivel 2,,
323,1,61223.0,EPOC y otra enfermedad dominante crónica: Nivel 3,,
16,1,70154.0,Insuficiencia cardiaca - Enfermedad cerebrovascular - Otra enfermedad crónica dominante: Nivel 4,,
461,1,51782.0,Otros diagnósticos cardiacos congénitos mayores excepto valvulares: Nivel 2,,
42,1,51821.0,Historia de Infarto Agudo de Miocardio: Nivel 1,,
369,1,57063.0,Infecciones crónicas excepto tuberculosis: Nivel 3,,
375,1,90102.0,Diálisis con diabetes: Nivel 2,,
498,1,57833.0,Abuso de opioides: Nivel 3,,
250,1,70106.0,Insuficiencia cardiaca - Diabetes - EPOC: Nivel 6,,
456,1,51911.0,Arterioesclerosis coronaria: Nivel 1,,
571,1,35232.0,Enfermedad inflamatoria crónica pélvica: Nivel 2,,
142,1,53114.0,Enfermedad hepática mayor excepto alcohólica: Nivel 4,,
639,1,90103.0,Diálisis con diabetes: Nivel 3,,
87,1,61102.0,EPOC e Insuficiencia cardiaca: Nivel 2,,
1026,1,61823.0,"Historia de fractura de cadera, edad > 64 y otra enfermedad crónica, Nivel 2: Nivel 3",,
829,1,62411.0,Asma y otra enfermedad moderada crónica: Nivel 1,,
504,1,61451.0,"Diabetes y otra enfermedad crónica, Nivel 2: Nivel 1",,
721,1,52372.0,Enfermedades arteriales y venosas crónicas - mayor: Nivel 2,,
163,1,86621.0,Neoplasia de mama: Nivel 1,,
409,1,56052.0,Enfermedades inmunes y leucocitarias: Nivel 2,,
112,1,86601.0,Linfoma de Hodgkin: Nivel 1,,
550,1,51331.0,EPOC y bronquiectasias: Nivel 1,,
559,1,61623.0,"Demencia y otra enfermedad crónica, Nivel 2: Nivel 3",,
895,1,62102.0,Otra enfermedad dominante crónica y neoplasia de mama: Nivel 2,,
644,1,70716.0,Diabetes - Hipertensión - Otra enfermedad crónica dominante: Nivel 6,,
481,1,54394.0,Diagnósticos endocrinos y metabólicos crónicos - Mayor: Nivel 4,,
679,1,57442.0,Trastornos de la alimentación: Nivel 2,,
909,1,34092.0,Psoriasis: Nivel 2,,
613,1,51324.0,Anomalías respiratorias mayores: Nivel 4,,
565,1,50064.0,Enfermedad de Alzheimer y otras demencias: Nivel 4,,
666,1,31952.0,Defectos del tabique auricular y ventricular: Nivel 2,,
881,1,35922.0,Enfermedades del desarrollo del lenguaje: Nivel 2,,
683,1,70605.0,Tres o más enfermedades crónicas dominantes: Nivel 5,,
448,1,61101.0,EPOC e Insuficiencia cardiaca: Nivel 1,,
429,1,61901.0,Otras dos enfermedades dominantes crónicas: Nivel 1,,
880,1,61805.0,"Historia de fractura de cadera, edad > 64 y otra enfermedad dominante crónica: Nivel 15",,
961,1,86652.0,Linfoma no Hodgkin: Nivel 2,,
926,1,56952.0,Neoplasia NOS/NEC: Nivel 1,,
986,1,62914.0,"Asma y otra enfermedad crónica, Nivel 2: Nivel 4",,
673,1,51813.0,Enfermedades valvulares: Nivel 3,,
1025,1,57822.0,Abuso de cocaina: Nivel 2,,
753,1,61604.0,Demencia y otra enfermedad dominante crónica: Nivel 4,,
339,1,62211.0,Neoplasia de próstata y otra enfermedad moderada crónica: Nivel 1,,
722,1,53541.0,Osteoporosis: Nivel 1,,
800,1,56621.0,Neoplasia de mama: Nivel 1,,
158,1,70221.0,Diabetes - EPOC- Otra enfermedad crónica dominante: Nivel 1,,
164,1,56102.0,Diagnósticos hematológicos crónicos e inmunes - Moderado: Nivel 2,,
1068,1,61321.0,Enfermedad cerebrovascular y otra enfermedad moderada crónica,,
1020,1,70103.0,Insuficiencia cardiaca - Diabetes - EPOC: Nivel 3,,
975,1,86502.0,Neoplasia de ovario: Nivel 2,,
707,1,70316.0,EPOC - Dos o más enfermedades crónicas dominantes: Nivel 6,,
807,1,70214.0,Diabetes - Enfermedad cerebrovascular - Otra enfermedad crónica dominante: Nivel 4,,
480,1,40003.0,Categorías de ECP múltiples menores: Nivel 3,,
685,1,56073.0,Trastornos de la coagulación: Nivel 3,,
513,1,70222.0,Diabetes - EPOC- Otra enfermedad crónica dominante: Nivel 2,,
189,1,51781.0,Otros diagnósticos cardiacos congénitos mayores excepto valvulares: Nivel 1,,
386,1,30792.0,Cataratas: Nivel 2,,
137,1,30192.0,Diagnósticos neuromusculares crónicos y otros diagnósticos neurológicos: Menor Nivel 2,,
896,1,55851.0,Trastorno generalizado del desarrollo (autismo): Nivel 1,,
71,1,56072.0,Trastornos de la coagulación: Nivel 2,,
414,1,52384.0,Enfermedad vascular periférica: Nivel 4,,
463,1,54414.0,Obesidad: Nivel 4,,
972,1,53901.0,Enfermedades del tejido conectivo y vasculitis: Nivel 1,,
547,1,62113.0,Neoplasia de mama y otra enfermedad moderada crónica: Nivel 3,,
136,1,61702.0,Esquizofrenia y otra enfermedad dominante crónica: Nivel 2,,
958,1,56632.0,Neoplasia de próstata: Nivel 2,,
478,1,53532.0,Sustitución de articulación: Nivel 2,,
373,1,91102.0,Fibrosis quística: Nivel 2,,
458,1,53144.0,Trastornos pancreáticos y hepáticos crónicos - Moderado: Nivel 4,,
824,1,70116.0,Insuficiencia cardiaca - Diabetes - Enfermedad cerebrovascular: Nivel 6,,
1021,1,86624.0,Neoplasia de mama: Nivel 4,,
48,1,35252.0,Otros diagnósticos ginecológicos crónicos: Nivel 2,,
1059,1,51823.0,Historia de Infarto Agudo de Miocardio: Nivel 3,,
91,1,10020.0,Parto con complicaciones sin otra enfermedad significativa,,
865,1,53111.0,Enfermedad hepática mayor excepto alcohólica: Nivel 1,,
417,1,10150.0,"Diagnósticos gastrointestinales, hepáticos, renales o de hernia significativos sin otra enfermedad significativa",,
1067,1,35101.0,Hiperplasia benigna de próstata: Nivel 1,,
473,1,57061.0,Infecciones crónicas excepto tuberculosis: Nivel 1,,
702,1,51893.0,Historia de ACTP: Nivel 3,,
772,1,53143.0,Trastornos pancreáticos y hepáticos crónicos - Moderado: Nivel 3,,
273,1,61221.0,EPOC y otra enfermedad dominante crónica: Nivel 1,,
537,1,50742.0,Degeneración macular: Nivel 2,,
915,1,51861.0,Fibrilación auricular: Nivel 1,,
98,1,61414.0,Diabetes y otra enfermedad dominante crónica: Nivel 4,,
630,1,57834.0,Abuso de opioides: Nivel 4,,
395,1,70113.0,Insuficiencia cardiaca - Diabetes - Enfermedad cerebrovascular: Nivel 3,,
813,1,62302.0,Otra enfermedad dominante crónica y otra neoplasia no dominante: Nivel 2,,
862,1,86634.0,Neoplasia de prostata: Nivel 4,,
357,1,30781.0,Glaucoma: Nivel 1,,
180,1,57074.0,Tuberculosis secundaria: Nivel 4,,
220,1,62301.0,Otra enfermedad dominante crónica y otra neoplasia no dominante: Nivel 1,,
924,1,50113.0,Diagnósticos neuromusculares crónicos/Otros diagnósticos neurológicos - Moderado: Nivel 3,,
1035,1,61215.0,EPOC y enfermedad coronaria avanzada: Nivel 5,,
493,1,53514.0,Discopatía y otros diagnósticos crónicos de espalda: Nivel 4,,
169,1,61612.0,Demencia y otra enfermedad moderada crónica: Nivel 2,,
833,1,61413.0,Diabetes y otra enfermedad dominante crónica: Nivel 3,,
572,1,53482.0,Anomalía o curvatura de columna: Nivel 2,,
1045,1,20790.0,Diagnósticos catastróficos con otra enfermedad significativa,,
365,1,61811.0,"Historia de fractura de cadera, edad > 64 y otra enfermedad moderada crónica: Nivel 1",,
423,1,62311.0,Otra neoplasia no dominante y otra enfermedad moderada crónica: Nivel 1,,
866,1,86413.0,Neoplasias secundarias: Nivel 3,,
568,1,61331.0,"Enfermedad cerebrovascular y otra enfermedad crónica, Nivel 2",,
119,1,50122.0,Historia de accidente isquémico transitorio: Nivel 2,,
1011,1,61146.0,Insuficiencia cardiaca y otra enfermedad dominante crónica: Nivel 6,,
922,1,20300.0,"Enfermedad aguda significativa, excluyendo ORL",,
139,1,51333.0,EPOC y bronquiectasias: Nivel 3,,
210,1,55891.0,Retraso en el desarrollo NOS/NEC/Mixto: Nivel 1,,
246,1,86524.0,Leucemia linfática crónica: Nivel 4,,
532,1,70011.0,Insuficiencia renal crónica - Otra enfermedad crónica dominante: Nivel 1,,
540,1,61112.0,Insuficiencia cardiaca y diabetes: Nivel 2,,
677,1,86613.0,Neoplasia de proteinas plasmáticas: Nivel 3,,
1006,1,62104.0,Otra enfermedad dominante crónica y neoplasia de mama: Nivel 4,,
728,1,62801.0,"Neoplasia de mama y otra enfermedad crónica, Nivel 2: Nivel 1",,
905,1,62904.0,"Enfermedad psiquiátrica (excepto esquizofrenia) y otra enfermedad crónica, Nivel 2: Nivel 4",,
440,1,62005.0,Otra enfermedad dominante crónica y enfermedad psiquiátrica (excepto esquizofrenia): Nivel 5,,
495,1,54794.0,Diagnósticos genitourinarios crónicos: Nivel 4,,
599,1,50751.0,"Ceguera, pérdida de visión y diagnósticos oculares crónicos -Mayor/moderado: Nivel 1",,
1029,1,51783.0,Otros diagnósticos cardiacos congénitos mayores excepto valvulares: Nivel 3,,
690,1,90604.0,Historia de trasplante orgánico mayor: Nivel 4,,
172,1,20830.0,Diagnósticos de enfermedad mental mayor o abuso de drogas con otra enfermedad significativa,,
545,1,90603.0,Historia de trasplante orgánico mayor: Nivel 3,,
657,1,70213.0,Diabetes - Enfermedad cerebrovascular - Otra enfermedad crónica dominante: Nivel 3,,
852,1,34452.0,Hiperlipidemia: Nivel 2,,
353,1,61621.0,"Demencia y otra enfermedad crónica, Nivel 2: Nivel 1",,
688,1,57073.0,Tuberculosis secundaria: Nivel 3,,
187,1,62912.0,"Asma y otra enfermedad crónica, Nivel 2: Nivel 2",,
470,1,57852.0,Abuso de otras sustancias significativas: Nivel 2,,
487,1,50014.0,Diagnósticos neurológicos progresivos: Nivel 4,,
11,1,33172.0,Enfermedades de vesícula biliar: Nivel 2,,
997,1,54771.0,Nefritis: Nivel 1,,
143,1,54734.0,Insuficiencia renal crónica: Nivel 4,,
555,1,62014.0,Enfermedad psiquiátrica (excepto esquizofrenia) y otra enfermedad moderada crónica: Nivel 4,,
344,1,62923.0,"Abuso de drogas crónico moderado y otra enfermedad crónica, Nivel 2: Nivel 3",,
988,1,50032.0,Hemiplejia adquirida: Nivel 2,,
213,1,54733.0,Insuficiencia renal crónica: Nivel 3,,
935,1,61902.0,Otras dos enfermedades dominantes crónicas: Nivel 2,,
267,1,50024.0,Diagnósticos extrapiramidales: Nivel 4,,
289,1,35921.0,Enfermedades del desarrollo del lenguaje: Nivel 1,,
623,1,62612.0,"Enfermedad dominante crónica y otra enfermedad crónica, Nivel 2: Nivel 2",,
1065,1,91003.0,Distrofia muscular progresiva o atrofia espinal muscular: Nivel 3,,
393,1,40001.0,Categorías de ECP múltiples menores: Nivel 1,,
264,1,52414.0,Varices en piernas con úlceras o inflamación: Nivel 4,,
551,1,61704.0,Esquizofrenia y otra enfermedad dominante crónica: Nivel 4,,
453,1,90503.0,Dependencia de ventilación mecánica: Nivel 3,,
882,1,70205.0,Diabetes - Enfermedad coronaria avanzada - Otra enfermedad crónica dominante: Nivel 5,,
159,1,51812.0,Enfermedades valvulares: Nivel 2,,
517,1,50072.0,Parálisis cerebral NOS: Nivel 2,,
932,1,62012.0,Enfermedad psiquiátrica (excepto esquizofrenia) y otra enfermedad moderada crónica: Nivel 2,,
465,1,61806.0,"Historia de fractura de cadera, edad > 64 y otra enfermedad dominante crónica: Nivel 6",,
1087,1,53944.0,Espondiloartropatía y otras artropatías inflamatorias: Nivel 4,,
913,1,86581.0,Otras neoplasias: Nivel 1,,
957,1,86463.0,Neoplasias de cerebro y SNC: Nivel 3,,
503,1,50061.0,Enfermedad de Alzheimer y otras demencias: Nivel 1,,
442,1,86412.0,Neoplasias secundarias: Nivel 2,,
335,1,70124.0,Insuficiencia cardiaca - Diabetes - Otra enfermedad crónica dominante: Nivel 4,,
681,1,57824.0,Abuso de cocaina: Nivel 4,,
719,1,56602.0,Linfoma de Hodgkin: Nivel 2,,
356,1,51322.0,Anomalías respiratorias mayores: Nivel 2,,
1051,1,61224.0,EPOC y otra enfermedad dominante crónica: Nivel 4,,
55,1,55842.0,Retraso mental severo / profundo: Nivel 2,,
482,1,52703.0,Diagnósticos gastrointestinales crónicos - moderado: Nivel 3,,
303,1,10140.0,Diagnósticos de enfermedad tejido conectivo significativo u ortopédicos sin otra enfermedad significativa,,
818,1,61802.0,"Historia de fractura de cadera, edad > 64 y otra enfermedad dominante crónica: Nivel 2",,
693,1,61903.0,Otras dos enfermedades dominantes crónicas: Nivel 3,,
110,1,86604.0,Linfoma de Hodgkin: Nivel 4,,
648,1,53941.0,Espondiloartropatía y otras artropatías inflamatorias: Nivel 1,,
900,1,62404.0,Otra enfermedad dominante crónica y asma: Nivel 4,,
971,1,51341.0,Otros diagnósticos pulmonares crónicos mayores: Nivel 1,,
981,1,61001.0,Insuficiencia renal crónica y otras enfermedades crónicas dominantes o moderadas: Nivel 1,,
68,1,61443.0,Diabetes e hipertensión: Nivel 3,,
755,1,50044.0,Enfermedad cerebrovascular con infarto o hemorragia intracraneal: Nivel 4,,
25,1,70215.0,Diabetes - Enfermedad cerebrovascular - Otra enfermedad crónica dominante: Nivel 5,,
489,1,51831.0,Angina y cardiipatía isquémica: Nivel 1,,
839,1,61434.0,Diabetes y otra enfermedad moderada crónica: Nivel 4,,
1037,1,51891.0,Historia de ACTP: Nivel 1,,
676,1,70416.0,Enfermedad coronaria avanzada - Dos o más enfermedades crónicas dominantes: Nivel 6,,
94,1,52382.0,Enfermedad vascular periférica: Nivel 2,,
13,1,61441.0,Diabetes e hipertensión: Nivel 1,,
883,1,62011.0,Enfermedad psiquiátrica (excepto esquizofrenia) y otra enfermedad moderada crónica: Nivel 1,,
684,1,86582.0,Otras neoplasias: Nivel 2,,
731,1,86554.0,Leucemia linfática aguda: Nivel 4,,
927,1,52691.0,Anomalías gastrointestinales: Nivel 1,,
1047,1,61521.0,"Enfermedad coronaria avanzada y otra enfermedad crónica, Nivel 2: Nivel 1",,
966,1,57843.0,Abuso crónico de alcohol: Nivel 3,,
759,1,32742.0,Diagnósticos gastrointestinales crónicos - menor: Nivel 2,,
724,1,33581.0,Diagnósticos articulares y musculoesqueléticos crónicos - menor: Nivel 1,,
890,1,30992.0,Diagnósticos de oído crónicos excepto pérdida de audición: Nivel 2,,
1083,1,53943.0,Espondiloartropatía y otras artropatías inflamatorias: Nivel 3,,
642,1,61236.0,EPOC y otra enfermedad moderada crónica,,
231,1,62203.0,Otra enfermedad dominante crónica y neoplasia de próstata: Nivel 3,,
2,1,2.0,Historia de enfermedad aguda significativa,,
392,1,10120.0,"Diagnósticos cardiovasculares, pulmonares u otros diagnósticos vasculares sin otra enfermedad significativa",,
973,1,61312.0,Enfermedad cerebrovascular y otra enfermedad dominante crónica,,
6,1,6.0,Enfermedad significativa crónica en múltiples sistemas orgánicos,,
661,1,61006.0,Insuficiencia renal crónica y otras enfermedades crónicas dominantes o moderadas: Nivel 6,,
542,1,56601.0,Linfoma de Hodgkin: Nivel 1,,
354,1,37562.0,Diagnósticos de salud mental crónicos - menor: Nivel 2,,
751,1,52702.0,Diagnósticos gastrointestinales crónicos - moderado: Nivel 2,,
74,1,54423.0,"Diagnósticos endocrinos, nutricionales, hidroelectrolíticos e inmunes crónicos - Moderado: Nivel 3",,
222,1,61713.0,Esquizofrenia y otra enfermedad moderada crónica: Nivel 3,,
430,1,51862.0,Fibrilación auricular: Nivel 2,,
1036,1,10010.0,Estado sano - no usuario,,
510,1,61254.0,"EPOC y otra enfermedad crónica, Nivel 2",,
918,1,56652.0,Linfoma no Hodgkin: Nivel 2,,
311,1,61005.0,Insuficiencia renal crónica y otras enfermedades crónicas dominantes o moderadas: Nivel 5,,
796,1,35241.0,"Infertilidad, mujer: Nivel 1",,
906,1,-1.0,NO CONSTA,,
380,1,53911.0,Artritis reumatoide: Nivel 1,,
411,1,51912.0,Arterioesclerosis coronaria: Nivel 2,,
523,1,61115.0,Insuficiencia cardiaca y diabetes: Nivel 5,,
334,1,10000.0,Estado sano,,
308,1,70024.0,Insuficiencia renal crónica - Dos o más enfermedades crónicas dominantes: Nivel 4,,
578,1,70233.0,Diabetes - Dos o más enfermedades crónicas dominantes: Nivel 3,,
771,1,86563.0,Leucemia no linfática aguda: Nivel 3,,
692,1,86481.0,Neoplasia de páncreas: Nivel 1,,
8,1,8.0,"Neoplasias dominantes, metastásicas y complicadas",,
330,1,61161.0,Insuficiencia cardiaca y otra enfermedad moderada crónica: Nivel 1,,
384,1,62932.0,"Otra enfermedad dominante crónica y otra enfermedad crónica, Nivel 2: Nivel 2",,
752,1,50123.0,Historia de accidente isquémico transitorio: Nivel 3,,
389,1,61333.0,"Enfermedad cerebrovascular y otra enfermedad crónica, Nivel 2",,
347,1,57512.0,Diagnósticos de salud mental crónicos - Moderado: Nivel 2,,
145,1,57072.0,Tuberculosis secundaria: Nivel 2,,
768,1,61523.0,"Enfermedad coronaria avanzada y otra enfermedad crónica, Nivel 2: Nivel 3",,
253,1,70013.0,Insuficiencia renal crónica - Otra enfermedad crónica dominante: Nivel 3,,
670,1,61503.0,Enfermedad coronaria avanzada y otra enfermedad dominante crónica: Nivel 3,,
1001,1,61432.0,Diabetes y otra enfermedad moderada crónica: Nivel 2,,
497,1,86523.0,Leucemia linfática crónica: Nivel 3,,
519,1,62515.0,Abuso de drogas crónico moderado y otra enfermedad moderada crónica: Nivel 5,,
1091,1,70406.0,Enfermedad coronaria avanzada -Enfermedad vascular periférica - Otra enfermedad crónica dominante: Nivel 6,,
316,1,61315.0,Enfermedad cerebrovascular y otra enfermedad dominante crónica,,
830,1,50074.0,Parálisis cerebral NOS: Nivel 4,,
160,1,90502.0,Dependencia de ventilación mecánica: Nivel 2,,
991,1,54731.0,Insuficiencia renal crónica: Nivel 1,,
444,1,61141.0,Insuficiencia cardiaca y otra enfermedad dominante crónica: Nivel 1,,
914,1,57434.0,Esquizofrenia: Nivel 4,,
780,1,54392.0,Diagnósticos endocrinos y metabólicos crónicos - Mayor: Nivel 2,,
476,1,54412.0,Obesidad: Nivel 2,,
660,1,80024.0,Neoplasias no dominantes primarias múltiples: Nivel 4,,
600,1,86473.0,Neoplasia de pulmón: Nivel 3,,
934,1,61706.0,Esquizofrenia y otra enfermedad dominante crónica: Nivel 6,,
809,1,30791.0,Cataratas: Nivel 1,,
244,1,50741.0,Degeneración macular: Nivel 1,,
994,1,51923.0,Hipertensión: Nivel 3,,
310,1,53534.0,Sustitución de articulación: Nivel 4,,
612,1,61425.0,Diabetes y asma: Nivel 5,,
656,1,62114.0,Neoplasia de mama y otra enfermedad moderada crónica: Nivel 4,,
995,1,86494.0,Neoplasia renal: Nivel 4,,
696,1,70204.0,Diabetes - Enfermedad coronaria avanzada - Otra enfermedad crónica dominante: Nivel 4,,
795,1,61133.0,Insuficiencia cardiaca y enfermedad cerebrovascular: Nivel 3,,
855,1,62901.0,"Enfermedad psiquiátrica (excepto esquizofrenia) y otra enfermedad crónica, Nivel 2: Nivel 1",,
271,1,70146.0,Insuficiencia cardiaca - Enfermedad vascular periférica - Otra enfermedad crónica dominante: Nivel 6,,
239,1,61711.0,Esquizofrenia y otra enfermedad moderada crónica: Nivel 1,,
814,1,61723.0,"Esquizofrenia y otra enfermedad crónica, Nivel 2: Nivel 3",,
916,1,51881.0,Historia de by-pass coronario: Nivel 1,,
88,1,57821.0,Abuso de cocaina: Nivel 1,,
329,1,70711.0,Diabetes - Hipertensión - Otra enfermedad crónica dominante: Nivel 1,,
950,1,52661.0,Enfermedad inflamatoria intestinal: Nivel 1,,
998,1,61231.0,EPOC y otra enfermedad moderada crónica,,
18,1,57441.0,Trastornos de la alimentación: Nivel 1,,
765,1,31002.0,Pérdida de audición crónica: Nivel 2,,
280,1,56611.0,Neoplasia de proteinas plasmáticas: Nivel 1,,
735,1,70231.0,Diabetes - Dos o más enfermedades crónicas dominantes: Nivel 1,,
106,1,70232.0,Diabetes - Dos o más enfermedades crónicas dominantes: Nivel 2,,
17,1,61801.0,"Historia de fractura de cadera, edad > 64 y otra enfermedad dominante crónica: Nivel 1",,
603,1,61821.0,"Historia de fractura de cadera, edad > 64 y otra enfermedad crónica, Nivel 2: Nivel 1",,
801,1,53442.0,"Historia de fractura de cadera, edad > 64 años: Nivel 2",,
884,1,54044.0,Úlcera cutánea crónica: Nivel 4,,
665,1,61134.0,Insuficiencia cardiaca y enfermedad cerebrovascular: Nivel 4,,
993,1,37572.0,Stress crónico y diagnósticos de ansiedad: Nivel 2,,
1081,1,51924.0,Hipertensión: Nivel 4,,
499,1,70403.0,Enfermedad coronaria avanzada -Enfermedad vascular periférica - Otra enfermedad crónica dominante: Nivel 3,,
178,1,57842.0,Abuso crónico de alcohol: Nivel 2,,
589,1,86622.0,Neoplasia de mama: Nivel 2,,
982,1,86562.0,Leucemia no linfática aguda: Nivel 2,,
277,1,62201.0,Otra enfermedad dominante crónica y neoplasia de próstata: Nivel 1,,
332,1,62212.0,Neoplasia de próstata y otra enfermedad moderada crónica: Nivel 2,,
832,1,31011.0,Otros diagnósticos crónicos de ORL: Nivel 1,,
492,1,34081.0,Neoplasias de piel: Nivel 1,,
165,1,62111.0,Neoplasia de mama y otra enfermedad moderada crónica: Nivel 1,,
512,1,90401.0,Nutrición parenteral total: Nivel 1,,
708,1,50011.0,Diagnósticos neurológicos progresivos: Nivel 1,,
1073,1,70606.0,Tres o más enfermedades crónicas dominantes: Nivel 6,,
3,1,3.0,Enfermedad crónica menor única,,
70,1,86602.0,Linfoma de Hodgkin: Nivel 2,,
233,1,62802.0,"Neoplasia de mama y otra enfermedad crónica, Nivel 2: Nivel 2",,
203,1,70314.0,EPOC - Dos o más enfermedades crónicas dominantes: Nivel 4,,
43,1,56532.0,Leucemia no linfática crónica: Nivel 2,,
404,1,62423.0,Asma e hipertensión: Nivel 3,,
528,1,54792.0,Diagnósticos genitourinarios crónicos: Nivel 2,,
963,1,86464.0,Neoplasias de cerebro y SNC: Nivel 4,,
985,1,56054.0,Enfermedades inmunes y leucocitarias: Nivel 4,,
377,1,62614.0,"Enfermedad dominante crónica y otra enfermedad crónica, Nivel 2: Nivel 4",,
105,1,34831.0,Infecciones recurrentes del tracto urinario: Nivel 1,,
133,1,55882.0,Retraso mental leve / moderado: Nivel 2,,
1015,1,61502.0,Enfermedad coronaria avanzada y otra enfermedad dominante crónica: Nivel 2,,
936,1,62424.0,Asma e hipertensión: Nivel 4,,
317,1,70503.0,Enfermedad cerebrovascular -Dos o más enfermedades crónicas dominantes: Nivel 3,,
304,1,54244.0,Diabetes: Nivel 4,,
960,1,61905.0,Otras dos enfermedades dominantes crónicas: Nivel 5,,
39,1,61305.0,Enfermedad cerebrovascular y diabetes,,
50,1,54413.0,Obesidad: Nivel 3,,
284,1,61241.0,EPOC e hipertensión,,
892,1,57483.0,"Trastornos de la conducta, del control de los impulsos y del comportamiento: Nivel 3",,
170,1,62013.0,Enfermedad psiquiátrica (excepto esquizofrenia) y otra enfermedad moderada crónica: Nivel 3,,
486,1,34461.0,Enfermedad tiroidea crónica: Nivel 1,,
462,1,70165.0,Insuficiencia cardiaca - Dos o más enfermedades crónicas dominantes: Nivel 5,,
602,1,86651.0,Linfoma no Hodgkin: Nivel 1,,
992,1,62414.0,Asma y otra enfermedad moderada crónica: Nivel 4,,
923,1,61203.0,EPOC y diabetes: Nivel 3,,
422,1,36131.0,Enfermedades hematológicas crónicas - menor: Nivel 1,,
138,1,50012.0,Diagnósticos neurológicos progresivos: Nivel 2,,
749,1,51791.0,Insuficiencia cardiaca: Nivel 1,,
314,1,50041.0,Enfermedad cerebrovascular con infarto o hemorragia intracraneal: Nivel 1,,
368,1,91004.0,Distrofia muscular progresiva o atrofia espinal muscular: Nivel 4,,
38,1,61171.0,"Insuficiencia cardiaca y otra enfermedad crónica, Nivel 2: Nivel 1",,
1048,1,54791.0,Diagnósticos genitourinarios crónicos: Nivel 1,,
1074,1,62015.0,Enfermedad psiquiátrica (excepto esquizofrenia) y otra enfermedad moderada crónica: Nivel 5,,
1031,1,61511.0,Enfermedad coronaria avanzada y otra enfermedad moderada crónica: Nivel 1,,
901,1,61155.0,Insuficiencia cardiaca y demencia: Nivel 5,,
90,1,62416.0,Asma y otra enfermedad moderada crónica: Nivel 6,,
217,1,70161.0,Insuficiencia cardiaca - Dos o más enfermedades crónicas dominantes: Nivel 1,,
942,1,70121.0,Insuficiencia cardiaca - Diabetes - Otra enfermedad crónica dominante: Nivel 1,,
712,1,50753.0,"Ceguera, pérdida de visión y diagnósticos oculares crónicos -Mayor/moderado: Nivel 3",,
863,1,62514.0,Abuso de drogas crónico moderado y otra enfermedad moderada crónica: Nivel 4,,
53,1,86411.0,Neoplasias secundarias: Nivel 1,,
747,1,61216.0,EPOC y enfermedad coronaria avanzada: Nivel 6,,
669,1,61212.0,EPOC y enfermedad coronaria avanzada: Nivel 2,,
452,1,61205.0,EPOC y diabetes: Nivel 5,,
86,1,70412.0,Enfermedad coronaria avanzada - Dos o más enfermedades crónicas dominantes: Nivel 2,,
925,1,57503.0,Trastornos mayores de la personalidad: Nivel 3,,
342,1,56104.0,Diagnósticos hematológicos crónicos e inmunes - Moderado: Nivel 4,,
471,1,56062.0,Anemia de células falciformes: Nivel 2,,
524,1,50744.0,Degeneración macular: Nivel 4,,
57,1,90804.0,Cuadriplejia adquirida o estado vegetativo permanente: Nivel 4,,
407,1,55823.0,Síndrome de Down: Nivel 3,,
625,1,54053.0,Diagnósticos significativos de piel y tejido subcutáneo: Nivel 3,,
103,1,50131.0,Enfermedad cerebrovascular sin infarto: Nivel 1,,
505,1,61121.0,Insuficiencia cardiaca y enfermedad vascular periférica: Nivel 1,,
60,1,20860.0,Diagnósticos de diabetes con otra enfermedad significativa,,
637,1,70225.0,Diabetes - EPOC- Otra enfermedad crónica dominante: Nivel 5,,
65,1,61804.0,"Historia de fractura de cadera, edad > 64 y otra enfermedad dominante crónica: Nivel 4",,
1086,1,53444.0,"Historia de fractura de cadera, edad > 64 años: Nivel 4",,
674,1,70101.0,Insuficiencia cardiaca - Diabetes - EPOC: Nivel 1,,
1095,1,58204.0,Quemaduras - Extrema: Nivel 4,,
996,1,53522.0,Artropatía por cristales: Nivel 2,,
36,1,62903.0,"Enfermedad psiquiátrica (excepto esquizofrenia) y otra enfermedad crónica, Nivel 2: Nivel 3",,
405,1,51792.0,Insuficiencia cardiaca: Nivel 2,,
433,1,90801.0,Cuadriplejia adquirida o estado vegetativo permanente: Nivel 1,,
501,1,36981.0,Neoplasias de comportamiento incierto: Nivel 1,,
118,1,80013.0,Neoplasias dominantes primarias múltiples: Nivel 3,,
757,1,51873.0,Arritmias cardiacas y trastornos de la conducción: Nivel 3,,
944,1,62214.0,Neoplasia de próstata y otra enfermedad moderada crónica: Nivel 4,,
63,1,86513.0,Neoplasia de aparato digestivo: Nivel 3,,
858,1,86542.0,Mieloma múltiple: Nivel 2,,
1089,1,90501.0,Dependencia de ventilación mecánica: Nivel 1,,
194,1,90303.0,Enfermedad HIV: Nivel 3,,
773,1,57501.0,Trastornos mayores de la personalidad: Nivel 1,,
77,1,61722.0,"Esquizofrenia y otra enfermedad crónica, Nivel 2: Nivel 2",,
582,1,62821.0,"Otra neoplasia no dominante y otra enfermedad crónica, Nivel 2: Nivel 1",,
750,1,86532.0,Leucemia no linfática crónica: Nivel 2,,
775,1,20600.0,Procedimiento agudo significativo,,
980,1,54773.0,Nefritis: Nivel 3,,
569,1,80012.0,Neoplasias dominantes primarias múltiples: Nivel 2,,
413,1,35571.0,"Prematuridad, peso al nacer inferior a 1000 g: Nivel 1",,
261,1,62921.0,"Abuso de drogas crónico moderado y otra enfermedad crónica, Nivel 2: Nivel 1",,
746,1,34822.0,Reflujo vesiculoureteral: Nivel 2,,
650,1,62606.0,Enfermedad dominante crónica y una o más enfermedades moderadas crónicas: Nivel 6,,
698,1,61522.0,"Enfermedad coronaria avanzada y otra enfermedad crónica, Nivel 2: Nivel 2",,
254,1,55881.0,Retraso mental leve / moderado: Nivel 1,,
174,1,86553.0,Leucemia linfática aguda: Nivel 3,,
1030,1,61824.0,"Historia de fractura de cadera, edad > 64 y otra enfermedad crónica, Nivel 2: Nivel 4",,
319,1,61816.0,"Historia de fractura de cadera, edad > 64 y otra enfermedad moderada crónica: Nivel 6",,
93,1,20400.0,"Enfermedad aguda significativa de ORL, duración más de 90 días",,
279,1,62701.0,Otras dos enfermedades crónicas moderadas: Nivel 1,,
408,1,70142.0,Insuficiencia cardiaca - Enfermedad vascular periférica - Otra enfermedad crónica dominante: Nivel 2,,
618,1,61314.0,Enfermedad cerebrovascular y otra enfermedad dominante crónica,,
24,1,70022.0,Insuficiencia renal crónica - Dos o más enfermedades crónicas dominantes: Nivel 2,,
526,1,57071.0,Tuberculosis secundaria: Nivel 1,,
114,1,61201.0,EPOC y diabetes: Nivel 1,,
1027,1,70411.0,Enfermedad coronaria avanzada - Dos o más enfermedades crónicas dominantes: Nivel 1,,
594,1,61506.0,Enfermedad coronaria avanzada y otra enfermedad dominante crónica: Nivel 6,,
989,1,61104.0,EPOC e Insuficiencia cardiaca: Nivel 4,,
1017,1,62613.0,"Enfermedad dominante crónica y otra enfermedad crónica, Nivel 2: Nivel 3",,
703,1,51202.0,Labio leporino y paladar hendido: Nivel 2,,
100,1,80011.0,Neoplasias dominantes primarias múltiples: Nivel 1,,
33,1,61426.0,Diabetes y asma: Nivel 6,,
387,1,70414.0,Enfermedad coronaria avanzada - Dos o más enfermedades crónicas dominantes: Nivel 4,,
1055,1,30181.0,Migraña: Nivel 1,,
275,1,86534.0,Leucemia no linfática crónica: Nivel 4,,
878,1,61444.0,Diabetes e hipertensión: Nivel 4,,
933,1,53904.0,Enfermedades del tejido conectivo y vasculitis: Nivel 4,,
251,1,57491.0,Depresión y otras psicosis: Nivel 1,,
716,1,51321.0,Anomalías respiratorias mayores: Nivel 1,,
412,1,56101.0,Diagnósticos hematológicos crónicos e inmunes - Moderado: Nivel 1,,
130,1,61714.0,Esquizofrenia y otra enfermedad moderada crónica: Nivel 4,,
507,1,70144.0,Insuficiencia cardiaca - Enfermedad vascular periférica - Otra enfermedad crónica dominante: Nivel 4,,
898,1,55884.0,Retraso mental leve / moderado: Nivel 4,,
206,1,61705.0,Esquizofrenia y otra enfermedad dominante crónica: Nivel 5,,
968,1,70201.0,Diabetes - Enfermedad coronaria avanzada - Otra enfermedad crónica dominante: Nivel 1,,
9,1,0.0,Sin Clasificar,,
282,1,31961.0,Diagnósticos cardiovasculares crónicos - menor: Nivel 1,,
593,1,61423.0,Diabetes y asma: Nivel 3,,
786,1,61173.0,"Insuficiencia cardiaca y otra enfermedad crónica, Nivel 2: Nivel 3",,
454,1,70305.0,EPOC - Enfermedad coronaria avanzada - Otra enfermedad crónica dominante: Nivel 5,,
879,1,20750.0,Diagnósticos ginecológicos mayores con otra enfermedad significativa,,
601,1,61454.0,"Diabetes y otra enfermedad crónica, Nivel 2: Nivel 4",,
740,1,33562.0,Dolor crónico: Nivel 2,,
1005,1,51921.0,Hipertensión: Nivel 1,,
336,1,90202.0,Diálisis sin diabetes: Nivel 2,,
543,1,53431.0,"Diagnósticos congénitos mayores de hueso, cartílago y músculo: Nivel 1",,
410,1,90602.0,Historia de trasplante orgánico mayor: Nivel 2,,
439,1,61125.0,Insuficiencia cardiaca y enfermedad vascular periférica: Nivel 5,,
840,1,20720.0,Parto con complicaciones con otra enfermedad significativa,,
893,1,30802.0,Diagnósticos oculares crónicos - menor: Nivel 2,,
1023,1,37571.0,Stress crónico y diagnósticos de ansiedad: Nivel 1,,
295,1,62016.0,Enfermedad psiquiátrica (excepto esquizofrenia) y otra enfermedad moderada crónica : Nivel 6,,
857,1,57471.0,trastornos bipolares: Nivel 1,,
1,1,1.0,Estado de salud sano,,
104,1,70164.0,Insuficiencia cardiaca - Dos o más enfermedades crónicas dominantes: Nivel 4,,
743,1,90104.0,Diálisis con diabetes: Nivel 4,,
152,1,53481.0,Anomalía o curvatura de columna: Nivel 1,,
929,1,56552.0,Leucemia linfática aguda: Nivel 2,,
718,1,91104.0,Fibrosis quística: Nivel 4,,
245,1,70602.0,Tres o más enfermedades crónicas dominantes: Nivel 2,,
426,1,86483.0,Neoplasia de páncreas: Nivel 3,,
296,1,56551.0,Leucemia linfática aguda: Nivel 1,,
475,1,50142.0,Epilepsia: Nivel 2,,
628,1,86641.0,Neoplasia genitourinaria: Nivel 1,,
564,1,51804.0,Otros diagnósticos cardiovasculares - mayor: Nivel 4,,
859,1,62304.0,Otra enfermedad dominante crónica y otra neoplasia no dominante: Nivel 4,,
678,1,62501.0,Otra enfermedad dominante crónica y abuso de drogas crónico moderado: Nivel 1,,
663,1,90404.0,Nutrición parenteral total: Nivel 4,,
1008,1,51773.0,Anomalías cardiacas septales mayores y cianóticas complejas: Nivel 3,,
179,1,61611.0,Demencia y otra enfermedad moderada crónica: Nivel 1,,
779,1,31951.0,Defectos del tabique auricular y ventricular: Nivel 1,,
383,1,61163.0,Insuficiencia cardiaca y otra enfermedad moderada crónica: Nivel 3,,
457,1,61233.0,EPOC y otra enfermedad moderada crónica,,
899,1,86474.0,Neoplasia de pulmón: Nivel 4,,
78,1,53523.0,Artropatía por cristales: Nivel 3,,
607,1,61172.0,"Insuficiencia cardiaca y otra enfermedad crónica, Nivel 2: Nivel 2",,
111,1,51904.0,Estado de dispositivo cardiaco: Nivel 4,,
675,1,61524.0,"Enfermedad coronaria avanzada y otra enfermedad crónica, Nivel 2: Nivel 4",,
72,1,61613.0,Demencia y otra enfermedad moderada crónica: Nivel 3,,
954,1,51874.0,Arritmias cardiacas y trastornos de la conducción: Nivel 4,,
1096,1,53494.0,"Deformidades de pélvis, cadera y fémur: Nivel 4",,
31,1,86493.0,Neoplasia renal: Nivel 3,,
682,1,40004.0,Categorías de ECP múltiples menores: Nivel 4,,
209,1,50052.0,Diagnósticos neurodegenerativos excepto esclerosis múltiple y Parkinson: Nivel 2,,
200,1,20850.0,"Diagnósticos gastrointestinales, hepáticos, renales o de hernia significativos con otra enfermedad significativa",,
680,1,86414.0,Neoplasias secundarias: Nivel 4,,
325,1,61311.0,Enfermedad cerebrovascular y otra enfermedad dominante crónica,,
469,1,53491.0,"Deformidades de pélvis, cadera y fémur: Nivel 1",,
95,1,70501.0,Enfermedad cerebrovascular -Dos o más enfermedades crónicas dominantes: Nivel 1,,
946,1,62902.0,"Enfermedad psiquiátrica (excepto esquizofrenia) y otra enfermedad crónica, Nivel 2: Nivel 2",,
869,1,57484.0,"Trastornos de la conducta, del control de los impulsos y del comportamiento : Nivel 4",,
876,1,58201.0,Quemaduras - Extrema: Nivel 1,,
385,1,51174.0,Anomalías del cráneo y de los huesos faciales: Nivel 4,,
117,1,34101.0,Diagnósticos crónicos de piel - menor: Nivel 1,,
1080,1,62101.0,Otra enfermedad dominante crónica y neoplasia de mama: Nivel 1,,
907,1,61235.0,EPOC y otra enfermedad moderada crónica,,
605,1,61154.0,Insuficiencia cardiaca y demencia: Nivel 4,,
67,1,54793.0,Diagnósticos genitourinarios crónicos: Nivel 3,,
320,1,61143.0,Insuficiencia cardiaca y otra enfermedad dominante crónica: Nivel 3,,
135,1,51913.0,Arterioesclerosis coronaria: Nivel 3,,
715,1,62506.0,Otra enfermedad dominante crónica y abuso de drogas crónico moderado: Nivel 6,,
886,1,70313.0,EPOC - Dos o más enfermedades crónicas dominantes: Nivel 3,,
920,1,70223.0,Diabetes - EPOC- Otra enfermedad crónica dominante: Nivel 3,,
464,1,50031.0,Hemiplejia adquirida: Nivel 1,,
297,1,57504.0,Trastornos mayores de la personalidad: Nivel 4,,
521,1,62512.0,Abuso de drogas crónico moderado y otra enfermedad moderada crónica: Nivel 2,,
928,1,61162.0,Insuficiencia cardiaca y otra enfermedad moderada crónica: Nivel 2,,
518,1,55833.0,"Anomalías y síndromes cromosómicos, excepto Down: Nivel 3",,
27,1,62601.0,Enfermedad dominante crónica y una o más enfermedades moderadas crónicas: Nivel 1,,
37,1,70133.0,Insuficiencia cardiaca - EPOC - Otra enfermedad crónica dominante: Nivel 3,,
821,1,61452.0,"Diabetes y otra enfermedad crónica, Nivel 2: Nivel 2",,
196,1,70153.0,Insuficiencia cardiaca - Enfermedad cerebrovascular - Otra enfermedad crónica dominante: Nivel 3,,
123,1,62202.0,Otra enfermedad dominante crónica y neoplasia de próstata: Nivel 2,,
723,1,61004.0,Insuficiencia renal crónica y otras enfermedades crónicas dominantes o moderadas: Nivel 4,,
938,1,37541.0,Déficit de atención / Hiperactividad: Nivel 1,,
1060,1,61405.0,Diabetes y enfermedad coronaria avanzada: Nivel 5,,
240,1,70601.0,Tres o más enfermedades crónicas dominantes: Nivel 1,,
999,1,50101.0,Hidrocefalia y otras anomalías cerebrales: Nivel 1,,
96,1,70315.0,EPOC - Dos o más enfermedades crónicas dominantes: Nivel 5,,
1066,1,61601.0,Demencia y otra enfermedad dominante crónica: Nivel 1,,
827,1,51323.0,Anomalías respiratorias mayores: Nivel 3,,
243,1,61142.0,Insuficiencia cardiaca y otra enfermedad dominante crónica: Nivel 2,,
984,1,86644.0,Neoplasia genitourinaria: Nivel 4,,
227,1,61116.0,Insuficiencia cardiaca y diabetes: Nivel 6,,
46,1,54741.0,Estado de trasplante renal: Nivel 1,,
1028,1,61436.0,Diabetes y otra enfermedad moderada crónica: Nivel 6,,
787,1,70126.0,Insuficiencia cardiaca - Diabetes - Otra enfermedad crónica dominante: Nivel 6,,
168,1,54782.0,Anomalías de riñón o tracto urinario: Nivel 2,,
228,1,52662.0,Enfermedad inflamatoria intestinal: Nivel 2,,
714,1,51343.0,Otros diagnósticos pulmonares crónicos mayores: Nivel 3,,
66,1,37542.0,Déficit de atención / Hiperactividad: Nivel 2,,
149,1,50134.0,Enfermedad cerebrovascular sin infarto: Nivel 4,,
348,1,52693.0,Anomalías gastrointestinales: Nivel 3,,
181,1,86561.0,Leucemia no linfática aguda: Nivel 1,,
372,1,61505.0,Enfermedad coronaria avanzada y otra enfermedad dominante crónica: Nivel 5,,
911,1,61303.0,Enfermedad cerebrovascular y diabetes,,
40,1,53101.0,Enfermedad hepática alcohólica: Nivel 1,,
962,1,57492.0,Depresión y otras psicosis: Nivel 2,,
224,1,51382.0,Asma: Nivel 2,,
62,1,57831.0,Abuso de opioides: Nivel 1,,
1007,1,51833.0,Angina y cardiipatía isquémica: Nivel 3,,
939,1,51871.0,Arritmias cardiacas y trastornos de la conducción: Nivel 1,,
460,1,90203.0,Diálisis sin diabetes: Nivel 3,,
620,1,61246.0,EPOC e hipertensión,,
953,1,70701.0,Diabetes - Enfermedad cerebrovascular - Hipertensión: Nivel 1,,
812,1,62604.0,Enfermedad dominante crónica y una o más enfermedades moderadas crónicas: Nivel 4,,
305,1,50752.0,"Ceguera, pérdida de visión y diagnósticos oculares crónicos -Mayor/moderado: Nivel 2",,
321,1,86574.0,Neoplasia de colón: Nivel 4,,
588,1,30191.0,Diagnósticos neuromusculares crónicos y otros diagnósticos neurológicos : Menor Nivel 1,,
646,1,57494.0,Depresión y otras psicosis: Nivel 4,,
58,1,61234.0,EPOC y otra enfermedad moderada crónica,,
668,1,57862.0,Abuso de drogas - Cannabis/NOS/NEC: Nivel 2,,
485,1,62602.0,Enfermedad dominante crónica y una o más enfermedades moderadas crónicas: Nivel 2,,
490,1,53521.0,Artropatía por cristales: Nivel 1,,
391,1,33582.0,Diagnósticos articulares y musculoesqueléticos crónicos - menor: Nivel 2,,
704,1,61701.0,Esquizofrenia y otra enfermedad dominante crónica: Nivel 1,,
805,1,90901.0,Espina bífida: Nivel 1,,
756,1,37892.0,Diagnósticos relacionados con el abuso de drogas: Nivel 2,,
653,1,53441.0,"Historia de fractura de cadera, edad > 64 años: Nivel 1",,
322,1,61322.0,Enfermedad cerebrovascular y otra enfermedad moderada crónica,,
1003,1,70155.0,Insuficiencia cardiaca - Enfermedad cerebrovascular - Otra enfermedad crónica dominante: Nivel 5,,
831,1,20100.0,Dos o más enfermedades agudas significativas de diferentes CDMs excluyendo ORL,,
742,1,51774.0,Anomalías cardiacas septales mayores y cianóticas complejas: Nivel 4,,
823,1,55893.0,Retraso en el desarrollo NOS/NEC/Mixto: Nivel 3,,
351,1,61232.0,EPOC y otra enfermedad moderada crónica,,
1013,1,62405.0,Otra enfermedad dominante crónica y asma: Nivel 5,,
166,1,55822.0,Síndrome de Down: Nivel 2,,
276,1,10110.0,Diagnósticos neurológicos significativos sin otra enfermedad significativa,,
451,1,54391.0,Diagnósticos endocrinos y metabólicos crónicos - Mayor: Nivel 1,,
522,1,90201.0,Diálisis sin diabetes: Nivel 1,,
313,1,54774.0,Nefritis: Nivel 4,,
508,1,70115.0,Insuficiencia cardiaca - Diabetes - Enfermedad cerebrovascular: Nivel 5,,
1076,1,70224.0,Diabetes - EPOC- Otra enfermedad crónica dominante: Nivel 4,,
153,1,70212.0,Diabetes - Enfermedad cerebrovascular - Otra enfermedad crónica dominante: Nivel 2,,
229,1,50144.0,Epilepsia: Nivel 4,,
1064,1,62516.0,Abuso de drogas crónico moderado y otra enfermedad moderada crónica: Nivel 6,,
278,1,86512.0,Neoplasia de aparato digestivo: Nivel 2,,
150,1,51922.0,Hipertensión: Nivel 2,,
205,1,70151.0,Insuficiencia cardiaca - Enfermedad cerebrovascular - Otra enfermedad crónica dominante: Nivel 1,,
484,1,55892.0,Retraso en el desarrollo NOS/NEC/Mixto: Nivel 2,,
655,1,57861.0,Abuso de drogas - Cannabis/NOS/NEC: Nivel 1,,
381,1,50033.0,Hemiplejia adquirida: Nivel 3,,
419,1,86631.0,Neoplasia de prostata: Nivel 1,,
662,1,91103.0,Fibrosis quística: Nivel 3,,
631,1,51802.0,Otros diagnósticos cardiovasculares - mayor: Nivel 2,,
811,1,51864.0,Fibrilación auricular: Nivel 4,,
834,1,70706.0,Diabetes - Enfermedad cerebrovascular - Hipertensión: Nivel 6,,
778,1,53503.0,Amputación y enfermedad ósea: Nivel 3,,
1033,1,86521.0,Leucemia linfática crónica: Nivel 1,,
533,1,57823.0,Abuso de cocaina: Nivel 3,,
185,1,61003.0,Insuficiencia renal crónica y otras enfermedades crónicas dominantes o moderadas: Nivel 3,,
808,1,53484.0,Anomalía o curvatura de columna: Nivel 4,,
337,1,54422.0,"Diagnósticos endocrinos, nutricionales, hidroelectrolíticos e inmunes crónicos - Moderado: Nivel 2",,
794,1,31411.0,Bronquitis crónica: Nivel 1,,
162,1,52383.0,Enfermedad vascular periférica: Nivel 3,,
769,1,53454.0,Estenosis espinal: Nivel 4,,
79,1,86632.0,Neoplasia de prostata: Nivel 2,,
717,1,34102.0,Diagnósticos crónicos de piel - menor: Nivel 2,,
402,1,86514.0,Neoplasia de aparato digestivo: Nivel 4,,
376,1,61435.0,Diabetes y otra enfermedad moderada crónica: Nivel 5,,
1004,1,30172.0,Anomalías de la marcha: Nivel 2,,
364,1,53112.0,Enfermedad hepática mayor excepto alcohólica: Nivel 2,,
917,1,86504.0,Neoplasia de ovario: Nivel 4,,
338,1,55853.0,Trastorno generalizado del desarrollo (autismo): Nivel 3,,
355,1,62002.0,Otra enfermedad dominante crónica y enfermedad psiquiátrica (excepto esquizofrenia): Nivel 2,,
634,1,91001.0,Distrofia muscular progresiva o atrofia espinal muscular: Nivel 1,,
26,1,53513.0,Discopatía y otros diagnósticos crónicos de espalda: Nivel 3,,
604,1,86611.0,Neoplasia de proteinas plasmáticas: Nivel 1,,
318,1,50073.0,Parálisis cerebral NOS: Nivel 3,,
89,1,61211.0,EPOC y enfermedad coronaria avanzada: Nivel 1,,
502,1,61206.0,EPOC y diabetes: Nivel 6,,
398,1,54393.0,Diagnósticos endocrinos y metabólicos crónicos - Mayor: Nivel 3,,
113,1,56571.0,Neoplasia de colon: Nivel 1,,
1022,1,55831.0,"Anomalías y síndromes cromosómicos, excepto Down: Nivel 1",,
151,1,50021.0,Diagnósticos extrapiramidales: Nivel 1,,
214,1,56071.0,Trastornos de la coagulación: Nivel 1,,
283,1,54743.0,Estado de trasplante renal: Nivel 3,,
494,1,70401.0,Enfermedad coronaria avanzada -Enfermedad vascular periférica - Otra enfermedad crónica dominante: Nivel 1,,
134,1,54772.0,Nefritis: Nivel 2,,
956,1,61165.0,Insuficiencia cardiaca y otra enfermedad moderada crónica: Nivel 5,,
326,1,53103.0,Enfermedad hepática alcohólica: Nivel 3,,
312,1,86653.0,Linfoma no Hodgkin: Nivel 3,,
131,1,61411.0,Diabetes y otra enfermedad dominante crónica: Nivel 1,,
621,1,61226.0,EPOC y otra enfermedad dominante crónica: Nivel 6,,
425,1,61132.0,Insuficiencia cardiaca y enfermedad cerebrovascular: Nivel 2,,
262,1,51814.0,Enfermedades valvulares: Nivel 4,,
888,1,56572.0,Neoplasia de colon: Nivel 2,,
889,1,70712.0,Diabetes - Hipertensión - Otra enfermedad crónica dominante: Nivel 2,,
315,1,53104.0,Enfermedad hepática alcohólica: Nivel 4,,
