cod_prinactivo,Frequency.11,codes,spanish description,english description,comment
12A,2892483.0,158,PARACETAMOL,,
2141A,2057739.0,816,OMEPRAZOL,,
1769A,1957081.0,255,IBUPROFENO,,
111A,1422896.0,100,METAMIZOL,,
7312A,1159397.0,1518,DEXKETOPROFENO,,
200029A,1026255.0,314,AMOXICILINA + CLAVULANICO ACIDO,,
730A,877403.0,1517,DIAZEPAM,,
7400A,775531.0,1531,ATORVASTATINA,,
7019A,729883.0,1490,AZITROMICINA,,
200724A,717629.0,506,PARACETAMOL + TRAMADOL,,
1864A,691633.0,279,LORAZEPAM,,
1842A,689214.0,274,LEVOTIROXINA,,
176A,688319.0,256,ACETILSALICILICO ACIDO,,
1023A,659385.0,74,SIMVASTATINA,,
200355A,479655.0,412,PARACETAMOL + CODEINA + ASCORBICO ACIDO,,
2049A,477067.0,793,CIPROFLOXACINO,,
1908A,470318.0,286,MEPIRAMINA,,
99A,456850.0,1674,ALPRAZOLAM,,
745A,453728.0,1543,DICLOFENACO,,
828A,426898.0,1581,CEFUROXIMA,,
108A,426059.0,92,AMOXICILINA,,
1359A,407784.0,166,METFORMINA,,
1599A,400883.0,217,FOSFOMICINA,,
2297A,391527.0,862,SALBUTAMOL,,
300472A,388583.0,1172,TIRAS REACTIVAS GLUCOSA SANGRE,,
2791A,371108.0,1012,LEVOFLOXACINO,,
200079A,361666.0,323,CALCIO CARBONATO + COLECALCIFEROL,,
2231A,355925.0,848,EBASTINA,,
2328A,355281.0,870,BISOPROLOL,,
3897A,349932.0,1378,PREGABALINA,,
2002A,342761.0,394,NAPROXENO,,
7275A,340136.0,1511,PANTOPRAZOL,,
886A,337360.0,1638,PREDNISONA,,
3128SU,324616.0,1292,CONDROITIN SULFATO,,
2863A,306871.0,1036,ETORICOXIB,,
888A,300482.0,1640,METILPREDNISOLONA,,
2858A,297697.0,1033,ESCITALOPRAM,,
489A,294608.0,1406,BETAHISTINA,,
1615A,293167.0,220,FUROSEMIDA,,
233A,280114.0,875,ACETILCISTEINA,,
1742A,266578.0,253,HIERRO,,
2142A,266202.0,817,ENALAPRIL,,
510A,251482.0,1423,BROMAZEPAM,,
2429A,248943.0,903,ZOLPIDEM,,
2503A,247687.0,926,AMLODIPINO,,
8295A,246977.0,1583,BILASTINA,,
1140A,246743.0,108,CELECOXIB,,
428A,243530.0,1390,CICLOPIROX,,
318A,234182.0,1304,ALOPURINOL,,
865A,218441.0,1625,DOMPERIDONA,,
1165A,215944.0,115,INSULINA GLARGINA,,
3076A,212516.0,1286,SULPIRIDA,,
200925A,209770.0,597,TOBRAMICINA + DEXAMETASONA,,
2482A,209282.0,919,ENOXAPARINA,,
220A,207277.0,841,ACENOCUMAROL,,
2418A,204949.0,901,MOMETASONA,,
547A,198743.0,1432,CALCIFEDIOL,,
88A,198104.0,1641,LORMETAZEPAM,,
8215A,196250.0,1570,ROSUVASTATINA,,
2291A,192509.0,860,BUDESONIDA,,
200535A,190106.0,444,FORMOTEROL + BUDESONIDA,,
2582A,189599.0,944,FLUTICASONA,,
921A,186694.0,1656,FENOFIBRATO,,
2317A,185125.0,868,MUPIROCINA,,
2351A,184181.0,881,TORASEMIDA,,
3160A,183997.0,1297,TRAZODONA,,
2389A,180572.0,892,TRAMADOL,,
2598A,179945.0,953,LANSOPRAZOL,,
2364A,179387.0,885,CETIRIZINA,,
129A,177104.0,157,CLOPERASTINA,,
200092A,174889.0,329,CETIRIZINA + PSEUDOEFEDRINA,,
2586A,174554.0,945,PAROXETINA,,
1172A,174455.0,120,ESOMEPRAZOL,,
679A,172371.0,1476,CLOTRIMAZOL,,
300725A,171772.0,1226,ABSORBENTE INC ORINA SUP-NOC ELAST ANAT,,
7300A,166927.0,1516,CLOPIDOGREL,,
7423A,164169.0,1538,VALSARTAN,,
200470A,161832.0,432,VALSARTAN + HIDROCLOROTIAZIDA,,
2930A,160184.0,1051,OLMESARTAN,,
830A,154910.0,1587,CICLOBENZAPRINA,,
3882A,153574.0,1375,KETOCONAZOL,,
1218A,152316.0,135,DESLORATADINA,,
963A,152115.0,1663,PREDNICARBATO,,
967A,151952.0,1664,CLARITROMICINA,,
1543A,149397.0,200,FENTANILO,,
1119A,145241.0,99,MOXIFLOXACINO,,
1958A,142238.0,300,METOCLOPRAMIDA,,
2331A,139421.0,872,FLUOXETINA,,
491A,139165.0,1409,BETAMETASONA,,
2546A,138202.0,932,DEFLAZACORT,,
2751A,135812.0,992,TAMSULOSINA,,
7421A,133728.0,1537,DULOXETINA,,
3141A,132705.0,1293,TOBRAMICINA,,
2534A,131748.0,930,TIZANIDINA,,
2497A,131669.0,922,RAMIPRIL,,
648A,131263.0,1468,CLORAZEPATO DIPOTASICO,,
2387A,130998.0,891,DOXAZOSINA,,
300742A,130655.0,1231,AGUJA PLUMAS INSULINA,,
300003A,130582.0,1067,ABSORBENTE INC ORINA DIA ANAT,,
2846A,130541.0,1031,BROMURO DE TIOTROPIO (D.O.E),,
200970A,130125.0,620,METFORMINA + SITAGLIPTINA,,
2A,129582.0,1063,RANITIDINA,,
1272A,129469.0,151,RUPATADINA,,
567A,129020.0,1441,CARBOCISTEINA,,
2552A,127647.0,933,ACECLOFENACO,,
1136A,127547.0,106,QUETIAPINA,,
1549A,124365.0,203,FERROGLICINA,,
1063A,124285.0,81,REPAGLINIDA,,
395A,122967.0,1382,AMITRIPTILINA,,
200100A,121921.0,333,CLEBOPRIDA + SIMETICONA,,
200354A,119707.0,411,PARACETAMOL + CODEINA,,
2408A,118539.0,899,CINITAPRIDA,,
200185A,115614.0,358,ESTREPTOQUINASA + ESTREPTODORNASA,,
2027A,113708.0,788,NISTATINA,,
1619A,112619.0,221,FUSIDICO ACIDO,,
453A,112495.0,1397,AMBROXOL,,
149A,112362.0,196,ACIDO FOLICO,,
2537A,112196.0,931,SERTRALINA,,
200957A,111904.0,614,METFORMINA + VILDAGLIPTINA,,
559A,111779.0,1437,CAPSAICINA,,
2664A,110876.0,967,VENLAFAXINA,,
1666A,109951.0,238,GLUCOSAMINA,,
8305A,108559.0,1586,TAPENTADOL,,
200952A,108466.0,611,BECLOMETASONA DIPROPIONATO + FUMARATO FORMOTEROL DIHIDRATO,,
635A,107609.0,1462,CLONAZEPAM,,
1729A,105431.0,250,HIDROXIZINA,,
618A,103751.0,1456,CLOBETASOL,,
200753A,102133.0,521,OLMESARTAN + HIDROCLOROTIAZIDA,,
2817A,100540.0,1023,BEMIPARINA,,
1067A,99915.0,82,IPRATROPIO,,
54A,98733.0,1435,HIDROCORTISONA,,
2788A,98076.0,1010,LATANOPROST,,
300489A,97152.0,1180,GASA ESTERIL ALGODON HIDROFILO COMPRESA,,
2794A,96434.0,1014,CANDESARTAN,,
2137A,95500.0,814,FENTICONAZOL,,
2704A,95263.0,975,MIRTAZAPINA,,
2734A,93855.0,987,LEVOSULPIRIDA,,
1088A,92124.0,91,PENTOXIFILINA,,
1099A,91740.0,94,TELMISARTAN,,
200403A,91710.0,426,SALES PARA REHIDRATACION ORAL,,
162A,90885.0,225,CODEINA,,
200174A,89224.0,354,ENALAPRIL + HIDROCLOROTIAZIDA,,
2641A,88362.0,960,GABAPENTINA,,
201121A,86849.0,655,DUTASTERIDE + TAMSULOSINA,,
1423A,85245.0,184,ESCOPOLAMINA,,
7192A,85209.0,1500,PRAVASTATINA,,
200673A,83399.0,493,CIPROFLOXACINO + FLUOCINOLONA,,
7432A,82964.0,1542,EZETIMIBA,,
2432A,81883.0,905,FLUCONAZOL,,
64A,81850.0,1469,MONTELUKAST,,
8277A,79926.0,1578,PITAVASTATINA,,
201130A,79507.0,662,OXICODONA + NALOXONA,,
300338A,78976.0,1134,MEDIA COMP FUERTE,,
724A,76813.0,1508,DEXCLORFENIRAMINA,,
1966A,75344.0,302,METRONIDAZOL,,
200680A,75288.0,496,TELMISARTAN + HIDROCLOROTIAZIDA,,
722A,74748.0,1504,DEXAMETASONA,,
3735A,74411.0,1356,DILTIAZEM,,
3818A,74056.0,1363,OTILONIO BROMURO,,
7153A,73915.0,1497,MELOXICAM,,
499A,71751.0,1412,BIOTINA,,
2936A,71562.0,1054,FERRIMANITOL OVOALBUMINA,,
7406A,71268.0,1533,IRBESARTAN,,
2901A,70789.0,1046,LEVOCETIRIZINA,,
201183A,70710.0,690,OLMESARTAN + AMLODIPINO + HIDROCLOROTIAZIDA,,
200610A,70680.0,466,SALMETEROL + FLUTICASONA (50/500),,
463A,70049.0,1400,BECLOMETASONA,,
56A,69667.0,1442,CIANOCOBALAMINA,,
2218A,69121.0,843,PROPRANOLOL,,
200711A,68934.0,504,CALCIPOTRIOL + BETAMETASONA,,
2569A,68269.0,938,LEVOCABASTINA,,
200783A,67930.0,526,VALSARTAN + AMLODIPINO,,
200086A,67909.0,327,CANDESARTAN + HIDROCLOROTIAZIDA,,
2445A,67091.0,907,PROTEINSUCCINILATO DE HIERRO,,
326A,66861.0,1320,ESPIRONOLACTONA,,
2303A,66697.0,866,LORATADINA,,
1957A,66371.0,299,METOCARBAMOL,,
2431A,66248.0,904,CARVEDILOL,,
9A,65205.0,1675,RETINOL,,
1037A,65140.0,76,NITROGLICERINA,,
356A,65115.0,1343,ATENOLOL,,
200935A,64677.0,603,POTASIO IODURO + CIANOCOBALAMINA + ACIDO FOLICO,,
7395A,64540.0,1529,GLIMEPIRIDE,,
2563A,64507.0,936,AZELASTINA,,
616A,64174.0,1454,CLINDAMICINA,,
7358A,63939.0,1524,CEFDITORENO,,
2770A,63782.0,1003,OLANZAPINA,,
300724A,63390.0,1225,ABSORBENTE INC ORINA NOC ELAST ANAT,,
7201A,62762.0,1502,RISPERIDONA,,
2762A,62282.0,1000,ACIDO IBANDRONICO,,
7245A,61816.0,1507,TOPIRAMATO,,
200969A,59436.0,619,OLMESARTAN + AMLODIPINO,,
2741A,58924.0,990,NEBIVOLOL,,
201A,58839.0,786,ACICLOVIR,,
200609A,58779.0,465,SALMETEROL + FLUTICASONA (50/250),,
235A,58663.0,882,SERENOA REPENS,,
3254A,58349.0,1316,KETAZOLAM,,
727A,57413.0,1512,DEXTROMETORFAN,,
89A,56907.0,1645,CLOXACILINA,,
770A,56826.0,1546,DIGOXINA,,
201116A,56767.0,651,VALSARTAN + AMLODIPINO + HIDROCLOROTIAZIDA,,
1105A,56408.0,96,RABEPRAZOL,,
1343A,55972.0,163,HIDROCLOROTIAZIDA,,
1776A,55770.0,259,INDAPAMIDA,,
7013A,55140.0,1488,AMOROLFINA,,
8296A,54259.0,1584,DESVENLAFAXINA,,
2299A,54208.0,863,MEMANTINA,,
2400A,54093.0,895,CEFIXIMA,,
1075A,53984.0,85,RIVASTIGMINA,,
48A,53763.0,1407,LIDOCAINA,,
8418A,53503.0,1601,DENOSUMAB,,
209A,53272.0,801,NORFLOXACINO,,
200219A,53217.0,362,FLUOCINOLONA ACETONIDO + NEOMICINA + POLIMIXINA B,,
7157A,52481.0,1498,LOSARTAN,,
2919A,52466.0,1048,SOLIFENACINA,,
1967A,52164.0,303,MICONAZOL,,
2104A,52129.0,804,MESALAZINA,,
200093A,52063.0,330,CIANOCOBALAMINA + ACIDO FOLICO,,
7383A,51854.0,1527,RISEDRONICO ACIDO,,
2655A,50700.0,964,CITALOPRAM,,
418A,50699.0,1389,METOTREXATO,,
2807A,50504.0,1018,RIZATRIPTAN,,
200944A,50430.0,606,IBUPROFENO + CODEINA,,
8396A,50149.0,1599,SILODOSINA,,
1693A,49758.0,242,HALOPERIDOL,,
150A,49467.0,197,FLUOCINOLONA,,
2797A,49036.0,1016,ZOLMITRIPTAN,,
2780A,48794.0,1005,DONEPEZILO,,
200279A,48700.0,387,LEVONORGESTREL +  ETINILESTRADIOL,,
8075A,48374.0,1556,SITAGLIPTINA,,
392A,47265.0,1380,AMIODARONA,,
2757A,45609.0,996,LERCANIDIPINA,,
7234A,44805.0,1506,TERBINAFINA,,
1167A,44266.0,116,LEVETIRACETAM,,
3253A,44099.0,1315,NIFEDIPINO,,
1158A,44066.0,112,TIMOLOL,,
200085A,44058.0,326,CALCIO PIDOLATO + COLECALCIFEROL,,
2436A,43761.0,906,ITRACONAZOL,,
1123A,43582.0,102,INSULINA ASPARTA,,
7380A,42872.0,1526,FLUVASTATINA,,
3871A,42564.0,1372,CAPTOPRIL,,
2694A,42416.0,972,TACROLIMUS,,
200163A,42393.0,349,DIOSMINA + HESPERIDINA,,
8094A,42343.0,1562,PALIPERIDONA,,
200241A,42296.0,371,HIDROCLOROTIAZIDA + AMILORIDA,,
2934A,42126.0,1053,INSULINA DETEMIR,,
1821A,42025.0,270,LACTULOSA,,
1419A,41750.0,183,ERITROMICINA,,
2793A,41718.0,1013,LORNOXICAM,,
604A,41630.0,1453,CITICOLINA,,
200703A,41000.0,501,CIANOCOBALAMINA + DEXAMETASONA + TIAMINA + LIDOCAINA,,
2781A,40928.0,1006,ALENDRONICO ACIDO,,
200951A,40818.0,610,ALENDRONATO + COLECALCIFEROL (5600 UI),,
1657A,40124.0,233,GLICLAZIDA,,
3157A,39909.0,1296,TRANEXAMICO ACIDO,,
2864A,39600.0,1037,BIMATOPROST,,
8598A,39027.0,1616,ACLIDINIO,,
300202A,38966.0,1107,CAMARA INHALACION,,
90A,38778.0,1652,TRIMETOPRIM,,
300723A,38690.0,1224,ABSORBENTE INC ORINA DIA ANAT INICIA,,
3194A,38552.0,1306,VALPROICO ACIDO,,
200490A,38524.0,438,DEXAMETASONA EN ASOCIACION,,
123A,38388.0,138,POTASIO,,
2652A,38048.0,962,COMPLEJO OSEINA-HIDROXIAPATITA,,
200127A,37817.0,340,COTRIMOXAZOL ( SULFAMETOXAZOL + TRIMETOPRIM ),,
814A,37681.0,1567,BUPRENORFINA,,
417A,37556.0,1388,DESOGESTREL,,
300004A,37234.0,1068,ABSORBENTE INC ORINA DIA RECT,,
200101A,36988.0,334,CLOCINIZINA + FENILPROPANOLAMINA,,
200737A,36877.0,513,EPROSARTAN + HIDROCLOROTIAZIDA,,
2884A,36728.0,1040,OLOPATADINA,,
520A,36719.0,1428,TROPICAMIDA,,
637A,36718.0,1464,GEMFIBROZILO,,
2841A,36551.0,1029,MANIDIPINO,,
899A,36531.0,1644,KETOTIFENO,,
8509A,36190.0,1610,LINAGLIPTINA,,
200277A,36045.0,385,LEVODOPA + CARBIDOPA,,
200182A,35314.0,357,ESPIRAMICINA + METRONIDAZOL,,
3327A,35236.0,1327,LOPERAMIDA,,
1179A,35179.0,124,DEXIBUPROFENO,,
2662A,34833.0,966,RIFAXIMINA,,
201282A,34683.0,739,INDACATEROL + GLICOPIRRONIO,,
200607A,34455.0,463,SALMETEROL + FLUTICASONA (25/250),,
125CL,33928.0,145,SODIO CLORURO,,
1395A,33560.0,181,DOXICICLINA,,
200239A,33303.0,370,GRAMICIDINA + NEOMICINA + POLIMIXINA B,,
2209A,33294.0,840,PROGESTERONA,,
8623A,32913.0,1622,MIRABEGRON,,
8366A,32681.0,1596,INDACATEROL,,
2579A,32566.0,943,LAMOTRIGINA,,
1142A,32132.0,110,BRINZOLAMIDA,,
2338A,31877.0,873,MEGESTROL,,
1922A,31415.0,290,METADONA,,
2933A,31287.0,1052,ARIPIPRAZOL,,
3845A,31140.0,1367,DIMEMORFANO,,
1171A,31112.0,118,TRIAMCINOLONA,,
1128A,30866.0,103,PROMESTRIENO,,
200738A,30120.0,514,SIMVASTATINA + EZETIMIBA,,
300356A,29528.0,1147,RODILLERA,,
200270A,29496.0,380,IRBESARTAN + HIDROCLOROTIAZIDA,,
1733A,29388.0,251,TROXERUTINA,,
7411A,29075.0,1535,EPROSARTAN,,
2363A,29013.0,884,FLECAINIDA,,
8082A,28710.0,1559,FESOTERODINA,,
2170A,28575.0,828,PLANTAGO OVATA,,
200937A,28491.0,604,HIDROXOCOBALAMINA + PIRIDOXINA + TIAMINA,,
300765A,28339.0,1242,APOSITO DE ESPUMA POLIURETANO CON BORDE,,
86A,28102.0,1630,NITROFURANTOINA,,
2835A,27908.0,1028,TRAVOPROST,,
3100A,27810.0,1287,TERBUTALINA,,
201047A,27603.0,631,TIMOLOL + BRINZOLAMIDA,,
8323A,27468.0,1592,LIRAGLUTIDA,,
594A,27430.0,1447,CICLOPENTOLATO,,
300718A,27347.0,1221,LANCETAS,,
200754A,27206.0,522,BIMATOPROST + TIMOLOL,,
200120A,27082.0,338,COLCHICINA + DICICLOVERINA,,
926A,27068.0,1657,FLUNARIZINA,,
2992A,26829.0,1062,IVABRADINA,,
327A,26812.0,1323,CLORTALIDONA,,
200336A,26763.0,403,NITROGLICERINA + CAFEINA,,
1283A,26756.0,153,CLONIXINATO DE LISINA,,
1571A,26752.0,211,FLUOROMETOLONA,,
200341A,26553.0,407,OXITETRACICLINA + POLIMIXINA B,,
8293A,26380.0,1582,AGOMELATINA,,
3826A,26249.0,1364,TRIFLUSAL,,
36A,26178.0,1352,COLECALCIFEROL,,
200129A,25685.0,341,DEANOL + HEPTAMINOL,,
1131A,25624.0,104,BUPROPION,,
7408A,25579.0,1534,BARNIDIPINA,,
1878A,25435.0,282,MEBEVERINA,,
1659A,25099.0,234,GLICOPIRRONIO,,
2809A,24924.0,1019,RACECADOTRILO,,
200612A,24526.0,467,TIMOLOL + LATANOPROST,,
7320A,24515.0,1519,INSULINA LISPRO ACCION RAPIDA,,
3360A,24475.0,1331,SULODEXIDA,,
167A,24418.0,240,INDOMETACINA,,
2710A,24195.0,977,VALACICLOVIR,,
633A,23956.0,1461,CLOMIPRAMINA,,
8321A,23703.0,1591,BAZEDOXIFENO,,
328A,23661.0,1324,FENILEFRINA,,
200675A,23585.0,494,INSULINA ASPARTA ACCION INTERMEDIA,,
201115A,23527.0,650,MACROGOL + BICARBONATO SODICO + CLORURO SODICO + CLORURO POTASICO,,
300701A,23389.0,1213,MODULOS ESPESANTES,,
201118A,23103.0,652,CONDROITINA + GLUCOSAMINA,,
200350A,23074.0,409,PARACETAMOL + ASCORBICO ACIDO,,
1162A,22988.0,113,IMIDAPRIL,,
300689A,22962.0,1205,COMPLETA POLIMERICA HIPERPROTEICA HIPERCALORICA,,
8106A,22921.0,1564,VILDAGLIPTINA,,
2222A,22793.0,845,LISINOPRIL,,
2924A,22772.0,1049,EPLERENONA,,
2819A,22458.0,1025,ALMOTRIPTAN,,
1174A,22453.0,121,URSODEOXICOLICO ACIDO,,
8281A,22439.0,1580,RIVAROXABAN,,
300780A,22283.0,1253,APOSITO DE ESPUMA POLIURETANO EXTRAFINO CON SILICONA Y BORDE,,
561A,22178.0,1439,CARBAMAZEPINA,,
2223A,22135.0,846,OFLOXACINO,,
880A,22026.0,1637,ETOFENAMATO,,
200757A,21975.0,525,TIMOLOL + TRAVOPROST,,
200253A,21922.0,374,HIDROCORTISONA + OXITETRACICLINA + POLIMIXINA B,,
142A,21844.0,185,COLCHICINA,,
200149A,21742.0,343,DICLOFENACO + MISOPROSTOL,,
2290A,21470.0,859,SACCHAROMYCES BOULARDII,,
21CA,21396.0,835,CALCIO CARBONATO,,
8258A,21342.0,1573,DABIGATRAN,,
2257A,21282.0,852,CILOSTAZOL,,
300250A,21096.0,1121,ESPECIALES,,
300109A,21081.0,1091,BOLSAS RECOGIDA ORINA,,
200786A,21056.0,528,IRBESARTAN + HIDROCLOROTIAZIDA (300/25) MG,,
2596A,20953.0,952,SUMATRIPTAN,,
45A,20721.0,1399,AZATIOPRINA,,
1071A,20689.0,84,LITIO,,
3142A,20651.0,1294,TOCOFEROL*,,
200741A,20644.0,515,TIMOLOL + DORZOLAMIDA,,
500A,20435.0,1415,BIPERIDENO,,
100166A,20400.0,5,FORMULA MAGISTRAL,,
1651NN,20332.0,231,TRINITRATO DE GLICEROL,,
1577A,20163.0,212,FLURAZEPAM,,
631A,20130.0,1459,CLOMETIAZOL,,
300368A,20095.0,1157,TOBILLERA,,
200331A,19855.0,402,NEOMICINA + METRONIDAZOL + MICONAZOL + POLIMIXINA B + CENTELLA ASIATICA,,
2893A,19783.0,1044,DUTASTERIDE,,
105A,19560.0,80,FENOXIMETILPENICILINA,,
201190A,19434.0,693,NAPROXENO + ESOMEPRAZOL,,
300406A,19045.0,1161,ESPARADRAPO HIPOALERGICO,,
200004A,18967.0,309,ACETILSALICILICO ACIDO + CODEINA,,
300753A,18728.0,1233,APOSITO BASE CON BORDE,,
200618A,18664.0,472,"IRBESARTAN + HIDROCLOROTIAZIDA 150/12,5",,
3203A,18645.0,1309,VERAPAMILO,,
200146A,18590.0,342,DIAZEPAM + PIRIDOXINA,,
1390A,18309.0,178,DOBESILATO CALCICO,,
1982A,18295.0,305,MORFINA,,
2143A,18182.0,818,HIDROXICLOROQUINA,,
2796A,18137.0,1015,TOLTERODINA,,
7330A,18047.0,1521,MICOFENOLICO ACIDO,,
1951A,17927.0,298,TIAMAZOL,,
2138A,17772.0,815,NABUMETONA,,
200700A,17707.0,500,BECLOMETASONA + CLIOQUINOL,,
300796A,17663.0,1263,APOSITO DE HIDROFIBRA DE HIDROCOLOIDE CON PLATA,,
2787A,17647.0,1009,PRAMIPEXOL,,
1217A,17504.0,134,PIOGLITAZONA (D.C.I.-R),,
2558A,17393.0,934,SERTACONAZOL,,
300722A,17365.0,1223,ABSORBENTE INC ORINA DIA ELAST ANAT,,
7100A,17287.0,1495,FLUTRIMAZOL,,
2446A,17161.0,908,GALANTAMINA,,
100418A,17067.0,60,ALERGENOS LETI,,
200180A,16985.0,355,ERGOTAMINA + PARACETAMOL + CAFEINA,,
3859A,16703.0,1369,TRIMETAZIDINA,,
7403A,16678.0,1532,RALOXIFENO,,
200619A,16670.0,473,LOSARTAN + HIDROCLOROTIAZIDA 100/25,,
200290A,16433.0,390,"LOSARTAN + HIDROCLOROTIAZIDA  50/12,5",,
201036A,16392.0,629,LERCANIDIPINA + ENALAPRIL,,
617A,16325.0,1455,CLIOQUINOL,,
7389A,16304.0,1528,BRIMONIDINA,,
200172A,16286.0,353,EBASTINA + PSEUDOEFEDRINA,,
200697A,16167.0,498,BENZOCAINA + CLOROBUTANOL + ESENCIA TREMENTINA + FENOL,,
201249A,16061.0,715,LINAGLIPTINA + METFORMINA,,
201261A,16036.0,724,PRAVASTATINA + FENOFIBRATO,,
8615A,16032.0,1619,DAPAGLIFLOZINA,,
200641A,16026.0,482,METOCARBAMOL + PARACETAMOL,,
201215A,16015.0,702,PYGEUM AFRICANUM + GLUTAMICO AC. + GLICINA + ALANINA,,
1381A,16012.0,174,DISULFIRAM,,
200981A,15742.0,1914,CORPITOLINOL + TOCOFEROL,,
1839A,15652.0,271,LEVOMEPROMAZINA,,
2453A,15486.0,911,BRIVUDINA,,
733A,15449.0,1522,TAMOXIFENO,,
1083A,15353.0,89,MIANSERINA,,
200512A,15347.0,441,SULPIRIDA + DIAZEPAM + PIRIDOXINA,,
200731A,15158.0,510,CALCIO CARBONATO + LACTOGLUCONATO CALCICO + COLECALCIFEROL,,
2108A,15134.0,805,KETOROLACO,,
2970A,15101.0,1059,INSULINA GLULISINA,,
986A,15009.0,1668,SULFADIAZINA,,
2888A,14992.0,1042,PIMECROLIMUS,,
1103A,14972.0,95,IMIQUIMOD,,
107A,14958.0,88,NIFLUMICO ACIDO,,
365A,14942.0,1349,TEOFILINA,,
300111A,14923.0,1092,BOLSAS RECOGIDA ORINA PIERNA,,
2570A,14840.0,939,OXCARBAZEPINA,,
2081A,14833.0,797,OXITETRACICLINA,,
2713A,14827.0,978,BICALUTAMIDA,,
1434A,14785.0,186,ESPIRAMICINA,,
300695A,14782.0,1209,COMPLETA POLIMERICA HIPERPROTEICA HIPERCALORICA CON FIBRA,,
2179A,14770.0,829,NIMODIPINO,,
7034A,14695.0,1491,CABERGOLINA,,
200755A,14530.0,523,TIMOLOL + BRIMONIDINA,,
406A,14482.0,1387,CICLOSPORINA,,
201291A,14417.0,743,VILANTEROL + FLUTICASONA,,
132A,14414.0,161,CARMELOSA,,
7004A,14292.0,1485,ZONISAMIDA,,
1653A,14270.0,232,GLIBENCLAMIDA,,
675A,14216.0,1474,CLORTETRACICLINA,,
8317A,14165.0,1590,RANOLAZINA,,
1198A,14092.0,128,CALCITRIOL,,
8472A,14086.0,1606,APIXABAN,,
7414A,13986.0,1536,LEFLUNOMIDA,,
300001A,13904.0,1065,ABSORBENTE INC ORINA SUP-NOC ANAT,,
399A,13899.0,1383,MEDROXIPROGESTERONA,,
454A,13709.0,1398,BACLOFENO,,
200795A,13627.0,536,ETINILESTRADIOL + DROSPIRENONA,,
200511A,13553.0,440,SULPIRIDA + DIAZEPAM,,
200288A,13510.0,388,LISINOPRIL + HIDROCLOROTIAZIDA,,
342A,13487.0,1336,LEUPRORELINA,,
57A,13465.0,1443,TIAMINA*,,
2758A,13425.0,997,LETROZOL,,
3881A,13376.0,1374,ALMAGATO,,
2684A,13340.0,970,LEVODROPROPIZINA,,
2624A,13196.0,956,FINASTERIDA,,
887A,13160.0,1639,PREDNISOLONA,,
2976A,13147.0,1061,RASAGILINA,,
200099A,13113.0,332,CIPROTERONA + ETINILESTRADIOL,,
8279A,13096.0,1579,LACOSAMIDA,,
1794A,12986.0,262,ISOSORBIDA,,
200269A,12984.0,379,IPRATROPIO  + SALBUTAMOL,,
300774A,12908.0,1249,APOSITO DE ESPUMA POLIURETANO CON SILICONA FIBRAS Y BORDE,,
93A,12869.0,1660,NICARDIPINO,,
7009A,12868.0,1487,ALFUZOSINA,,
2754A,12774.0,994,DORZOLAMIDA,,
200751A,12678.0,520,ALENDRONATO + COLECALCIFEROL (2800 UI),,
1663A,12627.0,237,GLUCAGON,,
200634A,12533.0,478,BETAMETASONA + GENTAMICINA,,
2502A,12516.0,925,TIBOLONA,,
890A,12486.0,1642,TESTOSTERONA,,
1877A,12453.0,281,MEBENDAZOL,,
1280A,12423.0,152,ELETRIPTAN,,
200181A,12406.0,356,ESCOPOLAMINA + METAMIZOL,,
300217A,12383.0,1118,COMPLETAS POLIMERICAS NORMOPROTEICA HIPERCALORICA,,
300773A,12215.0,1248,APOSITO DE ESPUMA POLIURETANO CON SILICONA,,
200750A,12099.0,519,AMLODIPINO + ATORVASTATINA,,
2361A,12025.0,883,TIOCONAZOL,,
200616A,11981.0,470,INSULINA LISPRO INTERMEDIA 25:75,,
160A,11945.0,219,ESTRADIOL,,
200725A,11938.0,507,CALCIO GLUBIONATO + CALCIO CARBONATO,,
2860A,11833.0,1035,PARICALCITOL,,
8032A,11610.0,1554,ROTIGOTINA,,
200636A,11563.0,479,ENALAPRIL + NITRENDIPINO,,
300491A,11470.0,1181,MEDIA COMP NORMAL,,
1794NI,11416.0,264,ISOSORBIDA MONONITRATO,,
9995A,11407.0,1672,ESTERES ETILICOS DE LOS ACIDOS OMEGA 3,,
2938A,11373.0,1055,RANELATO ESTRONCIO,,
2767A,11363.0,1001,ROPINIROL,,
33A,11278.0,1332,ALPROSTADIL,,
2061A,11249.0,795,BIFONAZOL,,
686A,11218.0,1479,LOPRAZOLAM,,
548A,11141.0,1433,NADOLOL,,
433A,11043.0,1393,HIDROSMINA,,
300000A,10722.0,1064,ABSORB INC ORINA NOC ANAT,,
7430A,10689.0,1540,DARBEPOETIN ALFA,,
813A,10685.0,1566,ADRENALINA,,
2562A,10607.0,935,FORMOTEROL,,
200606A,10584.0,462,SALMETEROL + FLUTICASONA (25/125),,
2816A,10578.0,1022,SILDENAFILO,,
8216A,10496.0,1571,FEBUXOSTAT,,
201129A,10336.0,661,CLOPIDOGREL + ACETILSALICILICO ACIDO,,
2256A,10301.0,851,MIDAZOLAM,,
200074A,10291.0,321,BISOPROLOL + HIDROCLOROTIAZIDA,,
34A,10268.0,1339,PIRIDOXINA,,
300017A,10198.0,1080,APOSITOS B OSTOM RES SINT,,
2402A,10119.0,897,TERAZOSINA,,
2307A,10078.0,867,ZOPICLON,,
3404A,9987.0,1333,HIALURONICO ACIDO,,
2661A,9978.0,965,CALCIPOTRIOL,,
2379A,9949.0,890,AMISULPRIDA,,
300218A,9684.0,1119,COMPLETA POLIMERICA NORMOPROTEICA NORMOCALORICA,,
2376A,9608.0,889,TRIPTORELINA,,
159A,9588.0,218,FLUVOXAMINA,,
201126A,9565.0,658,DIENOGEST + ETINILESTRADIOL,,
2454A,9449.0,912,LACTITOL,,
671A,9240.0,1473,CLORPROMAZINA,,
200954A,9179.0,612,BUPRENORFINA + NALOXONA,,
2720A,9103.0,980,DIACEREINA,,
1642A,9079.0,228,GENTAMICINA,,
200256A,9067.0,376,HIERRO GLUCEPTATO + FOLICO ACIDO,,
2571A,8976.0,940,HIPROMELOSA,,
200168A,8773.0,350,DOXICICLINA  + TRIPSINA + QUIMOTRIPSINA,,
1741A,8755.0,252,INSULINA ISOFANICA,,
300763A,8706.0,1241,APOSITO DE ESPUMA POLIURETANO,,
201131A,8700.0,663,SALMONELLA TYPHI INACTIVADOS + SALMONELLA TYPHI VIVOS,,
5070A,8627.0,1421,TERIPARATIDA,,
8077A,8619.0,1558,EXENATIDA,,
200966A,8590.0,617,CARBOCISTEINA + PROMETAZINA,,
201258A,8554.0,722,PRILOCAINA + LIDOCAINA,,
682A,8492.0,1477,CLOZAPINA,,
698A,8491.0,1481,ACIDO CROMOGLICICO,,
1164A,8480.0,114,TIAPRIDA,,
1348A,8411.0,165,OXICODONA,,
201303A,8362.0,747,FORMOTEROL + FLUTICASONA,,
300714A,8355.0,1219,ALIMENTOS USO MEDICO,,
200614A,8351.0,468,INSULINA HUMANA ACCION RAPIDA,,
2647A,8275.0,961,PERMETRINA,,
1628A,8253.0,224,GAMMAGLOBULINA ANTI-RH,,
565A,8227.0,1440,CARBIMAZOL,,
200346A,8223.0,408,PANCREATINA,,
3262A,8149.0,1318,CARTEOLOL,,
200373A,8141.0,418,POTASIO CITRATO + CITRICO ACIDO,,
201254A,8121.0,720,RUSCUS ACULEATUS + HESPERIDINA + AC ASCORBICO,,
200046A,8086.0,317,ATENOLOL + CLORTALIDONA,,
2653A,8062.0,963,CARBOMERO*,,
3895A,8030.0,1377,CEFONICID,,
8357A,8006.0,1595,SAXAGLIPTINA,,
2345A,7945.0,877,LOVASTATINA,,
200631A,7875.0,475,PERINDOPRIL + INDAPAMIDA,,
200940A,7873.0,605,METFORMINA + PIOGLITAZONA,,
684A,7857.0,1478,COLESTIRAMINA,,
2296A,7852.0,861,SULFASALAZINA,,
200756A,7808.0,524,ALERGENOS BIAL,,
300365A,7767.0,1154,SONDA VESICAL SILICONA,,
201076A,7767.0,636,NEBIVOLOL + HIDROCLOROTIAZIDA,,
366A,7705.0,1350,OXIBUTININA,,
201090A,7696.0,638,DELAPRIL + MANIDIPINO,,
200730A,7621.0,509,LEVODOPA + CARBIDOPA + ENTACAPONA,,
1971A,7496.0,304,MINOCICLINA,,
1873A,7339.0,280,MAPROTILINA,,
3270A,7306.0,1321,GINKGO BILOBA,,
1155A,7290.0,111,SEVELAMERO,,
502A,7280.0,1418,SULBUTIAMINA,,
3556A,7275.0,1342,ETILO CLORURO,,
100188A,7263.0,7,VARENICLINA,,
2588A,7249.0,947,SALMETEROL,,
158A,7165.0,216,NORETISTERONA,,
200931A,7135.0,600,AMITRIPTILINA + MEDAZEPAM,,
200119A,7134.0,337,CLOSTRIDIOPEPTIDASA + PROTEOLITICAS ENZIMAS,,
316A,7125.0,1298,HIDROXICARBAMIDA,,
2729A,7121.0,983,ANASTROZOL,,
1587A,7084.0,215,FOLINICO ACIDO,,
300347A,7076.0,1140,MODULOS DE VITAMINAS Y MINERALES,,
200276A,7067.0,384,LEVODOPA + BENSERAZINA,,
200794A,6992.0,535,ATOVACUONA + PROGUANIL,,
201235A,6956.0,708,SAXAGLIPTINA + METFORMINA,,
2630A,6942.0,957,MOXONIDINA,,
3221A,6911.0,1312,WARFARINA,,
2180A,6869.0,830,TENOXICAM,,
1334A,6865.0,162,FENITOINA,,
501311LR,6817.0,2041,ALERGENOS ALK,,
836A,6721.0,1597,CLOBAZAM,,
2425A,6711.0,902,ACITRETINA,,
300795A,6706.0,1262,APOSITO DE HIDROFIBRA DE HIDROCOLOIDE,,
300127A,6684.0,1096,BOLSAS RESINA SINTETICA MICROPORO Y FILTRO,,
125FD,6644.0,146,SODIO HIDROGENO FOSFATO,,
200088A,6599.0,328,CAPTOPRIL + HIDROCLOROTIAZIDA,,
7059A,6557.0,1493,FAMCICLOVIR,,
1810A,6554.0,267,KETOPROFENO,,
2575A,6538.0,942,ONDANSETRON,,
2113A,6479.0,807,ACARBOSA,,
8620A,6462.0,1621,LIXISENATIDA,,
2500A,6434.0,924,QUINAPRIL,,
8076A,6396.0,1557,TAFLUPROST,,
200309A,6324.0,397,MICONAZOL + INOSINA + GUANOSINA + VITAMINA F,,
8101A,6322.0,1563,ALISKIREN,,
8191A,6261.0,1568,ROFLUMILAST,,
2892A,6248.0,1043,TADALAFILO,,
200578A,6248.0,452,TRIAMCINOLONA + NISTATINA +NEOMICINA,,
2470A,6224.0,916,FOSINOPRIL,,
200228A,6218.0,366,FUROSEMIDA + TRIAMTERENO,,
3773A,6204.0,1361,METILFENIDATO,,
226A,6191.0,854,ACETAZOLAMIDA,,
501309LR,6190.0,1416,ALERGENOS STALLERGENES,,
200608A,6140.0,464,SALMETEROL + FLUTICASONA (50/100),,
360A,6066.0,1344,METOPROLOL,,
8312A,5988.0,1588,ESLICARBAZEPINA,,
201305A,5984.0,748,TAMSULOSINA + SOLIFENACINA,,
7089A,5936.0,2098,FILGRASTIMA,,
7354A,5897.0,1523,CICLESONIDA,,
2587A,5884.0,946,LACIDIPINO,,
8461A,5852.0,1605,TICAGRELOR,,
200926A,5846.0,598,RAMIPRIL + HIDROCLOROTIAZIDA,,
8350A,5822.0,1594,DRONEDARONA,,
200617A,5822.0,471,INSULINA LISPRO INTERMADIA 50:50,,
125BI,5806.0,144,SODIO BICARBONATO,,
300768A,5803.0,1244,APOSITO DE ESPUMA POLIURETANO CON HIDROCOLOIDE E HIDROFIBRA,,
3172A,5777.0,1301,TRIMEBUTINA,,
501279LR,5772.0,1802,ALERGENOS DIATER,,
3655CO,5763.0,1347,POLIESTIRENO SULFONATO CALCICO,,
200289A,5748.0,389,LORATADINA + PSEUDOEFEDRINA,,
2761A,5729.0,999,FEXOFENADINA,,
1117A,5724.0,98,RIMEXOLONA,,
2818A,5697.0,1024,ZIPRASIDONA,,
300345A,5613.0,1138,MUÑEQUERA METACARPIANA,,
228A,5590.0,858,ACETICO ACIDO *,,
201188A,5588.0,692,ALCOHOL BORICADO,,
300797A,5533.0,1264,APOSITO DE HIDROGEL,,
100406A,5482.0,1845,ALERGENOS INMUNOTEK,,
100165A,5454.0,4,EXTRACTOS,,
1141A,5449.0,109,EXEMESTANO,,
300012A,5397.0,1075,APOSITOS B OSTOM ARO RES SINT,,
201340A,5369.0,772,ATORVASTATINA + EZETIMIBA,,
200748A,5333.0,518,CALCIO CARBONATO + CALCIO GLUCOHEPTONATO + COLECALCIFEROL,,
63A,5296.0,1465,CITRICO ACIDO*,,
8617A,5215.0,1620,INGENOL MEBUTATO,,
8303A,5213.0,1585,PRASUGREL,,
678A,5204.0,1475,CLOTIAPINA,,
2092A,5190.0,798,PARAFINA LIQUIDA*,,
174JC,5183.0,254,INSULINA BIFASICA,,
200850A,5138.0,560,RETINOL + GENTAMICINA + METIONINA,,
300804A,5136.0,1269,APOSITO MALLA CON SILICONA,,
2204A,5129.0,837,PRIMIDONA,,
201064A,5120.0,633,OXAZEPAM + METOCLOPRAMIDA + DIMETICONA+BIODIASTASA,,
201173A,5109.0,684,TELMISARTAN + AMLODIPINO,,
137A,5099.0,172,PIKETOPROFENO,,
7007A,5079.0,1486,APRACLONIDINA,,
200462A,5070.0,431,TRANDOLAPRIL + VERAPAMILO,,
55A,5070.0,1438,FENOBARBITAL,,
2906A,5067.0,2006,ADALIMUMAB,,
2896A,5051.0,1045,VARDENAFILO,,
200633A,4958.0,477,BETAMETASONA + FUSIDICO ACIDO,,
8001A,4952.0,1551,AGUA MARINA,,
2190A,4951.0,834,POVIDONA,,
183EO,4939.0,272,LACTATO HIERRO,,
599A,4902.0,1449,CINARIZINA,,
2460A,4893.0,914,ZUCLOPENTIXOL,,
7322A,4846.0,1520,EBERCONAZOL,,
471A,4829.0,1402,BENCIDAMINA,,
2752A,4824.0,993,TINZAPARINA,,
588A,4803.0,1446,CARBIMIDA,,
2279A,4799.0,857,NEDOCROMILO,,
201013A,4770.0,626,INSULINA ASPARTA + INSULINA ASPARTA PROTAMINA,,
300771A,4756.0,1246,APOSITO DE ESPUMA POLIURETANO CON PLATA,,
3027A,4743.0,1283,CLOTIAZEPAM,,
37A,4711.0,1362,ISOTRETINOINA,,
300215A,4681.0,1117,COMPLETAS POLIMERICAS HIPERPROTEICA NORMOCALORICAS,,
106A,4619.0,83,BENCILPENICILINA,,
2188A,4618.0,833,MIDECAMICINA,,
201290A,4591.0,742,ATORVASTATINA + ACIDO ACETILSALICILICO + RAMIPRIL,,
2100A,4583.0,803,FAMOTIDINA,,
200265A,4575.0,378,INSULINA HUMANA ACCION INTERMEDIA,,
1374A,4543.0,169,DIOSMINA,,
910A,4535.0,1653,PINAVERIO,,
1036A,4451.0,75,TROSPIO,,
200169A,4413.0,351,DOXILAMINA + PIRIDOXINA,,
7281A,4400.0,1513,MIZOLASTINA,,
3761A,4395.0,1360,PIPEMIDICO ACIDO,,
200735A,4366.0,512,SALICILICO ACIDO + MOMETASONA,,
300816A,4349.0,1966,APOSITO ESPUMA POLIURETANO CON PLATA CON SILICONA,,
912A,4345.0,1654,PROPAFENONA,,
22A,4300.0,864,MAGNESIO,,
1301A,4298.0,159,ESTRIOL,,
300791A,4294.0,1260,APOSITO DE HIDROCOLOIDE TRANSPARENTE,,
1051A,4254.0,79,PERINDOPRIL,,
200528A,4252.0,443,CIPROFLOXACINO + HIDROCORTISONA,,
1150A,4229.0,1721,ETANERCEPT,,
300343A,4213.0,1136,MUÑEQUERA,,
200226A,4211.0,365,FOSINOPRIL + HIDROCLOROTIAZIDA,,
300848A,4197.0,1275,COMPLETA POLIMERICA NORMOPROTEICA NORMOCALORICA CON FIBRA,,
2155A,4189.0,823,PIRIDOSTIGMINA,,
200668A,4168.0,490,ZINC + PREDNISOLONA + CINCOCAINA + RUSCOGENINA,,
7272A,4160.0,1510,REBOXETINA,,
2859A,4153.0,1034,FROVATRIPTAN,,
2077A,4149.0,796,OXIMETAZOLINA,,
2273A,4106.0,855,RIFAMPICINA,,
201276A,4099.0,734,ACIDO SALICILICO + FLUOROURACILO,,
215A,4097.0,826,SIMETICONA,,
1565A,4073.0,210,FLUFENAZINA,,
200615A,4055.0,469,INSULINA LISPRO ACCION INTERMEDIA,,
1553A,4051.0,204,FITOMENADIONA,,
200305A,4028.0,395,METOCLOPRAMIDA + DIMETICONA,,
200604A,4022.0,461,SALMETEROL +  FLUTICASONA (25/50),,
200577A,3985.0,451,HIDROCORTISONA + MICONAZOL,,
2879A,3983.0,1039,LEVOFOLINATO DE CALCIO,,
300802A,3967.0,1267,APOSITO MALLA CON HIDROCOLOIDE Y VASELINA,,
2574A,3964.0,941,POLIVINILICO ALCOHOL,,
200372A,3945.0,417,POTASIO ASCORBATO-ASPARTATO,,
200677A,3942.0,495,PENTOSANO + TIMOL,,
8453A,3938.0,1603,ASENAPINA,,
9048A,3937.0,1648,EMPAGLIFLOZINA,,
200632A,3936.0,476,LAURILSULFATOSODICO + CITRATO TRISODICO,,
300184A,3895.0,1102,BOLSAS UROST SIST DOBLE PLAC C-ESP,,
300760A,3885.0,1238,APOSITO DE CARBON CON PLATA,,
3255A,3856.0,1317,TETRACAINA,,
1943A,3854.0,296,METILDOPA,,
200861A,3840.0,567,PREPARADOS NASALES CORTICOIDES,,
1820A,3824.0,269,PILOCARPINA,,
8348A,3814.0,1593,ULIPRISTAL,,
8707A,3750.0,1632,AVANAFILO,,
201184A,3734.0,691,"LOSARTAN + HIDROCLOROTIAZIDA 100/12,5",,
200742A,3724.0,2008,TENOFOVIR + EMTRICITABINA,,
1178A,3719.0,123,ETONOGESTREL,,
2824A,3706.0,1026,TE VERDE,,
3842A,3690.0,1366,BENTAZEPAM,,
2731A,3680.0,985,POLIETILENGLICOL 4000*,,
200320A,3667.0,399,NEOMICINA + BACITRACINA + POLIMIXINA B,,
2150A,3644.0,820,PIRACETAM,,
696A,3643.0,1480,CLEBOPRIDA,,
200391A,3622.0,423,QUINAPRIL + HIDROCLOROTIAZIDA,,
200579A,3607.0,453,CLORANFENICOL + DEXAMETASONA,,
201072A,3573.0,635,ALISKIREN + HIDROCLOROTIAZIDA,,
200862A,3571.0,568,BROMHEXINA + DIFENHIDRAMINA + CODEINA + EFEDRINA,,
200271A,3566.0,381,ISONIAZIDA + PIRIDOXINA,,
2452A,3561.0,910,PODOFILOTOXINA,,
782A,3557.0,1550,MINOXIDIL,,
5093A,3547.0,1975,RITONAVIR,,
201319A,3509.0,757,METFORMINA + DAPAGLIFLOZINA,,
300713A,3503.0,1218,COMPLEMENTO ALIMENTICIO PERSONAS DE EDAD,,
656A,3492.0,1470,CLORHEXIDINA,,
200306A,3470.0,396,METOPROLOL +  FELODIPINO,,
201098A,3456.0,643,TRIAMCINOLONA + PENTOSANOPOLISULFURICO + LIDOCAINA,,
300817A,3427.0,1706,APOSITO DE ESPUMA POLIURETANO CON PLATA FIBRAS SILICONA Y BORDE,,
200337A,3382.0,404,NORETISTERONA  + ESTRADIOL (DOSIS FIJAS),,
2945A,3381.0,1056,LANTANO,,
201246A,3381.0,713,GINKGO BILOBA + MAGNESIO + MELATONINA,,
2324A,3369.0,1908,RIBAVIRINA,,
300171A,3368.0,1099,BOLSAS SISTEMA DOBLE PLACA C-ESP,,
8653A,3334.0,1624,NALMEFENO,,
1661A,3303.0,236,GLIPIZIDA,,
1889A,3303.0,283,MEFENAMICO ACIDO,,
837A,3260.0,1598,CLOBETASONA,,
136A,3260.0,168,SALICILICO ACIDO,,
100277A,3249.0,23,ENJUAGUE BUCAL,,
300208A,3244.0,1112,COLECTOR ORINA AUTOADHESIVO,,
200557A,3216.0,447,TIAMINA + CIANOCOBALAMINA + PIRIDOXINA,,
323A,3214.0,1313,CLORFENAMINA,,
300383A,3205.0,1159,VENDA ELASTICA,,
200324A,3193.0,400,NEOMICINA + CENTELLA ASIATICA EXTO,,
201318A,3187.0,1899,LEDIPASVIR + SOFOSBUVIR,,
100399A,3170.0,2024,BACTERIAS DIATER,,
2724A,3132.0,982,HIDROMORFONA,,
300658A,3116.0,1199,COMPLETAS POLIMERICAS NORMOPROTEICA HIPERCALORICA CON FIBRA,,
363A,3105.0,1345,SOTALOL,,
201265A,3070.0,727,HIERRO PIROFOSFATO + VITAMINA C + VITAMINA B12,,
200663A,3066.0,487,TERBUTALINA + GUAIFENESINA,,
200370A,3059.0,415,POLIMIXINA B + TRIMETOPRIMA,,
8703A,3028.0,1631,CANAGLIFLOZINA,,
1006A,3026.0,72,AMPICILINA,,
200785A,3024.0,527,ETINILESTRADIOL + NORGESTIMATO,,
77A,2990.0,1549,SUCRALFATO,,
100462A,2932.0,1690,ALERGENOS HAL ALLERGY,,
200744A,2899.0,516,VIBRIO CHOLERAE + TOXINA COLERA RECOMBINANTE,,
200371A,2897.0,416,POLIVITAMINAS SOLAS,,
1706A,2878.0,246,HEPARINA*,,
3346A,2871.0,1329,CALAGUALA,,
1696A,2846.0,244,YEDRA EXTO SECO,,
8593A,2832.0,1615,OLODATEROL,,
2225A,2815.0,847,ROXITROMICINA,,
118A,2810.0,127,ATROPINA,,
300409A,2806.0,1162,ESPARADRAPO,,
2131A,2779.0,812,PIMOZIDA,,
90496A,2778.0,1649,MELATONINA,,
300803A,2778.0,1268,APOSITO MALLA CON PLATA,,
200115A,2764.0,336,CLORTALIDONA + ESPIRONOLACTONA,,
300002A,2751.0,1066,ABSORBENTE INC ORINA SUP-NOC RECT,,
709A,2746.0,1494,DECUALINIO,,
44A,2724.0,1396,CLORANFENICOL,,
1170A,2716.0,117,TRIAZOLAM,,
8627A,2705.0,1623,LINACLOTIDA,,
1224A,2697.0,1903,CAPECITABINA,,
8074A,2690.0,2042,DARUNAVIR,,
100343A,2679.0,44,SPRAY BUCAL,,
8565A,2650.0,1612,NEPAFENACO,,
3746A,2640.0,1359,DESMOPRESINA,,
201119A,2636.0,653,DEXTROMETORFANO + DIFENHIDRAMINA,,
3117A,2622.0,1290,TIETILPERAZINA,,
300161A,2618.0,1098,BOLSAS SISTEMA DOBLE PLACA,,
100389A,2616.0,2091,APOSITO DE ESPUMA POLIURETANO CON SILICONA Y BORDE,,
200906A,2605.0,590,ASOCIACION DE TONICOS,,
1474A,2601.0,193,ETILEFRINA,,
370A,2587.0,1353,AMANTADINA,,
8601A,2567.0,1618,PERAMPANEL,,
200199A,2559.0,359,FENILEFRINA + TETRACAINA,,
300084A,2558.0,1087,BOLSAS ILEOST SISTEMA DOBLE PLACA,,
300613A,2532.0,1192,BOLSAS COLOST SIST DOBLE PLACA ACOPLAMIENTO ADHESIVO,,
300008A,2519.0,1072,ALGODON ARROLLADO PURO,,
200964A,2511.0,616,GUAIFENESINA + DIPROFILINA + BETAMETASONA,,
2667A,2500.0,968,NADROPARINA,,
3737A,2474.0,1358,BEZAFIBRATO,,
300829A,2473.0,1902,APOSITO ALGINATO CON PLATA,,
947A,2471.0,1661,ESCINA,,
348A,2471.0,1338,CARBENOXOLONA,,
300080A,2442.0,1086,BOLSAS ILEOST SIST DOBLE PLAC C-ESP,,
300833A,2436.0,1273,COMPLEMENTO ALIMENTICIO EMBARAZO Y LACTANCIA,,
1098A,2436.0,93,METILDIGOXINA,,
300696A,2417.0,1210,FORMULAS COMPLETAS POLIMERICAS HIPERPROTEICAS NORMOCALORICAS CON FIBRA,,
300353A,2413.0,1144,PARCHES OCULARES GRANDES,,
192A,2408.0,291,CEFALEXINA,,
1583A,2371.0,214,GONADOTROFINA CORIONICA (HCG),,
1781A,2363.0,260,IODO,,
3263A,2357.0,1319,XIPAMIDA,,
300854A,2336.0,1879,CONTENEDOR RESIDUOS CITOSTÁTICOS,,
200356A,2335.0,413,PARACETAMOL + CODEINA + CAFEINA,,
519A,2334.0,1426,FLUOCORTINA,,
300206A,2329.0,1111,CODERA,,
300205A,2294.0,1110,CINTURON OSTOMIA,,
201120A,2278.0,654,CLOTRIMAZOL + BETAMETASONA,,
300820A,2268.0,1794,APOSITO DE CADEXOMERO IODADO,,
100263A,2267.0,14,GEL PROTECTOR BUCAL,,
200763A,2265.0,1788,BACTERIAS UROMUNE,,
3503A,2250.0,1341,PIDOLATO,,
201234A,2250.0,2106,ACIDO LINOLEICO+ALOE VERA+CENTELLA ASIATICA+GINKO BILOBA,,
300014A,2247.0,1077,APOSITOS B OSTOM ARO RES SINT MIC,,
602A,2242.0,1452,CIPROTERONA,,
3174A,2234.0,1302,TRIMIPRAMINA,,
200887A,2230.0,583,DEXTROMETORFANO + PSEUDOEFEDRINA + TRIPROLIDINA,,
200156A,2228.0,347,DIHIDROERGOCRISTINA + PIRACETAM,,
20A,2215.0,802,CLORDIAZEPOXIDO,,
200278A,2214.0,386,LEVONORGESTREL +  ESTRADIOL,,
2458A,2209.0,913,NALTREXONA,,
300756A,2202.0,1235,APOSITO DE ALGINATO,,
3171A,2199.0,1300,TRIHEXIFENIDILO,,
1377A,2193.0,170,DIPIRIDAMOL,,
200799A,2174.0,539,DEXTROMETORFAN + CLORFENAMINA + PARACETAMOL,,
2736A,2171.0,988,TACALCITOL,,
9924A,2150.0,1671,EPINASTINA,,
2185A,2141.0,831,SILIMARINA,,
300380A,2141.0,1158,BOLSAS UROST SIST DOBLE PLACA,,
200958A,2134.0,615,ASCORBICO ACIDO + BIOTINA + CIANOCOBALAMINA + NICOTINAMIDA + PANTOTETANO CALCICO + PIRIDOXINA + RIBOFLAVINA + TIAMINA,,
200971A,2120.0,621,ACETATO CALCICO + CARBONATO MAGNESICO,,
2267A,2105.0,853,DALTEPARINA,,
8594A,2105.0,1841,SOFOSBUVIR,,
300811A,2103.0,1819,OXIDO DE ZINC,,
1171AD,2096.0,119,TRIAMCINOLONA ACETONIDO,,
2907A,2090.0,1907,CINACALCET,,
300065A,2083.0,1085,BOLSAS ILEOST RESINA SINTETICA MICROPORO FILTRO,,
3170A,2078.0,1299,TROLAMINA,,
900A,2047.0,1646,LABETALOL,,
200734A,2042.0,2018,ABACAVIR + LAMIVUDINA,,
2055A,2017.0,794,FELODIPINO,,
2119A,2017.0,808,GOSERELINA,,
200877A,2008.0,578,ACIDO SALICILICO + ACIDO LACTICO,,
100413A,1997.0,57,GOTAS LUBRICANTES,,
1912A,1991.0,288,MEQUITAZINA,,
252A,1982.0,929,ACEXAMICO ACIDO,,
501312LR,1966.0,1990,ALERGENOS ALLERGOPHARMA,,
100262A,1956.0,13,GEL LUBRICANTE HIDROSOLUBLE,,
300788A,1938.0,1258,APOSITO DE HIDROCOLOIDE EXTRAFINO,,
7160A,1908.0,1499,MIGLITOL,,
2401A,1895.0,896,BETAXOLOL,,
2498HW,1892.0,923,EPOETINA ALFA,,
300484A,1884.0,1176,SONDA VESICAL BAJA FRICCION NELATÓN MUJER,,
200150A,1882.0,344,DICLOFENACO + TOBRAMICINA,,
201200A,1877.0,696,SULFATO DE COBRE SOLUCION,,
300761A,1870.0,1239,APOSITO DE COLAGENO,,
825A,1869.0,1574,CEFADROXILO,,
201343A,1844.0,774,BRINZOLAMIDA + BRIMONIDINA,,
200400A,1839.0,424,RIFAMPICINA + ISONIAZIDA,,
87A,1829.0,1636,BISACODILO,,
157A,1814.0,213,CARNITINA,,
100400A,1811.0,1985,VENENO DE HIMENOPTEROS,,
201177A,1799.0,686,SALBUTAMOL + BECLOMETASONA,,
200994A,1785.0,624,PARAFINA LIQUIDA + PICOSULFATO,,
2477A,1782.0,918,BROTIZOLAM,,
8568A,1780.0,1613,LACTOBACILLUS REUTERI,,
201241A,1774.0,1833,EMTRICITABINA + RILPIVIRINA + TENOFOVIR DISOPROXIL FUMARATO,,
2395A,1747.0,893,LEVOBUNOLOL,,
8234A,1746.0,1815,RALTEGRAVIR,,
913A,1745.0,1655,TICLOPIDINA,,
200793A,1735.0,534,BENZOCAINA + TIROTRICINA + CLORHEXIDINA,,
100396A,1735.0,1904,BACTERIAS EUROFAR,,
200791A,1731.0,532,ETINILESTRADIOL + DESOGESTREL,,
2041A,1727.0,790,NORTRIPTILINA,,
2132A,1725.0,813,PINAZEPAM,,
300573A,1724.0,1188,BOLSAS ILEOST SIST DOBLE PLACA ACOPLAM ADH,,
513A,1722.0,1424,BROMHEXINA,,
3121A,1720.0,1291,TINIDAZOL,,
200638A,1711.0,480,DIENOGEST + ESTRADIOL,,
2925A,1697.0,1050,FULVESTRANT,,
2498UI,1683.0,2068,EPOETINA ZETA,,
2604A,1678.0,955,QUAZEPAM,,
2717A,1663.0,979,MODAFINIL,,
300762A,1659.0,1240,APOSITO DE ESPUMA POLIETILENO TRAQUEO,,
1379A,1648.0,171,VALPROMIDA,,
123HH,1642.0,140,POTASIO HIDROXIDO,,
200159A,1638.0,348,DIHIDROERGOTAMINA + PROPIFENAZONA + CAFEINA,,
2167A,1637.0,827,PIZOTIFENO,,
201125A,1631.0,657,DEXCLORFENIRAMINA + ALANTOINA,,
200405A,1619.0,427,SALICILATO DIETILAMINA + MIRTECAINA,,
1562A,1613.0,209,FLUDROCORTISONA,,
2594A,1608.0,950,GRANISETRON,,
200594A,1606.0,456,OXITETRACICLINA + HIDROCORTISONA,,
1794DT,1605.0,263,ISOSORBIDA DINITRATO,,
201114A,1591.0,649,PIOGLITAZONA + GLIMEPIRIDE,,
501296LR,1589.0,1720,ALERGENOS ALLERGY THERAPEUTICS,,
2109A,1584.0,806,OXICONAZOL,,
2048A,1561.0,792,NITRENDIPINO,,
300759A,1560.0,1237,APOSITO DE ALGINATO CON HIDROCOLOIDE,,
1804A,1558.0,266,JOSAMICINA,,
300784A,1555.0,1255,APOSITO DE HIDROCOLOIDE CON BORDE,,
201137A,1552.0,665,ACIDO FUSIDICO + HIDROCORTISONA,,
1999A,1546.0,307,NAFTIDROFURILO,,
1774A,1543.0,258,IMIPRAMINA,,
1115A,1532.0,97,PIROXICAM,,
501310LR,1525.0,2116,ALERGENOS PROBELTE PHARMA,,
300860A,1522.0,1279,CAMARA INHALACION + MASCARILLA ADULTOS,,
1121A,1518.0,101,EMEDASTINA,,
201102A,1476.0,646,DIMETICONA+PANCREATINA,,
200891A,1475.0,584,GUAIFENESINA + PSEUDOEFEDRINA + TRIPROLIDINA,,
300344A,1474.0,1137,MUÑEQUERA FERULA,,
2813A,1471.0,1021,NARATRIPTAN,,
2838A,1464.0,1710,TENOFOVIR,,
200840A,1459.0,555,BENZOCAINA + EFEDRINA,,
201320A,1457.0,758,VILANTEROL + UMECLIDINIO,,
3874A,1452.0,1373,FOSFOGLICOPEPTICAL,,
300806A,1447.0,1271,LAMINA POLIURETANO TRANSPARENTE,,
200776A,1445.0,1782,BACTERIAS INMUNAL,,
1073A,1437.0,2090,FOLITROPINA ALFA,,
2187A,1426.0,832,BISMUTO SUBCITRATO COLOIDAL,,
200474A,1426.0,435,VIRUS GRIPE  FRACCIONADO,,
300790A,1405.0,1259,APOSITO DE HIDROCOLOIDE EXTRAFINO CON VASELINA,,
200472A,1394.0,433,VINCAMINA + PIRACETAM,,
300483A,1389.0,1175,SONDA VESICAL BAJA FRICCION NELATON HOMBRE,,
201367A,1378.0,781,ACLIDINIO + FORMOTEROL,,
100022A,1374.0,2,TETRABENAZINA,,
1212XM,1369.0,131,CAPSICUM OLEORRESINA,,
200081A,1352.0,324,CALCIO FOSFATO + COLECALCIFEROL,,
2031A,1344.0,789,NITROFURAL,,
200155A,1340.0,346,DIHIDROERGOCRISTINA + CINARIZINA,,
200255A,1337.0,375,HIERRO FUMARATO + FOLICO ACIDO,,
2239A,1316.0,849,MAGALDRATO,,
200939A,1312.0,1853,EFAVIRENZ + TENOFOVIR + EMTRICITABINA,,
200949A,1308.0,608,ESENCIA CLAVO + TETRACAINA CLORHIDRATO + CLORURO BENZALCONIO + FENOL + MENTOL,,
8290A,1306.0,2073,USTEKINUMAB,,
314PK,1298.0,1295,GLUCEPTATO POTASICO,,
1279A,1284.0,1807,LINEZOLID,,
1909A,1280.0,287,MEPIVACAINA,,
1394A,1275.0,180,DOXEPINA,,
1560A,1269.0,208,FLUCLORTOLONA,,
193A,1264.0,294,PIRIGLUTINA,,
300821A,1260.0,1750,APOSITO MODULADOR DE METALOPROTEASAS,,
200647A,1252.0,484,BETAMETASONA + CLIOQUINOL + GENTAMICINA + TOLNAFTATO,,
200858A,1247.0,565,PREPARADOS CON SALICILATOS,,
263A,1243.0,959,LAURILSULFATO,,
324A,1237.0,1314,GOMA GUAR,,
300270A,1235.0,1131,GASA ALGODON HIDROFILO NO ESTERIL,,
2122A,1232.0,810,PERICIAZINA,,
8668A,1230.0,1826,SIMEPREVIR,,
200495A,1224.0,439,ECHINACEA + TROSPIO + SABAL,,
1085A,1220.0,90,MOLSIDOMINA,,
2305A,1215.0,1977,INTERFERON BETA HUMANO,,
200056A,1214.0,319,BENCILPENICILINA  ( SODICA - PROCAINA - BENZATINA ),,
3291A,1212.0,1325,LACTOBACILLUS ACIDOPHILUS,,
501A,1202.0,1417,CEFTRIAXONA,,
2916A,1198.0,1047,EVEROLIMUS,,
100330A,1196.0,39,TOALLITA DESMAQUILLANTE OCULAR,,
300179A,1192.0,1101,BOLSAS UROST RES SINT ADH  MIC,,
200596A,1192.0,458,NORTRIPTILINA + DIAZEPAM,,
200339A,1186.0,405,NORETISTERONA + ESTRADIOL (DOSIS SECUENCIALES),,
200797A,1172.0,538,ETONOGESTREL + ETINILESTRADIOL,,
201242A,1163.0,711,ACETATO DE NOMEGESTROL + ESTRADIOL,,
7230A,1160.0,1505,TIANEPTINA,,
3319A,1152.0,1326,BROMOCRIPTINA,,
300201A,1136.0,1106,CALCETIN ELASTICO TERAPEUTICO,,
300007A,1132.0,1071,ALGODON ARROLLADO MEZCLA,,
2923A,1125.0,2121,ATAZANAVIR,,
201205A,1117.0,700,CIPROHEPTADINA CETOGLUTARATO + ARGININA ASPARTATO,,
201223A,1110.0,705,BERBERINA + LEVADURA ROJA + POLICOSANOLES + COENZIMA Q10 + ASTAXANTINA + ACIDO FOLICO,,
2370A,1109.0,888,GANCICLOVIR,,
200972A,1107.0,622,PARACETAMOL + CLORFENAMINA + DEXTROMETORFANO + ACIDO ASCORBICO + CAFEINA,,
300851A,1104.0,1277,COMPLETAS POLIMERICAS HIPERPROTEICA HIPOCALORICAS CON FIBRA,,
300209A,1102.0,1113,COLECTOR ORINA CON APOSITO,,
200876A,1101.0,577,CLORHEXIDINA + BENZOCAINA + ENOXOLONA,,
100331A,1093.0,1784,AGUJA INSULINA,,
8266A,1090.0,1786,ETRAVIRINA,,
300699A,1089.0,1212,MODULOS PROTEINA ENTERA,,
300011A,1089.0,1074,ALGODON ZIG-ZAG PURO,,
200245A,1088.0,372,HIDROCORTISONA +  TIROTRICINA + ISOPROPILBENZATROPINA,,
5061A,1083.0,1420,POLISACARIDOS CAPSULARES PNEUMOCOCO,,
300199A,1079.0,1104,BRAGUERO INGUINAL DERECHO,,
2151A,1078.0,821,PIRANTEL,,
100397A,1068.0,52,TOALLITA HIGIENE OCULAR,,
8087A,1060.0,1560,RETAPAMULINA,,
201308A,1055.0,751,SACCHAROMYCES BOULARDII + L ACTOBACILLUS RHAMNOSUS,,
2737A,1054.0,989,ZAFIRLUKAST,,
201309A,1052.0,1824,OMBITASVIR+PARITAPREVIR+RITONAVIR,,
3186TG,1047.0,1303,URIDINA TRIFOSFATO,,
200005A,1037.0,310,ACETILSALICILICO ACIDO + CODEINA + CAFEINA,,
2159A,1035.0,825,PIRISUDANOL,,
2369A,1027.0,887,SELEGILINA,,
1840A,1027.0,273,LEVONORGESTREL,,
8111A,1026.0,1565,DAPOXETINA,,
100405A,1018.0,2022,ALERGENOS INMUNAL,,
100411A,1009.0,56,LACTOBACILLUS RHAMNOSUS CEPA GG,,
100278A,1005.0,24,SOLUCION HIGIENE INTIMA,,
2014A,1004.0,785,NICERGOLINA,,
201178A,994.0,687,ACIDOS GRASOS + FOSFATIDILSERINA + ACIDO FOLICO + VITAMINA E + VITAMINA B12,,
2120A,994.0,809,PERFENAZINA,,
300783A,993.0,1254,APOSITO DE HIDROCOLOIDE,,
138OX,990.0,176,ZINC OXIDO*,,
2406A,989.0,898,NICOTINA,,
100298A,978.0,32,PROANTOCIANIDADINAS,,
100392A,962.0,1887,BACTERIAS INMUNOTEK,,
1220A,962.0,136,CARDO MARIANO,,
8089A,960.0,1792,LENALIDOMIDA,,
100A,956.0,73,BENAZEPRIL,,
9079A,955.0,2048,DASABUVIR,,
61A,950.0,1458,ASCORBICO ACIDO,,
1107A,949.0,1817,EFAVIRENZ,,
7371A,948.0,2036,LAMIVUDINA,,
8360A,947.0,1896,GOLIMUMAB,,
100267A,939.0,17,CREMA HIDRATANTE CORPORAL,,
300726A,937.0,1227,BOLSAS RECOGIDA ORINA PIERNA MULTICANAL,,
545A,934.0,1431,CALAMINA*,,
2329A,930.0,871,FEPRADINOL,,
7016A,930.0,1489,TRANDOLAPRIL,,
100401A,928.0,1830,BACTERIAS BIAL,,
668A,923.0,1472,CLOROQUINA,,
300835A,909.0,1930,APOSITO POLIACRILATO CON SOLUCION RINGER,,
200520A,908.0,2043,RITONAVIR + LOPINAVIR,,
2946A,894.0,1057,AMINOLEVULINICO ACIDO,,
9996A,880.0,1996,COLISTIMETATO,,
2974A,879.0,1060,ATOMOXETINA,,
200123A,879.0,339,CORNEZUELO CENTENO EXTO + PASSIFLORA + SALIX,,
200841A,857.0,556,LIDOCAINA + CARRAGAHEN  + TITANIO OXIDO,,
335A,855.0,1330,IDOXURIDINA,,
300470A,853.0,1170,TIRAS REACTIVAS ACETONA ORINA,,
2991A,853.0,2107,OMALIZUMAB,,
8278A,851.0,2046,CERTOLIZUMAB PEGOL,,
8654A,850.0,2007,DACLATASVIR,,
201312A,849.0,753,AZELASTINA + FLUTICASONA,,
100395A,843.0,51,BACTERIAS API,,
21FO,835.0,836,CALCIO FOSFATO*,,
8267A,834.0,1575,BROMFENACO,,
1269A,834.0,2066,SIROLIMUS,,
201104A,829.0,648,DIMENHIDRANATO + ALMIDON,,
7283A,829.0,1514,ACAMPROSATO,,
200094A,826.0,331,CILAZAPRIL + HIDROCLOROTIAZIDA,,
200574A,825.0,449,NEOMICINA + BECLOMETASONA,,
201259A,824.0,723,ACIDOS GRASOS OMEGA 3 + VITAMINA E,,
200801A,824.0,540,DEXTROMETORFANO + GUAIFENESINA,,
200654A,823.0,486,CLEMASTINA + DEXAMETASONA,,
300639A,820.0,1198,ESPARADRAPO HIPOALERGICO FLEXIBLE,,
400048EX,813.0,1384,JARABE SIMPLE,,
300635A,813.0,1197,VENDAJE TUBULAR,,
98A,806.0,1670,ACETOHIDROXAMICO ACIDO,,
845A,804.0,1604,COLESTIPOL,,
7298A,800.0,1515,APOMORFINA,,
300779A,790.0,1252,APOSITO DE ESPUMA POLIURETANO EXTRAFINO CON SILICONA,,
272A,776.0,984,FLUOROURACILO,,
200723A,773.0,505,ETAMBUTOL + ISONIAZIDA + PIRAZINAMIDA + RIFAMICINA,,
3276A,773.0,1322,CEFACLOR,,
300520A,769.0,1184,APOSITOS B OSTOM RES SINT MIC ACOPLAM ADH,,
200488A,766.0,437,CIPROTERONA + ESTRADIOL,,
200585A,763.0,455,RUSCOGENINA + TRIMEBUTINA,,
2044A,762.0,791,CEFTIBUTENO,,
601A,762.0,1451,CIPROHEPTADINA,,
1060A,761.0,1776,NEVIRAPINA,,
1074A,757.0,2044,FOLITROPINA BETA,,
2775A,748.0,1004,FIBRA VEGETAL,,
300692A,745.0,1207,FORMULAS COMPLETAS OLIGOMERICAS HIPERPROTEICAS,,
300200A,745.0,1105,BRAGUERO INGUINAL IZQUIERDO,,
300841A,745.0,1742,APOSITO DE HIDROFIBRA DE HIDROCOLOIDE CON SULFADIAZINA ARGENTICA,,
300792A,741.0,1261,APOSITO DE HIDROCOLOIDE Y ALGINATO,,
300698A,739.0,1211,COMPLETAS POLIMERICAS HIPERPROTEICA HIPOCALORICAS,,
300363A,738.0,1152,SONDA VESICAL LATEX,,
1078A,734.0,87,MESNA,,
300772A,734.0,1247,APOSITO DE ESPUMA POLIURETANO CON PLATA HIDROCOLOIDE BORDE,,
120A,730.0,130,CICLOFOSFAMIDA,,
2790A,724.0,1011,TAZAROTENO,,
200058A,719.0,320,BENCILPENICILINA ( SODICA + BENZATINA ) + FENOXIMETILPENICILINA,,
201233A,715.0,707,PREDNISONA + NEOMICINA,,
85A,708.0,1617,BENZOCAINA*,,
1286A,703.0,154,DIMENHIDRINATO,,
279A,702.0,1017,AGUA OXIGENADA *,,
119A,696.0,129,GLUCOSA*,,
90396A,695.0,1647,LACTOBACILLUS PLANTARUM,,
300486A,695.0,1178,SONDA VESICAL BAJA FRICCION TIEMANN,,
8467A,694.0,1891,DOLUTEGRAVIR,,
483A,694.0,1405,BENZBROMARONA,,
200808A,690.0,543,PARACETAMOL + FENILEFRINA + CLORFENAMINA,,
200863A,688.0,569,AMILMETACRESOL + DICLOROBENCILICO ALCOHOL,,
3735CH,682.0,1357,DILTIAZEM CLORHIDRATO,,
201324A,682.0,761,CANAGLIFLOZINA + METFORMINA,,
201352A,678.0,1760,DARUNAVIR + COBICISTAT,,
1065A,674.0,2113,TEMOZOLOMIDA,,
200238A,673.0,369,GONADOTROFINA MENOPAUSIA HUMANA (HMG) (MENOTROPINA),,
300840A,672.0,1678,APOSITO DE ESPUMA CON POLIHEXAMETILENO BIGUANIDA (PHMB),,
8017B,665.0,1552,ANANAS COMOSUS (L.) MERR.,,
201201A,664.0,697,GINKGO BILOBA + MAGNESIO,,
201236A,661.0,709,VASELINA + ACIDO SALICILICO,,
1118A,659.0,1872,CETRORELIX,,
200416A,655.0,428,SOLUCION GLUCOSALINA,,
117A,653.0,125,TETRACICLINA,,
201279A,652.0,736,CLINDAMICINA + BENZOILO PEROXIDO,,
201271A,647.0,1931,ELVITEGRAVIR + COBICISTAT + EMTRICITABINA + TENOFOVIR,,
200866A,636.0,570,CLORHEXIDINA + BENZOCAINA,,
300800A,629.0,1265,APOSITO DE HIDROGEL EN MALLA,,
200516A,620.0,442,VIOLETA DE GENCIANA EN ASOCIACION,,
8353A,618.0,1775,ELTROMBOPAG,,
200024A,616.0,313,ALTIZIDA + ESPIRONOLACTONA,,
300766A,611.0,1243,APOSITO DE ESPUMA POLIURETANO CON GEL,,
200745A,611.0,517,SOLUCION ELECTROLITICA ISOTÓNICA,,
7057A,607.0,1492,CILAZAPRIL,,
501179LR,603.0,1948,ALERGENOS EUROFAR ALERGI,,
201097A,599.0,642,TRIMETOPRIM + SULFAMETOXAZOL + BROMHEXINA + EXTO BALSAMO TOLU,,
2861A,599.0,2047,VALGANCICLOVIR,,
2006A,598.0,499,NOSCAPINA,,
928A,595.0,1658,FLUOCINONIDA,,
1720A,594.0,248,HIDRALAZINA,,
1077A,587.0,86,ORLISTAT,,
778A,582.0,1548,DIHIDROERGOCRISTINA,,
200733A,580.0,511,FLUOCINOLONA + FRAMICETINA + LIDOCAINA,,
200817A,576.0,545,LACTOBACILLUS BIPHIDUS + LACTOBACILLUS ACIDOPHILUS,,
2949A,570.0,1882,ANAGRELIDA,,
2785A,563.0,1008,ENTACAPONA,,
200796A,563.0,537,NORELGESTROMINA + ETINILESTRADIOL,,
405A,563.0,1386,MERCAPTOPURINA,,
3655A,556.0,1346,POLIESTIRENO SULFONATO,,
2498HY,551.0,2115,EPOETINA BETA,,
8537A,550.0,1791,RILPIVIRINA,,
930A,550.0,1659,FLUOCORTOLONA,,
2882A,549.0,1850,BOSENTAN,,
9999A,546.0,1673,AGUA PARA INYECCION,,
2828A,546.0,2027,GLATIRAMERO ACETATO,,
300838A,545.0,2094,APOSITO DE COLAGENO CON CELULOSA OXIDADA REGENERADA Y PLATA,,
200892A,542.0,585,HIDROCORTISONA SUCCINATO + RIBOFLAVINA+ PIRIDOXINA + ASCORBATO SODICO,,
2883A,539.0,1866,PEGINTERFERON ALFA-2 A,,
201202A,539.0,698,CORTISONA ACETATO + CLORANFENICOL + ETACRIDINA LACTATO + OXIDO DE ZINC,,
2350A,537.0,880,ESPAGLUMICO ACIDO,,
300522A,532.0,1185,BOLSAS COLOST SIST DOBLE ACOPLAMIENTO ADHESIVO,,
200932A,531.0,601,DEXAMETASONA + NEOMICINA + POLIMIXINA B*,,
8269A,530.0,1576,VACCINIUM MACROCARPUM (ARANDANO ROJO),,
201224A,529.0,706,PROTEINAS SUERO LECHE + METIONINA + VITAMINA E,,
775A,529.0,1547,DIHIDROCODEINA,,
2145A,529.0,819,MISOPROSTOL,,
803A,529.0,1555,BENZOILO PEROXIDO,,
1906A,526.0,285,PETIDINA,,
300364A,526.0,1153,SONDA VESICAL NELATON,,
300006A,526.0,1070,ACCES SIST IRRIG COLOST,,
618PR,521.0,1457,CLOBETASOL PROPIONATO,,
3404SO,521.0,1334,HIALURONATO SODICO,,
1464A,518.0,192,ETAMBUTOL,,
300659A,516.0,1200,FILTRO LARINGECTOMIA,,
300095A,516.0,1088,BOLSAS KARAYA ADHESIVO MICROPORO Y FILTRO,,
1651A,515.0,230,GLICEROL,,
201193A,511.0,694,SULFAMETIZOL + FENAZOPIRIDINA,,
3341A,507.0,1328,SUERO FISIOLOGICO*,,
549A,506.0,1434,CALCITONINA,,
200583A,505.0,454,BETAMETASONA + DEXCLORFEMIRAMINA,,
201093A,504.0,639,AMINOACRIDINA+HEMISUCCIONATO DE HIDROCORTISONA+ALANTOÍNA+LIDOCAÍNA CLORHIDRATO,,
200705A,504.0,503,FELODIPINO + RAMIPRIL,,
3888A,501.0,1376,ALFACALCIDOL,,
2866A,497.0,1038,FONDAPARINUX,,
200816A,493.0,544,RESORCINOL + DEXAMETASONA + TETRAINA CLORHIDRATO,,
100297A,492.0,31,GEL HIDRATANTE VAGINAL,,
8687A,491.0,1627,TREHALOSA,,
200948A,488.0,607,CALENDULA EXTO + AGUA HAMAMELIS + ACIDO BORICO + TETRABORATO DE SODIO,,
2097A,487.0,800,NISOLDIPINO,,
300424A,483.0,1166,VENDA GASA HIDROFILA,,
201154A,482.0,671,UREA + ADEPS LANAE + ACETONIDO TRIAMCINOLONA,,
100391A,480.0,50,BACTERIAS PROBELTE PHARMA,,
300813A,479.0,1870,SISTEMA FIJACION VIAS PERIFERICAS,,
200934A,477.0,602,ACIDO SALICILICO + ANTRAQUINONA GLUCOSIDOS,,
7431A,476.0,1541,TELITROMICINA,,
3037A,475.0,1285,SOBREROL,,
1848A,475.0,275,LINCOMICINA,,
300360A,471.0,1149,SIST IRRIG COLOST,,
145A,468.0,191,PANTENOL,,
100377A,467.0,49,ISOFLAVONAS,,
201341A,466.0,1759,DOLUTEGRAVIR + ABACAVIR + LAMIVUDINA,,
201012A,465.0,625,RETINOL+COLECALCIFEROL+OXIDO DE ZINC,,
200820A,463.0,546,OPIO EXTO + BELLADONA EXTO,,
429A,460.0,1391,FLUTAMIDA,,
480A,459.0,1404,BENZALCONIO*,,
300015A,456.0,1078,APOSITOS B OSTOM ARO RES SINT MIC C-ESP,,
300738A,452.0,2110,JERINGA INSULINA CON AGUJA,,
2889A,449.0,2095,PEGFILGRASTIM,,
8102A,448.0,2097,MARAVIROC,,
1917A,445.0,289,MESTEROLONA,,
2885A,444.0,1041,OSELTAMIVIR,,
3865A,441.0,1371,DANAZOL,,
1181A,440.0,1936,GANIRELIX (D.O.E),,
1790A,440.0,261,ISONIXINO,,
300527A,435.0,1187,APOSITOS B OSTOM RES SINT ACOPLAM ADH,,
2348A,435.0,878,INTERFERON ALFA,,
100254A,434.0,10,FAJA,,
100251A,433.0,9,ARANDANO (VACCINIUM MYRTILLUS),,
2833A,433.0,2112,IMATINIB,,
745SO,426.0,1544,DICLOFENACO SODICO,,
1391A,426.0,179,FLURBIPROFENO,,
300214A,421.0,1116,FORMULAS COMPLETAS OLIGOMERICAS NORMOPROTEICAS,,
200597A,421.0,459,CLOSTRIDIOPEPTIDASA + NEOMICINA,,
300358A,421.0,1148,SIST COLOST CONTINENTE AADH,,
1556A,419.0,205,FLAVOXATO,,
200248A,418.0,373,HIDROCORTISONA + NEOMICINA,,
525A,415.0,1429,BUMETANIDA,,
201061A,412.0,2145,MELITRACENO + FLUPENTIXOL,,
201244A,412.0,712,ACEITE DE ALGAS+ZEXANTINA+LUTEINA+DHA+TOCOFEROL+ACIDO ASCÓRBICO,,
201395A,410.0,783,ERGOTAMINA + CAFEINA,,
200848A,408.0,558,MENTOL + ALCANFOR,,
300420A,406.0,1165,VENDA DE GASA HIDROFILA CAMBRIC,,
100428A,393.0,64,LOCION EMOLIENTE,,
2498OV,391.0,2070,METOXI-POLIETILENGLICOL-EPOETINA BETA,,
2277A,390.0,856,ALBENDAZOL,,
7268A,389.0,1509,ANTIGENO HEPATITIS A,,
2878A,388.0,2045,VORICONAZOL,,
300830A,384.0,1876,APOSITO HIDROFIBRA CON SILICONA,,
2769A,384.0,1002,EOSINA*,,
632A,382.0,1460,CLOMIFENO,,
8052A,381.0,2072,DEFERASIROX,,
3198A,376.0,1308,VASELINA*,,
200595A,376.0,457,CLOROCARVACROL + MENTOL + ICTAMOL,,
300354A,376.0,1145,PARCHES OCULARES PEQUEÑOS,,
1624A,375.0,223,INMUNOGLOBULINA HUMANA NORMAL,,
200804A,374.0,542,SALICILATO + ALCANFOR + MENTOL,,
201286A,373.0,741,ACIDO ALGINICO+BICARNONATO SODICO+BICARBONATO CALCIO,,
8043A,372.0,1756,ENTECAVIR,,
856A,368.0,1614,DIFLUCORTOLONA,,
3197A,366.0,1307,VANCOMICINA,,
261A,361.0,1719,FUMARICO ACIDO,,
7377A,360.0,1865,RILUZOL,,
300210A,359.0,1114,COLECTOR ORINA CON TIRA,,
1713A,357.0,247,HEXETIDINA,,
300660A,357.0,1201,APOSITO ADHESIVO FILTRO LARINGECTOMIA,,
201315A,354.0,756,PARACETAMOL + ACETILCISTEINA,,
131A,354.0,160,BORICO ACIDO*,,
636A,353.0,1463,CLONIDINA,,
8088A,351.0,2005,ABATACEPT,,
2495A,350.0,921,OCTREOTIDA,,
300755A,346.0,1702,APOSITO CON CARBON,,
144A,345.0,189,POLIVITAMINAS SOLAS (DEXPANTENOL),,
200299A,344.0,393,MEDROXIPROGESTERONA + TETRIZOLINA,,
161SU,344.0,222,SELENIO SULFATO,,
8347A,342.0,2016,FINGOLIMOD,,
201140A,337.0,1682,SIMETICONA+PROTEASA+LIPASA+CELULASA+AMILASA,,
200084A,335.0,325,CALCIO LACTATO  +  COLECALCIFEROL,,
300367A,327.0,1156,SUSPENSORIO,,
300467A,326.0,1168,VENDA DE MALLA HIDROFILA,,
1704A,324.0,245,CELIPROLOL,,
201023A,323.0,627,ACIDO ASCORBICO + SODIO PERBORATO,,
200874A,322.0,575,ACETILSALICILICO + CLORFENAMINA + FENILEFRINA,,
200790A,322.0,531,GESTODENO + ETINILESTRADIOL,,
200401A,320.0,425,RIFAMPICINA + ISONIAZIDA  + PIRAZINAMIDA,,
8289A,316.0,1868,TOCILIZUMAB,,
1396A,315.0,182,DOXILAMINA,,
100265A,313.0,15,CREMA HIDRATANTE FACIAL,,
300727A,311.0,1228,BOLSAS UROST RES SINT ADH MIC CONVEXA,,
300346A,308.0,1139,MODULOS AMINOACIDOS,,
847A,308.0,1608,CROMOCARBO,,
8722A,306.0,1634,ALBIGLUTIDA,,
201170A,304.0,681,ARANDANO ROJO + VITAMINA C,,
890PR,302.0,1643,TESTOSTERONA PROPIONATO,,
200389A,302.0,422,PYGEUM AFRICANUM + BENCIDAMINA,,
1043A,302.0,77,BALSAMO PERU,,
200895A,301.0,586,PIRIDOXINA + TOCOFEROL + RETINOL,,
1660A,301.0,235,GLISENTIDA,,
200113A,300.0,335,CLORFENAMINA + DIFENHIDRAMINA + FENILEFRINA,,
855A,299.0,1611,DIFLORASONA,,
2688A,298.0,1888,LANREOTIDA,,
164A,296.0,229,NANDROLONA,,
9066A,295.0,1650,UMECLIDINIO,,
1442A,295.0,188,ESTANOZOLOL,,
200273A,294.0,382,ISONIXINO + SALICILATO METILO,,
201253A,291.0,719,POVIDONA + GLICERINA,,
200789A,289.0,530,CLORMADINONA + ETINILESTRADIOL,,
372A,287.0,1355,AMIKACINA,,
155A,287.0,206,TRETINOINA,,
138SU,284.0,177,ZINC SULFATO,,
201171A,279.0,682,ISOFLAVONAS DE SOJA + ACLCIO + VIT D + VIT B,,
201172A,277.0,683,INOSITOL + ACIDO FOLICO,,
1253A,276.0,143,NATEGLINIDA,,
300834A,275.0,1735,APOSITO DE ALGINATO CON CARBOXIMETILCELULOSA,,
21A,274.0,1855,CALCIO,,
100490A,274.0,70,ABOSRBENTE INC ORINA SUPER NOCHE PANTS,,
201250A,271.0,716,LUTEINA + ZEAXANTINA + VITAMINAS + MINERALES,,
300819A,269.0,1949,LOCION LIMPIADORA ANTIMICROBIANA,,
300812A,268.0,1730,APOSITO DE COLAGENO CON CELULOSA OXIDADA REGENERADA,,
200563A,266.0,1906,PERFENAZINA + AMITRIPTILINA,,
471CH,265.0,1403,BENCIDAMINA CLORHIDRATO,,
2591A,265.0,948,MOCLOBEMIDA,,
1110A,264.0,1960,INFLIXIMAB,,
698DN,264.0,1482,CROMOGLICATO DISODICO,,
2668A,262.0,969,ANTIGENO VI POLISACARIDO CAPSULAR SALMONELLA TYPHI,,
300757A,261.0,1236,APOSITO DE ALGINATO CON  Zn+Mn+Ca,,
8154A,260.0,1805,FAMPRIDINA,,
125ÑD,255.0,149,SODIO FOSFATO MONOBASICO DIHIDRO,,
200871A,255.0,573,ACIDO SALICILICO + ACIDO ACETICO,,
49A,254.0,1413,PROMETAZINA,,
200232A,249.0,368,GELATINA,,
300852A,249.0,1790,ABSORBENTE INC ORINA NOCHE ANAT,,
1214A,247.0,132,UREA,,
8256A,247.0,1572,COLESEVELAM,,
2255SU,246.0,850,QUININA SULFATO,,
1996A,245.0,306,NAFAZOLINA,,
200875A,245.0,576,PARACETAMOL + CAFEINA + BROMFENIRAMINA,,
201220A,243.0,704,CASCARA SAGRADA + FRANGULA  EXTO SECO,,
8349A,242.0,1851,ABIRATERONA,,
201089A,241.0,637,BALSAMO PERU + ACEITE RICINO,,
300487A,239.0,1179,SONDA VESICAL BAJA FRICCION NELATON ADOLESCENTE,,
1132A,238.0,105,PRAZOSINA,,
22HH,238.0,865,MAGNESIO HIDROXIDO,,
200967A,236.0,618,MEDROXIPROGESTERONA + TETRIZOLINA + CLORANFENICOL,,
200043A,236.0,316,ATENOLOL + BENDROFLUMETIAZIDA,,
3021A,234.0,1282,SENOSIDOS A-B,,
100273A,233.0,20,CHAMPU,,
300013A,233.0,1076,APOSITOS B OSTOM ARO RES SINT C-ESP,,
201127A,232.0,659,ADAPALENO + PEROXIDO DE BENZOILO,,
200826A,232.0,549,MAGNESIO DIHIDROXIDO + SIMETICONA,,
2024A,230.0,787,HIDROQUINONA,,
201157A,227.0,673,UREA + ACETONIDO TRIAMCINOLONA,,
201335A,225.0,770,MELATONINA + B6 + ZINC + L-TRIPTOFANO,,
300685A,224.0,1203,FORMULA EXENTA DE LIPIDOS,,
200478A,224.0,1729,ZIDOVUDINA + LAMIVUDINA,,
280A,223.0,1020,TEGAFUR,,
300342A,223.0,1135,MUSLERA,,
201237A,222.0,710,ISOFLAVONAS + CALCIO + VITAMINA D,,
201175A,221.0,1818,DRONABINOL + CANNABIDIOL,,
3192A,219.0,1305,VALERIANA,,
200908A,218.0,591,DEXTROMETORFAN + DOXILAMINA + PARACETAMOL + EFEDRINA,,
200298A,218.0,392,MEDROXIPROGESTERONA + ESTRADIOL,,
8399A,216.0,1600,LISDEXANFETAMINA,,
201158A,215.0,674,UREA + BETAMETASONA DIPROPIONATO,,
189A,214.0,284,CEFTAZIDIMA,,
201262A,212.0,725,COLECALCIFEROL + CALCIO + MAGNESIO + LACTOBACILLUS SPOROGENES + EXTRACTO DE SOJA + EXTRACTO DE MAGNOLIA,,
403A,212.0,1385,MELFALAN,,
2018A,211.0,1743,UROFOLITROPINA,,
200215A,211.0,361,FLUOCINOLONA + ANTIBIOTICOS,,
200536A,211.0,445,EMULSION LIPIDICA,,
2583A,209.0,1726,VINORELBINA,,
201278A,207.0,735,UREA + ADEPS LANAE + ACETONIDO TRIAMCINOLONA + ACIDO SALICILICO,,
100300A,203.0,34,LOCION HIDRATANTE,,
300198A,203.0,1103,BRAGUERO INGUINAL BILATERAL,,
100261A,203.0,12,GEL BAÑO PH NEUTRO,,
200317A,203.0,398,NEOMICINA +  HIDROCORTISONA,,
100286A,202.0,27,COMPLEMENTO ALIMENTICIO PIEL Y FANERAS,,
200538A,202.0,446,FENAZONA + RUTOXIDO + ADRENALINA + NAFAZOLINA,,
300410A,201.0,1163,GASA ESTERIL ALGODON HIDROFILO TIRA,,
300525A,200.0,1186,BOLSAS ILEOST SIST DOBLE ACOPLAM ADH,,
200854A,199.0,563,SALICILATO METILO + ALCANFOR + MENTOL + ESENCIA TREMENTINA,,
2127A,198.0,811,PICOSULFATO SODICO,,
300010A,197.0,1073,ALGODON ZIG-ZAG MEZCLA,,
200822A,195.0,548,SIMETICONA + LOPERAMIDA,,
300473A,194.0,1173,TIRAS REACTIVAS GLUC Y ACT.ORINA,,
200326A,194.0,401,NEOMICINA + ESTREPTOMICINA  +  FORMILSULFATIAZOL,,
201160A,192.0,676,FITINA + VITAMINA A + ZINC,,
300745A,191.0,1232,EMPAPADOR DE CELULOSA,,
200509A,190.0,1909,RUSCOGENINA EN ASOCIACION,,
7429A,188.0,1539,DIENOGEST(D.C.I.- R),,
200787A,188.0,529,TETRACAINA + NAFAZOLINA,,
1360A,188.0,167,PENICILAMINA,,
1850A,186.0,277,LINESTRENOL,,
491VA,185.0,1410,BETAMETASONA 17-VALERATO,,
200865A,185.0,1992,DEXTROMETORFANO + PSEUDOEFEDRINA,,
1944A,183.0,297,METILERGOMETRINA,,
8045A,183.0,2085,SUNITINIB,,
-2,182.0,308,[Sin referencia],,
300362A,182.0,1151,SONDA RECTAL,,
200918A,179.0,594,CLORFENAMINA + PARACETAMOL + PSEUDOEFEDRINA,,
509A,178.0,1422,BREA HULLA,,
780A,178.0,2166,DIHIDROERGOTOXINA,,
300221A,178.0,1120,DUCHA VAGINAL,,
1962A,176.0,301,METOXALENO,,
201203A,176.0,699,ATENOLOL + HIDROCLOROTIAZIDA + AMILORIDA,,
200833A,174.0,552,PLANTAGO + CASSIA ANGUSTIFOLIA,,
1849A,174.0,276,LINDANE,,
201159A,174.0,675,UREA + LANOLINA + AC SALICILICO + ALANTOINA + ACETONIDO TRIAMCINOLONA,,
201094A,172.0,640,MACROGOL + SODIO SULFATO ANHIDRO + SODIO CLORURO + POTASIO CLORURO + ÁCIDO ASCÓRBICO + ASCORBATO DE SODIO,,
500904LR,172.0,1414,SOJA,,
300325A,171.0,1132,INHALADOR,,
957C,170.0,1662,ALCOHOL ISOPROPILICO,,
1251A,169.0,1885,ACIDO ZOLEDRONICO,,
1002A,169.0,33,PAROMOMICINA,,
200950A,168.0,609,PASTA LASSAR,,
201152A,167.0,669,ACETONIDO TRIAMCINOLONA + ACIDO SALICILICO,,
300715A,167.0,1840,VENDAJE COMPRESIÓN MULTICAPA,,
1939A,167.0,293,HEPARINOIDES,,
878A,166.0,1635,ETIDRONICO ACIDO,,
1380A,164.0,173,DISOPIRAMIDA,,
300112A,162.0,1093,BOLSAS RESINA SINTETICA  FILTRO,,
1695A,162.0,243,HAMAMELIS EXTO FLUIDO,,
300839A,161.0,2077,APOSITO CON IODOPOVIDONA,,
1815A,160.0,268,LACTASA,,
200076A,160.0,322,BUCLIZINA + ASOCIACION,,
128A,160.0,155,CLORAMBUCILO,,
300843A,160.0,1910,SONDA RECTAL + ACCESORIOS (15 U + 1 CONTENEDOR DE AGUA),,
201141A,158.0,666,METOCLOPRAMIDA+DEANOL+CIPROHEPTADINA,,
300769A,157.0,1245,APOSITO DE ESPUMA POLIURETANO CON HIDROCOLOIDE Y BORDE,,
100287A,156.0,28,BALSAMO NARIZ Y LABIOS,,
100272A,156.0,19,VALERIANA + ISOFLAVONAS DE SOJA,,
3840A,155.0,1365,CEFOTAXIMA,,
201101A,154.0,645,ALMIDÓN + OXIDO DE ZINC,,
2693A,154.0,971,QUINAGOLIDA,,
8474A,153.0,1607,RETIGABINA,,
201264A,152.0,726,FORTASYN CONNECT,,
300837A,151.0,2064,APOSITO DE CELULOSA CON PETROLATO,,
201336A,151.0,771,CLORHEXIDINA DIGLUCONATO + LIDOCAINA HCL + NISTATINA,,
201251A,151.0,717,LUTEINA + ZEAXANTINA + ACIDOS OMEGA 3 + VITAMINAS + MINERALES,,
8466A,149.0,2050,RUXOLITINIB,,
200872A,149.0,574,PARACETAMOL + PSEUDOEFEDRINA + DEXTROMETORFAN,,
2339A,149.0,874,ALMASILATO,,
2595A,147.0,951,BAMBUTEROL,,
300844A,147.0,2101,SISTEMA + 2 SONDAS RECTALES CON BALON + 2 CINTAS,,
300466A,146.0,1167,VENDA DE MALLA HIDROFILA CAMBRIC,,
8625A,144.0,2099,TERIFLUNOMIDA,,
300610A,141.0,1191,OBTURADOR ANAL,,
300681A,141.0,1202,GELIFICADOR BOLSAS ILEOSTOMIA,,
1766A,140.0,2021,PROTIRELINA,,
8044A,140.0,1829,SORAFENIB,,
2524A,138.0,927,VIGABATRINA,,
1111A,138.0,1686,ABACAVIR,,
2158A,138.0,824,PIRIMETAMINA,,
201331A,138.0,766,LACTOBACILLUS HELVETICUS + BIFIDOBACTERIUM BIFIDUM + LACTOBACILLUS RHAMNOSUS + VITAMINA C + FOS,,
200941A,137.0,2114,FOLITROPINA ALFA + LUTROPINA ALFA,,
201149A,137.0,668,HIDROCORTISONA + KETOCONAZOL,,
100268A,137.0,18,FOTOPROTECTOR SOLAR,,
201155A,137.0,672,UREA + ADEPS LANAE + HIDROCORTISONA,,
300823A,135.0,1697,COMPRESA DE CELULOSA,,
300509A,135.0,1183,MEDIA COMP NORMAL PREMAMA,,
200930A,135.0,599,ACETILCISTEINA + DITIOTREITOL + TUAMINOHEPTANO SULFATO + BENZALCONIO CLORURO + FLUDROCORTISONA ACETATO,,
150AD,132.0,198,FLUOCINOLONA ACETONIDO,,
2152A,132.0,822,PIRAZINAMIDA,,
8031A,132.0,1553,EXTRACTO POLEN PHELUM PRATENSE,,
8322A,131.0,1932,TOLVAPTAN,,
201364A,131.0,780,GINKGO BILOBA + MAGNESIO + ZINC + TRIPTOFANO + VIT B6,,
8299A,130.0,1777,PIRFENIDONA,,
8055A,128.0,1698,DASATINIB,,
2988A,127.0,1973,ERLOTINIB,,
2564A,126.0,937,PALMITICO ACIDO,,
200685A,126.0,497,NEOMICINA + POLIMIXINA + PREDNISOLONA,,
321A,125.0,2159,MORNIFLUMATO,,
201252A,124.0,718,LUTEINA + ACIDOS OMEGA 3 + VITAMINAS + MINERALES,,
300828A,124.0,1789,APOSITO TRAQUEOT-LARING,,
2221A,123.0,844,ANTIGENO SUPERFICIE HEPATITIS B,,
100285A,123.0,26,CREMA ANTIARRUGAS,,
46A,123.0,1401,GUAIFENESINA,,
2894A,123.0,1712,PEGVISOMANT,,
1515A,121.0,199,FENILALANINA,,
8392A,121.0,1766,PAZOPANIB,,
2695A,121.0,973,SOMATROPINA,,
201025A,119.0,1753,ACIDO BORICO + PROPILENGLICOL,,
3214A,118.0,1311,VIOLETA DE GENCIANA,,
200665A,118.0,489,CIANOCOBALAMINA + PIRIDOXINA + TIAMINA,,
201272A,117.0,730,FLUOCINONIDA + GENTAMICINA,,
2462A,117.0,915,NAFARELINA,,
662A,117.0,1471,PIRETANIDA,,
200151A,115.0,345,DIFLUCORTOLONA + CLORQUINALDOL,,
518A,115.0,1425,ETOPOSIDO,,
200805A,113.0,1828,PASSIFLORA + VALERIANA,,
200869A,113.0,572,CLORFENAMINA + TRAMAZOLINA,,
2912A,113.0,1699,APREPITANT,,
201176A,112.0,685,KETOCONAZOL + ACIDO SALICILICO + HIDROCORTISONA,,
1290A,110.0,156,HIDROXOCOBALAMINA,,
3698A,110.0,1351,FLUDARABINA,,
201325A,110.0,762,ALOGLIPTINA + METFORMINA,,
8039A,110.0,1857,HIERRO CARBOXIMALTOSA,,
201168A,109.0,680,ZINC ACETATO + EOSINA,,
1057A,109.0,2125,GLIQUIDONA,,
300691A,108.0,1206,MODULOS DE AMINOACIDOS,,
1631A,108.0,226,GAMMAGLOBULINA ANTITETANICA,,
3898A,107.0,1745,FOSAMPRENAVIR,,
200881A,107.0,581,AC. SALICILICO + AC. LACTICO + AC. ACETICO + ACEITE DE RICINO,,
201218A,106.0,703,RESORCINA + BIBORATO SODICO,,
868A,105.0,1628,ECONAZOL,,
2759A,105.0,998,TIAGABINA,,
201342A,104.0,773,EXTRACTOS CITOPLASMÁTICOS PURIFICADOS DE POLEN + VIT E,,
200016A,103.0,312,ACIDO SALICILICO + ASOCIACION,,
3108A,103.0,1289,TETRIZOLINA,,
200911A,103.0,592,ACIDO ACETILSALICILICO + CLORFENAMINA + CAFEINA + ACIDO ASCORBICO,,
200340A,103.0,406,OXIBUPROCAINA + TETRACAINA,,
2208A,103.0,839,PROCICLIDINA,,
200942A,102.0,1703,BENCETONIO + RETINOL + ZINC OXIDO,,
439A,102.0,1394,CENTELLA ASIATICA EXTO,,
300730A,101.0,1229,BOLSA DRENAJE,,
200642A,100.0,483,FLUOCINOLONA ACETONIDO + FRAMICETINA,,
300712A,100.0,1217,COMPLEMENTOS DE DIETAS HIPOCALORICAS,,
200976A,99.0,1925,"VIRUS PAPILOMA HUMANO (TIPOS 6, 11, 16, 18)",,
239A,97.0,894,ESTRAMUSTINA,,
200824A,97.0,2051,PARACETAMOL + CAFEINA,,
201095A,97.0,641,XILOMETAZOLINA + IPRATROPIO,,
300777A,97.0,1251,APOSITO DE ESPUMA POLIURETANO EXTRAFINO,,
201280A,97.0,737,PASTA AL AGUA,,
1186A,97.0,126,ALITRETINOINA,,
8092A,96.0,1561,RUFINAMIDA,,
201348A,95.0,775,NISTATINA + LIDOCAINA,,
2881A,95.0,1771,ERTAPENEM,,
2364DH,95.0,886,CETIRIZINA DICLORHIDRATO,,
8218A,95.0,1895,NILOTINIB,,
201275A,94.0,733,CLINDAMICINA + TRETINOINA,,
300204A,94.0,1109,CANULA TRAQUEOTOMIA,,
201153A,94.0,670,ACETONIDO TRIAMCINOLONA + CREMA LANETTE,,
200450A,93.0,429,TECLOTIAZIDA POTASICA + CONCENTRADO ENZIMAS,,
1266A,93.0,150,CISTINA,,
1485A,93.0,194,ETOSUXIMIDA,,
300096A,93.0,1089,BOLSAS KARAYA ADHESIVO MICROPORO Y FILTRO  20 - 55 MM,,
9097A,92.0,1651,DULAGLUTIDA,,
1308A,91.0,2058,SOMATROPINA,,
2723A,91.0,981,ADAPALENO,,
441AK,91.0,1395,ASPARTATO ARGININA,,
300471A,90.0,1171,TIRAS REACTIVAS GLUCOSA ORINA,,
200461A,90.0,430,TOXOIDE  DIFTERICO + TOXOIDE  TETANICO,,
988A,89.0,1669,PROCAINA,,
201274A,89.0,732,BACITRACINA + NEOMICINA + HIDROCORTISONA,,
300413A,88.0,1164,VENDA DE GASA ELASTICA,,
1151A,87.0,2088,PEGINTERFERON ALFA 2B,,
867A,87.0,1626,VINBURNINA,,
200653A,87.0,485,BALSAMO PERU + BENZOCAINA + BISMUTO NITRATO + ESTRONA + ERGOCALCIFEROL + RETINOL,,
300033A,85.0,1083,BOLSAS ILEOST RESINA SINTETICA,,
200221A,84.0,1994,FLUOROMETOLONA + TETRIZOLINA,,
201163A,84.0,678,UREA + ADEPS LANAE + ACIDO LACTICO + ACIDO SALICILICO + MENTOL,,
300045A,83.0,1084,BOLSAS ILEOST RESINA SINTETICA ADHESIVO MICROPORO,,
200640A,83.0,481,BENZALCONIO CLORURO + BENZOATO + CISTEINA + GLICINA + TREONINA,,
300629A,83.0,1194,SONDA VESICAL BAJA FRICCIÓN HOMBRE NELATON CON BOLSA DE RECOGIDA DE ORINA,,
300758A,83.0,1884,APOSITO DE ALGINATO CON CARBON,,
200849A,83.0,559,POLIVINILICO ALCOHOL + POLIVIDONA,,
979A,83.0,1667,MEGLUMINA*,,
300832A,82.0,2035,APOSITO DE HIDROFIBRA DE HIDROCOLOIDE CON PLATA CON FILM DE POLIURETANO,,
201181A,82.0,689,JALEA REAL + GINSENG + VITAMINAS +MINERALES,,
200259A,82.0,377,ICTAMOL + MENTOL,,
300504A,82.0,1182,SUPLEMENTOS ALIMENTICIOS,,
300016A,82.0,1079,APOSITOS B OSTOM RES NAT,,
148A,80.0,195,EFEDRINA,,
100333A,80.0,41,CHAMPU ANTICAIDA,,
2593A,80.0,949,AZELAICO ACIDO,,
200868A,79.0,571,POTASIO IODURO + IODO,,
300799A,79.0,2087,APOSITO DE HIDROGEL CON BORDE,,
100374A,77.0,48,ACEITE ROSA MOSQUETA,,
300116A,77.0,1094,BOLSAS RESINA SINTETICA  FILTRO,,
100419A,77.0,61,GEL PIERNAS CANSADAS,,
201207A,77.0,701,ISOTRETINOINA+ERITROMICINA,,
7200A,76.0,1501,RIFABUTINA,,
300390A,75.0,1160,VENDA ELASTICA ADHESIVA,,
201267A,75.0,728,IODURO MAGNESIO+FLUORURO MAGNESIO+CLORURO MAGNESIO+BROMURO MAGNESIO,,
201147A,75.0,667,ACEITE GOMENOLADO,,
201194A,75.0,1723,TIROTRICINA + RETINOL + ESTRONA + BENZOCAINA + COLECALCIFEROL + BALSAMO DEL PERU,,
300705A,74.0,1215,ABSORBENTE INC ORINA LIGERA FEMENINO,,
1683A,74.0,241,GRISEOFULVINA,,
200171A,74.0,352,DROSERA EXTO FLUIDO + TOMILLO EXTO FLUIDO,,
200956A,73.0,613,HIERRO SULFATO DESECADO + ACIDO FOLICO,,
59A,73.0,1450,RIBOFLAVINA*,,
81A,72.0,1569,NEOMICINA*,,
100376A,71.0,1825,SUERO AUTOLOGO,,
302A,70.0,1284,ALIMEMAZINA,,
201166A,70.0,679,CLORURO SODICO + HIALURONATO DE SODIO,,
1005A,70.0,71,AMONIACO,,
8476A,70.0,2224,TELAPREVIR,,
300474A,69.0,1174,TIRAS REACTIVAS GLUC.Y ACT.ORINA,,
583A,68.0,1444,CEFAZOLINA,,
200728A,68.0,508,BENAZEPRIL + HIDROCLOROTIAZIDA,,
1456A,68.0,190,ESTROGENOS CONJUGADOS,,
201400A,68.0,784,ESTRADIOL + DROSPIRENONA,,
201270A,68.0,729,ACIDO HIALURONICO + SULFADIAZINA ARGENTICA,,
300853A,68.0,2002,ABSORBENTE INC ORINA NOCHE ELAST ANAT,,
761A,67.0,1545,DIFENHIDRAMINA,,
300350A,67.0,1143,MODULOS LIPIDICOS MCT,,
200896A,67.0,587,PARACETAMOL + FENILEFRINA + CLORFENAMINA + SALICILAMIDA + CAFEINA,,
200291A,67.0,391,MAGNESIO HIDROXIDO + ALUMINIO HIDROXIDO,,
300810A,67.0,1696,APOSITO FIJACION VIAS PERIFERICAS,,
638A,66.0,2220,HALAZEPAM,,
201195A,66.0,695,HIDROCORTISONA + PROPANOCAINA,,
200975A,66.0,1991,"VIRUS PAPILOMA HUMANO (TIPOS 16 Y 18) RECOMBINANTE ADYUVADA, ADSORBIDA",,
200859A,64.0,566,BREA DE HULLA + ACIDO SALICILICO,,
2092C,64.0,799,VASELINA LIQUIDA*,,
300748A,63.0,1812,LAMINA SILICONA,,
201124A,63.0,656,ARANDANO ROJO + VID ROJA,,
8710A,63.0,1633,ALOGLIPTINA,,
201306A,63.0,749,EXTO LLANTEN + EXTO GRINDELIA + EXTO HELICRISO + MIEL + ACEITES ESENCIALES,,
200904A,63.0,589,OXIMETAZOLINA + MENTOL,,
200832A,63.0,551,VALERIANA + CRATAEGUS OXIACANTA + PASSIFLORA + ESENCIA DE AZAHAR,,
201247A,61.0,714,PSEUDOEFEDRINA + DEXBROMFENIRAMINA,,
300258A,60.0,1126,"FORMULAS ESPECIALES EXENTAS DE FENILALANINA (AA+HC O LIPIDOS, O AMBOS)",,
201326A,60.0,763,ALOGLIPTINA + PIOGLITAZONA,,
201283A,60.0,740,ACIDO RETINOICO + BETAMETASONA DIPROPIONATO + ACIDO SALICILICO + UREA,,
100417A,60.0,59,COMPLEMENTO ALIMENTICIO FERTILIDAD MASCULINA,,
2998A,60.0,1800,OXIBATO DE SODIO,,
200857A,59.0,564,ZINC PIRITIONATO + BREA DE HULLA,,
2144A,58.0,2150,PIPOTIAZINA,,
2340A,58.0,876,AZTREONAM,,
2525A,57.0,928,LODOXAMIDA,,
300825A,56.0,1272,TOALLITA INCONTINENCIA URINARIA,,
109A,55.0,2126,MECISTEINA,,
200819A,55.0,1889,PSEUDOEFEDRINA + IBUPROFENO,,
300630A,55.0,1195,SONDA VESICAL BAJA FRICCIÓN MUJER CON BOLSA DE RECOGIDA DE ORINA,,
201333A,55.0,768,CITRATO MAGNESIO + CITRATO POTASIO +GINSENG + CITRUS LIMON,,
200000A,55.0,1964,ABACAVIR + LAMIVUDINA + ZIDOVUDINA,,
201344A,54.0,1877,HIDROCORTISONA + CLOTRIMAZOL,,
2834A,54.0,1747,BEXAROTENO,,
8261A,54.0,2000,AMBRISENTAN,,
63SO,53.0,1467,CITRATO SODICO*,,
100190A,53.0,8,ACIDO DOCOSAHEXANOICO,,
200815A,51.0,1943,PARACETAMOL + CLORFENAMINA,,
826A,51.0,1577,CEFOXITINA,,
200010A,50.0,311,ACETILSALICILICO ACIDO + PARACETAMOL + CAFEINA,,
869A,50.0,1629,EDETICO ACIDO,,
300688A,50.0,1204,ABSORBENTE INCONTINENCIA LIGERA,,
200792A,50.0,533,ACETILSALICILICO ACIDO + ACIDO ASCORBICO,,
5016A,50.0,2120,PROPILTIOURACILO,,
7362A,50.0,1525,CEFEPIME,,
100420A,49.0,62,APOSITO REDUCTOR DE CICATRICES,,
340A,49.0,1335,TRAMAZOLINA,,
346A,49.0,1337,BUSERELINA,,
300020A,49.0,1081,BOLSA ADHESIVO Y FILTRO,,
100266A,49.0,16,CREMA ANTICELULITICA,,
123MJ,48.0,141,POTASIO PERMANGANATO,,
100432A,48.0,65,SALIVA ARTIFICIAL,,
200603A,48.0,460,CARBAMOIL GLUTAMICO ACIDO + INOSITOL + METIONINA + NITROFURAL + TRIPSINA + QUIMOTRIPSINA + RIBONUCLEICO ACIDO,,
166A,48.0,2054,FENILBUTAZONA,,
200049A,48.0,318,B.PERTUSSIS + T. TETANICO + T. DIFTERICO,,
100275A,47.0,21,PASTA DENTIFRICA,,
201162A,47.0,677,ACIDO RETINOICO + BETAMETASONA DIPROPIONATO + UREA,,
201216A,45.0,2147,PYGEUM AFRICANUM + ECHINACEA ANGUSTIFOLIA + SABAL SERRULATA,,
726D,45.0,1901,COMPLEJO HIERRO DEXTRAN,,
689A,45.0,1883,COLISTINA,,
200922A,45.0,1837,AC. ASCORBICO + FENILEFRINA + PARACETAMOL,,
300720A,44.0,1222,CANULA TRAQUEOTOMIA FENESTRADA,,
201321A,44.0,759,GLICERINA + BICARBONATO SODICO + BORATO SODICO,,
138EW,44.0,2020,ZINC DIBUTILDITIOCARBAMATO,,
2602A,44.0,954,CEFPODOXIMA,,
200323A,43.0,2134,NEOMICINA + BACITRICINA  + ZINC OXIDO,,
8400A,43.0,1944,CORIFOLITROPINA ALFA,,
100339A,43.0,42,CEPILLO DENTAL,,
2899A,41.0,1920,ADEFOVIR DIPIVOXIL,,
200352A,41.0,410,PARACETAMOL + CAFEINA + DIMENHIDRINATO,,
300575A,41.0,1189,CANULA TRAQUEOT-LARING SILICONA,,
8168A,41.0,1796,GEFITINIB,,
954A,40.0,2004,ETANOL*,,
84A,40.0,1609,CLOROFILA,,
300145A,40.0,1097,BOLSAS SISTEMA DOBLE,,
200664A,40.0,488,ESCOPOLAMINA + AZINTAMIDA,,
8612A,40.0,1797,REGORAFENIB,,
100402A,40.0,53,LOCION ANTICAIDA,,
7075A,39.0,1751,DIDANOSINA,,
8492A,39.0,2032,AXITINIB,,
2699A,39.0,1809,ANAKINRA,,
200853A,39.0,562,TRETINOINA + ERITROMICINA,,
201323A,39.0,760,SULFATO DE COBRE + SULFATO DE ZINC,,
7064A,39.0,1969,TALIDOMIDA,,
200884A,39.0,1808,ACETILSALICILICO ACIDO + CLORFENAMINA + CAFEINA + FENILEFRINA,,
200885A,39.0,582,DEXTROMETORFANO + FENILEFRINA,,
2996A,39.0,2102,POSACONAZOL,,
200376A,38.0,420,PREDNISOLONA + AMINOACRIDINA + BALSAMO PERU,,
125ÑO,38.0,1843,SODIO CLORURO,,
200040A,38.0,315,ASOCIACIONES ALUMINIO + MAGNESIO + CALCIO,,
300005A,38.0,1069,ABSORBENTE INC ORINA NOC RECT,,
200894A,37.0,1822,ACIDO SALICILICO + ALCANFOR,,
1160A,37.0,2093,OCTOCOG ALFA,,
3106A,37.0,1288,TETRACOSACTIDA,,
8217A,37.0,1940,LAPATINIB,,
200842A,37.0,557,IBUPROFENO + CAFEINA + DIMENHIDRINATO,,
2756A,36.0,995,SERTINDOL,,
1835A,36.0,2039,LEVADURA CERVEZA,,
2814A,36.0,1927,RITUXIMAB,,
138AC,36.0,175,ZINC ACETATO,,
665A,36.0,1778,ZIDOVUDINA,,
300717A,36.0,1220,TOALLITA DESMAQUILLANTE ESTERIL SIN ALCOHOL,,
300787A,35.0,1257,APOSITO DE HIDROCOLOIDE EN MALLA CON VASELINA,,
201310A,35.0,752,ALOE + HAMAMELIS + HARPAGOFITO + RUSCUS + CENTELLA + PROPOLEO,,
2843A,35.0,1030,MIDODRINA,,
1438A,35.0,187,GELATINA*,,
2913A,35.0,2010,EMTRICITABINA,,
2474A,35.0,1929,TEICOPLANINA,,
200809A,34.0,1859,DEXTRANO 70 + HIPROMELOSA,,
8496A,34.0,1858,BELIMUMAB,,
200916A,34.0,593,AMILMETACRESOL + ACIDO ASCORBICO + DECLOROBENCILICO,,
100367A,34.0,1821,COLLARIN,,
200280A,33.0,1849,LEVONORGESTREL + ESTRADIOL,,
200576A,33.0,450,BENZALCONIO CLORURO + ALUMINIO,,
185A,33.0,278,COLEXTRAN,,
141A,33.0,1713,NICOTINAMIDA*,,
3714ZM,32.0,1354,AVENA CONCENTRADO COLOIDAL,,
300824A,32.0,1765,PAÑAL,,
598A,32.0,1448,CIMETIDINA,,
76A,32.0,1795,BUSULFANO,,
300203A,32.0,1108,CANULA LARINGUECTOMIA,,
201332A,32.0,767,L-METIONINA + FITINA,,
300782A,31.0,2049,APOSITO DE ESPUMA POLIURETANO TUBULAR,,
100324A,31.0,37,CREMA HIDRATANTE PIES,,
200924A,31.0,596,CLORFENAMINA + DEXTROMETORFANO + EFEDRINA,,
14A,31.0,2056,CAFEINA,,
100408A,31.0,1774,LACTOFERRINA BOVINA LIOFILIZADA,,
3899A,30.0,1379,MITOTANO,,
8002A,30.0,1691,GLUCOMANANO,,
300863A,30.0,1844,MASCARILLA PARA CAMARA INHALACION ADULTOS,,
8451A,30.0,1602,PRUCALOPRIDA,,
300327A,30.0,1133,IRRIGADOR COMPLETO,,
408A,30.0,2081,AMFOTERICINA B,,
300798A,30.0,1758,APOSITO DE HIDROGEL 20% NaCl,,
2485A,29.0,920,NAFTIFINA,,
1548A,29.0,202,FERROCOLINATO,,
300024A,29.0,1082,BOLSAS ILEOST KARAYA ADHESIVO MICROPORO,,
200343A,29.0,2135,OXPRENOLOL + CLORTALIDONA,,
1720CH,29.0,249,HIDRALAZINA CLORHIDRATO,,
1358A,29.0,1732,TRIPELENAMINA,,
200230A,28.0,367,G-AMINOBUTIRICO ACIDO + GLUTAMATO MAGNESICO + PIRIDOXINA,,
1670A,28.0,239,GLUTAMICO ACIDO*,,
585CL,28.0,1445,CETILPIRIDINIO CLORURO,,
200836A,28.0,554,MELISSA OFFICINALIS + VALERIANA,,
200672A,27.0,492,CLORANFENICOL + HIDROCORTISONA,,
300178A,27.0,1100,BOLSAS UROST KAR ADH MIC,,
200803A,27.0,541,SODIO BICARBONATO + HIDROXIDO ALUMINIO + MAGNESIO CARBONATO,,
300468A,27.0,1169,MODULOS HIDROCARBONADOS Y LIPIDICOS,,
201329A,27.0,765,LIDOCAINA + TRIAMCINOLONA + KETOCONAZOL,,
300366A,27.0,1155,SOPORTE CINTURON OSTOMIA,,
201292A,27.0,744,METILTIONINIO + TETRIZOLINA,,
2731B,27.0,986,POLIETILENGLICOL 4000,,
100342A,26.0,1922,PLANTILLA,,
8441A,26.0,1677,CRIZOTINIB,,
100332A,26.0,40,AMPOLLAS ANTICAIDA,,
200821A,26.0,547,CASCARA SAGRADA + ALOE,,
200830A,26.0,550,MAGNESIO CARBONATO + CALCIO CARBONATO,,
200870A,26.0,1874,PARACETAMOL + PSEUDOEFEDRINA + ACIDO ASCORBICO,,
1806A,26.0,1718,FOSFORO,,
8050A,25.0,1869,NATALIZUMAB,,
200670A,25.0,491,ACEXAMICO ACIDO + BACITRACINA + NEOMICINA +POLIMIXINA B,,
300869A,25.0,2017,TIRAS REACTIVAS ACETONA SANGRE,,
73A,25.0,1530,GOMENOL*,,
2282A,25.0,2200,VIRUS RUBEOLA,,
201103A,25.0,647,DIMETICONA+ZINC OXIDO,,
200834A,25.0,553,ACETILSALICILICO ACIDO + CAFEINA,,
3702A,25.0,1913,HIPERICO,,
201255A,24.0,721,"POLISACARIDOS PNEUMOCOCO SEROTIPOS 1,2,3,4,5,6B,7F,8,9N,9V,10A,11A,12F,14,15B,17F,18C,19A,19F,20,22F,23F,33F",,
300348A,24.0,1141,MODULOS HIDROCARBONADOS,,
201354A,24.0,776,CLOTRIMAZOL + ACETONIDO TRIAMCINOLONA,,
8454A,24.0,2119,AFATINIB,,
201302A,23.0,2103,CICLOPENTOLATO +FENILEFRINA+LIDOCAINA,,
201041A,23.0,630,COMPLEJO VITAMINICO,,
201314A,23.0,755,KETOCONAZOL + ACETONIDO TRIAMCINOLONA,,
213A,23.0,2014,SOJA,,
300632A,23.0,1196,SONDA VESICAL BAJA FRICCION TIEMANN CON BOLSA DE RECOGIDA DE ORINA,,
100350A,23.0,46,EMULSION CALMANTE,,
201128A,22.0,660,SOLUCION ELECTROLITOS + ZINC,,
123QE,22.0,1900,POTASIO CLORATO,,
200851A,22.0,561,HAMAMELIS EXTO FLUIDO + NEFAZOLINA,,
155B,22.0,207,RETINOICO (TRANS) ACIDO,,
710A,22.0,1496,DEFEROXAMINA,,
1574A,22.0,1728,FLUPENTIXOL,,
1942A,21.0,295,METILCELULOSA*,,
300251A,21.0,1122,FILTROS COLOSTOMIA,,
200879A,21.0,579,CLORCICLIZINA + GUAFENESINA + CODEINA + CINEOL,,
1802A,21.0,265,JALEA REAL,,
300805A,21.0,1270,APOSITO POLIPROPILENO NO ADHESIVO,,
300361A,21.0,1150,SONDA GASTRICA,,
300349A,20.0,1142,MODULOS LIPIDICOS LCT,,
8588A,20.0,1881,DABRAFENIB,,
300861A,20.0,1280,CAMARA INHALACION + MASCARILLA INFANTIL,,
2895A,20.0,1707,MOROCTOGOC ALFA,,
51A,20.0,1427,ESTREPTOMICINA,,
100351A,20.0,2076,TALCO LIQUIDO,,
8475A,20.0,1937,BOCEPREVIR,,
300262A,19.0,1128,"FORMULAS ESPECIALES EXENTAS DE LEUCINA, ISOLEUCINA Y VALINA (AA+HC O LIPIDOS, O AMBOS)",,
1102A,19.0,2127,ZALEPLON,,
3169A,19.0,2158,TETRAZEPAM,,
1346A,19.0,164,HIDROQUINIDINA,,
201371A,19.0,782,MIOINOSITOL + ACIDO FÓLICO+ VITAMINA D,,
100340A,18.0,43,AGUA GELIFICADA,,
100433A,18.0,1926,NINTEDANIB,,
8283A,18.0,2078,ROMIPLOSTIM,,
200905A,18.0,1769,ENZIMAS DIGESTIVOS,,
201050A,18.0,632,HEXETIDINA + NISTATINA + LIDOCAINA + METILPREDNISOLONA,,
1134A,18.0,2086,DEFERIPRONA,,
300815A,18.0,1983,SISTEMA FIJACION DE VIAS PEDIATRICO,,
100276A,18.0,22,DESODORANTE,,
2677A,18.0,1749,EQUINACEA ANGUSTIFOLIA,,
300355A,18.0,1146,PINZAS OSTOMIA,,
3655SO,18.0,1348,POLIESTIRENO SULFONATO SODICO,,
123CL,17.0,139,POTASIO CLORURO,,
100301A,17.0,35,POMADA REGENERADORA PH5,,
7068A,17.0,2028,DAPTOMICINA,,
300866A,17.0,1281,PARCHE TERMICO,,
100281A,17.0,25,ADHESIVO PROTESIS DENTAL,,
34CH,17.0,1340,PIRIDOXINA CLORHIDRATO,,
201297A,17.0,746,PASSIFLORA + VALERIANA + AMAPOLA,,
200275A,16.0,383,PROPILENGLICOL 4000+ CLORURO SODICO+ CLORURO POTASICO+ BICARBONATO SODICO+ SULFATO SODICO+ DIHIDROGENOFOSFATO DE SODICO,,
100436A,16.0,67,ABSORBENTE INC ORINA LIGERA MASCULINO,,
300257A,16.0,1125,FORMULAS ESPECIALES CON PROTEINAS DE SOJA SIN LACTOSA PARA LACTANTES,,
8315A,16.0,1589,POLEN GRAMINEA EXTRACTO ALERGENICO,,
2629A,16.0,1957,DELAPRIL,,
7382A,16.0,1733,SAQUINAVIR,,
1267A,16.0,1846,GLYCINE MAX MERR EXTO SECO,,
300818A,16.0,1772,APOSITO DE TERPOLIMERO DE ACRILATO,,
2246A,16.0,2151,PYGEUM AFRICANUM,,
200914A,16.0,2141,OXIMETAZOLINA + CLORFENAMINA,,
100393A,16.0,1715,BACTERIAS LETI,,
201245A,16.0,1684,ACIDO GLICOLICO + PROPILENGLICOL + BUTILENGLICOL + ACIDO SALICÍLICO,,
200928A,16.0,1801,PEPSINA + LACTOSA + SACAROSA + SALES MG + SODIO,,
2746A,15.0,991,PENCICLOVIR,,
200987A,15.0,623,FRUCTOSA + MANITOL + SACARINA SODICA,,
63PK,15.0,1466,CITRATO POTASICO*,,
7123A,15.0,1711,ILOPROST,,
9123A,15.0,2111,SECUKINUMAB,,
392CH,15.0,1381,AMIODARONA CLORHIDRATO,,
8600A,15.0,1814,ENZALUTAMIDA,,
7269A,15.0,1987,INMUNOGLOBULINA G HUMANA,,
1930A,15.0,292,METENOLONA ENANTATO,,
201243A,15.0,1928,SULFACETAMIDA + BETAMETASONA,,
153A,14.0,1739,ACEITE OLIVA*,,
100304A,14.0,36,SOLUCION SECANTE,,
2321A,14.0,869,CLODRONICO ACIDO,,
200878A,14.0,1755,IODO TINTURA + QUELIDONIO ALCOHOLATURA +AC. SALICILICO + TUYA TINTURA + AC. ACETICO,,
1568A,14.0,2130,FLUNITRAZEPAM,,
2207A,14.0,838,PROCAINAMIDA,,
200843A,14.0,1773,DULCAMARA + ANEMONA PULSATILLA + AZUFRE,,
300268A,14.0,1130,FORMULAS ESPECIALES SIN LACTOSA PARA LACTANTES,,
100358A,14.0,47,HIALURONATO DE ZINC,,
200888A,14.0,2057,ARENARIA RUBRA + CYNODON DACTYLON + SIDERITIS ANGUSTIFOLIA + BOLDO HOJA + CHUMBERA + ROSMARINUS OFFICINALIS + EQUISETUM ARVENSE + MELISSA OFFICINALIS,,
3848A,14.0,1368,GAMMAGLOBULINA ANTIHEPATITIS B,,
200364A,13.0,1705,PIPERACILINA + TAZOBACTAM,,
200936A,13.0,1781,CLORFENAMINA + DEXAMETASONA + NEOMICINA + LISOZIMA,,
501283LR,13.0,1867,BACTERIAS GENERFARMA,,
656DH,13.0,2084,CLORHEXIDINA DIHIDROCLORURO,,
201135A,13.0,664,FOSFATO CALCICO + GLUCONATO CALCICO,,
2451A,13.0,1716,LISURIDA,,
501297LR,13.0,1862,BACTERIAS BIOMED,,
201328A,13.0,764,COLISTINA SULFATO + TOBRAMICINA SULFATO,,
200561A,13.0,1768,INDOMETACINA + PREDNISONA,,
200704A,13.0,502,SODIO CLORURO +  SODIO BICARBONATO + POTASIO CLORURO + SODIO SULFATO + POLIETILENGLICOL,,
201334A,13.0,769,CLINDAMICINA + METRONIDAZOL,,
7235A,13.0,2034,IDEBENONA,,
100349A,12.0,45,POMADA PROTECTORA,,
2610A,12.0,1981,ACEITE DE PESCADO,,
300822A,12.0,1848,COMPRESA TOCOLOGICA DE ALGODON,,
5032A,12.0,1419,ATOVACUONA,,
100424A,12.0,63,CAPSULAS ANTICAIDA,,
1249A,12.0,142,ETAMSILATO,,
300775A,12.0,1250,APOSITO DE ESPUMA POLIURETANO CON VASELINA,,
1832A,12.0,1875,LESPEDEZA CAPITATA EXTO,,
100279A,12.0,2060,BARRA DE LABIOS,,
300729A,12.0,1971,GUANTE LATEX,,
201067A,12.0,634,SOLUCION SALINA IRRIGACION,,
100457A,12.0,68,ACIDOS GRASOS,,
8377A,12.0,1995,POMALIDOMIDA,,
200222A,12.0,364,FLUOROMETOLONA + UREA,,
974A,12.0,1665,SULFANILAMIDA,,
200846A,12.0,1734,ACEITE CACHUETE + BREA VEGETAL + ACEITE ENEBRO + BREA  DE HULLA,,
201263A,11.0,2029,ACIDOS OMEGA 3 + LUTEINA + ZEAXANTINA + ASTAXANTINA,,
2964A,11.0,1878,COMPLEJO HIERRO (III) SACAROSA,,
7155A,11.0,1701,MEROPENEM,,
1547A,11.0,201,FERRITINA,,
300778A,11.0,1761,APOSITO DE ESPUMA POLIURETANO EXTRAFINO CON BORDE,,
201096A,11.0,1762,CONDROITIN SULFATO + ACIDO HIALURONICO,,
2599A,11.0,2089,TOXINA BOTULINICA TIPO A,,
1216A,11.0,133,CARBON ADSORBENTE,,
2417A,11.0,900,VINPOCETINA,,
100260A,11.0,11,CREMA HIDRATANTE DE MANOS,,
300624A,11.0,1193,BOLSAS COLOST DOBLES RES SINC FILTRO,,
300842A,11.0,1274,BOLSA SISTEMA DOBLE PLACA C-ESP TRANSPARENTE,,
201296A,11.0,745,CASSIA ANGUSTIFOLIA + CASSIA FISTULA + CORIANDRO + TAMARINDO,,
300576A,11.0,1190,CANULA TRAQUEOT-LARING SILICONA FENESTRADA,,
1226A,11.0,137,CASSIA ANGUSTIFOLIA,,
100404A,11.0,55,BRAGA,,
300746A,10.0,1947,COMPRESA TOCOLOGICA DE CELULOSA,,
2571B,10.0,1982,HIDROXIPROPILMETILCELULOSA*,,
8311A,10.0,2123,VIRUS ENCEFALITIS JAPONESA CEPA SA 14-2 INACTIVADA,,
8579A,10.0,2040,VEMURAFENIB,,
195A,10.0,2132,TERFENADINA,,
2748A,10.0,1714,ESTAVUDINA,,
2831A,10.0,1027,NADIFLOXACINO,,
200375A,10.0,419,POTASIO CLORURO + SODIO CLORURO,,
200900A,10.0,588,EUCALIPTO + TIMOL + TREMENTINA + MENTOL + ALCANFOR,,
201179A,10.0,688,LEVADURA DE CERVEZA + GERMEN DE TRIGO,,
125ÑC,10.0,148,SODIO FOSFATO MONOBASICO ANHIDRO,,
200473A,10.0,434,VIRUS GRIPE  ENTERO INACTIVADO,,
304A,10.0,1688,ACEITE ALMENDRAS DULCES,,
201281A,10.0,738,AZUFRE PRECIPITADO + PASTA AL AGUA,,
200220A,10.0,363,FLUORESCEINA + OXIBUPROCAINA,,
200398A,10.0,1956,RETINOL +  ERGOCALCIFEROL,,
1982CH,10.0,1946,MORFINA CLORHIDRATO,,
1137A,10.0,107,LAUROMACROGOL 400 (POLIDOCANOL),,
8719A,9.0,1886,IBRUTINIB,,
201345A,9.0,1979,METRONIDAZOL + LIDOCAINA,,
100168A,9.0,6,CRISANTAPASE,,
300212A,9.0,1115,FORMULAS COMPLETAS MONOMERICAS NORMOPROTEICAS,,
8008A,9.0,2118,HIDROETILCELULOSA,,
2696A,9.0,1700,VIRUS VIVOS ATENUADOS VARICELA-ZOSTER,,
300693A,9.0,1208,FORMULAS COMPLETAS OLIGOMERICAS NORMOPROTEICAS INFANTIL,,
8049A,9.0,1806,VIRUS PAPILOMA HUMANO TIPO 16 PROTEINA L1,,
288A,9.0,1842,ALBUMINA HUMANA*,,
8061A,9.0,1738,CELULOSA,,
8458A,9.0,1951,FIDAXOMICINA,,
1177A,9.0,122,NALOXONA,,
201277A,9.0,2148,CALCIO + FOSFORO,,
200439A,9.0,1803,SOLUCION RINGER LACTATO,,
708A,9.0,2162,DAPSONA,,
300627A,9.0,1834,SIST.INC.ORINA OCLUSIVO HOMBRE,,
201156A,9.0,2146,UREA + HIDROCORTISONA,,
200260A,9.0,2082,IMIPENEM + CILASTATINA,,
100356A,9.0,2033,SEPARADEDO,,
1883A,9.0,2037,MECLOZINA,,
1637A,8.0,227,ISONIAZIDA,,
100341A,8.0,2067,LECHE CORPORAL,,
200812A,8.0,1959,SELENIO + BENZALCONIO,,
200813A,8.0,1986,ESENCIA SATUREIA HORTENSIS + GINSENG SIBERIANO,,
721A,8.0,1503,DESOXIMETASONA,,
1853A,8.0,1953,LIOTIRONINA,,
1329A,8.0,2128,PIPERAZINA,,
8280A,8.0,2074,ICATIBANT,,
8286A,8.0,1873,METILNALTREXONA,,
201311A,8.0,1832,ALOE VERA + ARBOL DE TE + CALENDULA,,
2278A,8.0,2122,ROMERO,,
201273A,8.0,731,TRIAMCINOLONA + FRAMICETINA,,
385A,8.0,1370,AMINOCAPROICO,,
9057A,8.0,1967,RIOCIGUAT,,
344A,8.0,1918,SACARATO CALCIO TETRAHIDRATO,,
300855A,8.0,1278,FORMULAS ESPECIALES EXENTAS DE FENILALANINA SOLO AA,,
100364A,8.0,2105,ESPONJA,,
200385A,8.0,1978,PROPIFENAZONA + CODEINA +  HIDROXIZINA,,
200919A,8.0,1965,GUAIFENESINA + PSEUDOEFEDRINA,,
300814A,8.0,2214,SISTEMA FIJACION VIAS CENTRALES,,
69QL,8.0,1484,ALUMINIO CLORURO HEXAHIDRATO,,
138A,8.0,2015,ZINC,,
2689A,8.0,1938,RH DNASA,,
1401A,8.0,2031,ECHINEACEA ANGUSTIFOLIA,,
1814A,7.0,2062,PROTEINAS PLASMATICAS,,
300264A,7.0,1129,"FORMULAS ESPECIALES EXENTAS DE METIONINA (AA+HC O LIPIDOS, O AMBOS)",,
100431A,7.0,2171,ROXULITINIB,,
300252A,7.0,1123,FILTROS COLOSTOMIA MAGNETICA,,
3212A,7.0,1310,VINCAMINA,,
201355A,7.0,777,ACIDO BORICO + SUBNITRATO DE BISMUTO,,
-1,7.0,1,[Vacio],,
200864A,7.0,1998,SALICILICO ACIDO + BENZOCAINA,,
431A,7.0,1392,MITOMICINA,,
1046A,7.0,78,BARIO SULFATO,,
201362A,7.0,779,KETOCONAZOL + AC. TRIAMCINOLONA + ERITROMICINA + LIDOCAINA,,
200032A,7.0,1861,AMPICILINA  +  AMPICILINA-BENZATINA,,
100325A,7.0,1804,JABON LIQUIDO,,
90689A,7.0,2104,MALATION,,
300807A,7.0,1898,CINCHA ROTULIANA,,
300808A,7.0,1892,APOSITO DE CELULOSA,,
48CH,7.0,1408,LIDOCAINA CLORHIDRATO,,
8535A,6.0,2069,TAFAMIDIS,,
200811A,6.0,1717,CLORHEXIDINA + ETANOL,,
300255A,6.0,1124,FORMULAS ESPECIALES CON HIDROLIZADOS DE PROTEINAS LACTEAS SIN LACTOSA PARA LACTANTES,,
8446A,6.0,1847,FOSAPREPITANT,,
948A,6.0,2025,CASTAÑO INDIAS,,
200898A,6.0,2003,DEXTROMETORFAN + BENZOCAINA + BENZOATO + GUAYACOL,,
201313A,6.0,754,ACIDOS OMEGA 3 ESTERES ETILICOS + COLECALCIFEROL,,
7304A,6.0,1919,MERCAPTAMINA,,
3210A,6.0,1836,VID ROJA EXTO FLUIDO,,
300862A,6.0,1897,CAMARA INHALACION + MASCARILLA NEONATOS,,
300731A,6.0,1230,TAPON OIDO,,
1570A,6.0,2131,FLUORESCEINA,,
2897A,6.0,1972,MIGLUSTAT,,
8040A,6.0,1737,HORMONA PARATIROIDEA,,
2424A,6.0,1685,EPOPROSTENOL,,
3714B,6.0,1921,AVENA SATIVA,,
2513A,6.0,2203,ELCATONINA,,
100403A,6.0,54,GEL EXFOLIANTE,,
200491A,5.0,1890,DIFENHIDRAMINA EN ASOCIACION,,
201260A,5.0,2096,ARTENIMOL+PIPERAQUINA TETRAFOSFATO TETRAHIDRATO,,
2783A,5.0,1007,TOLCAPONE,,
8198A,5.0,2071,AZACITIDINA,,
3567A,5.0,1799,"ALUMINIO HIDROXIDO-MAGNESIO CARBONATO,COPRECIPITADO",,
300595A,5.0,1708,COLECTOR BOLSA RECOGIDA ORINA FEMENINO,,
1173A,5.0,1709,UBIDECARENONA,,
200564A,5.0,448,TICOLCHICOSIDO + PARACETAMOL,,
449WT,5.0,1915,AZUFRE PRECIPITADO*,,
201107A,5.0,2194,OXIMETAZOLINA CLORHIDRATO + BENZALCONIO,,
200211A,5.0,360,FLUFENAMICO ACIDO + GLUCOSAMINAGLUCONATO + SALICILICO ACIDO,,
200827A,5.0,2063,BUTILCAINA + IODOFORMO,,
100458A,5.0,69,BACTERIAS ACIDO LACTICAS + PREBIOTICOS,,
201199A,5.0,1963,CICLOMETICONA + DIMETICONA,,
201372A,5.0,1984,COBICISTAT + ATAZANAVIR,,
69HP,5.0,1483,ALUMINIO HIDROXIDO POLVO,,
200880A,5.0,580,PIRITIONATO DE ZN + ACEITE DE CACAHUETE + ACEITE DE ENEBRO + BREA DE HULLA,,
26CH,5.0,974,LISINA CLORHIDRATO,,
201209A,5.0,1811,DAPSONA + OXALATO DE HIERO,,
1010A,1,2228,ALCANFOR*,,
201063A,1,2257,OXIDO ZINC+ACIDO BORICO,,
1095A,1,2230,DESIRUDINA,,
612A,1,2117,CITRULINA,,
100305A,1,2075,CREMA DEPILATORIA,,
2993A,1,2205,TIPRANAVIR,,
1788A,1,1793,ISOLEUCINA,,
2114A,1,2259,PENTAZOCINA,,
2820A,1,2263,ZANAMIVIR,,
300785A,1,1256,APOSITO DE HIDROCOLOIDE CON VASELINA,,
613A,1,2274,CLEMASTINA,,
2742A,1,2154,ROPIVACAINA,,
201293A,1,1787,MENINGOCOCO B VACUNA,,
300706A,1,1216,LECHE Y FORMULAS PARA LACTANTES DESDE EL PRIMER DIA,,
2353A,1,1692,PRAMOCAINA,,
201169A,1,1740,FACTOR VIII + FACTOR VON WILLEBRAND,,
115A,1,1935,PAPAVERINA,,
200110A,1,2241,CLORAZEPATO + G-AMINO-B-HIDROXIBUTIRICO ACIDO + PIRIDOXINA,,
779A,1,2278,DIHIDROERGOTAMINA,,
200889A,1,2189,ABEDUL + BREZO + GAYUBA + ESENCIA DE PINO,,
201022A,1,2193,"ANTIGENO POLISACARIDO MENINGOCOCO A,C,W,Y",,
201240A,1,2196,ACIDO ASCORBICO + TOCOFEROL + CAFE + CARTAMO + L-CARNITINA + CAYENA,,
300097A,1,2207,BOLSAS KARAYA ADHESIVO MICROPORO Y FILTRO  25  MM,,
731A,1,2059,DIAZOXIDO,,
100282A,1,1757,AGUA TERMAL,,
300849A,1,1989,BOLSA NUTRICIÓN ENTERAL,,
1735A,1,2178,MERCUROCROMO,,
234A,1,879,TETRIDAMINA,,
200492A,1,2184,EMODINA EN ASOCIACION,,
7159A,1,2277,MIFEPRISTONA,,
300107A,1,1090,BOLSAS KARAYA FILTRO,,
200192A,1,2242,FENILBUTAZONA + NICOTINATO METILO + VITAMINA F,,
8758A,1,1689,MACITENTAN,,
100448A,1,2013,ACEITE DE ARGAN,,
497A,1,1411,IOHEXOL,,
200845A,1,2030,ACETILSALICILICO ACIDO + CAFEINA + PIRIDOXINA + GLUCOSA,,
2651A,1,2052,LENOGRASTIM,,
200449A,1,2247,SULPIRIDA + PIRIDOXINA,,
100050A,1,1924,ACIDO PARAMINOSALICILICO (PAS),,
2374A,1,2201,TERLIPRESINA,,
8538A,1,1980,PONATINIB,,
300485A,1,1177,SONDA VESICAL BAJA FRICCION NELATÓN PEDIATRIA,,
2350MG,1,2152,ESPAGLUMATO MAGNESICO,,
957A,1,1783,ISOPROPILICO ALCOHOL,,
201284A,1,2197,TETRACICLINA + METRONIDAZOL + BISMUTO,,
200806A,1,1968,SAL DE FRUTA NARANJA,,
300117A,1,1095,BOLSAS RESINA SINTETICA  FILTRO  35  MM,,
200106A,1,2240,CLORANFENICOL + NAFAZOLINA + ZINC SULFATO,,
2388A,1,2260,DOSULEPINA,,
2475A,1,917,IOVERSOL,,
3268A,1,1681,BCG (CULTIVO VIVO DESECADO),,
1226B,1,2011,SEN,,
2972A,1,2012,OXIGENO,,
1904A,1,1905,MENTOL*,,
100460A,1,1816,ALERGENOS ITAI,,
1122A,1,2173,ANTIGENO SUPERFICIE VIRUS GRIPE,,
201307A,1,750,UREA+BETAMETASONA DIPROPIONATO+AC. SALICILICO,,
200383A,1,421,PROPIFENAZONA + CAFEINA + PIRIDOXINA + TIAMINA,,
300211A,1,2210,COMPLETA POLIMERICAS NORMOPROTEICA HIPOCALORICA,,
200838A,1,1687,LIDOCAINA + CETRIMONIO,,
300690A,1,1785,FORMULA DE AMINOACIDOS ESENCIALES,,
7140A,1,2276,DOSMALFATO,,
201079A,1,1693,PROPILENGLICOL+ACEITE AGUACATE+EXTRACTO DE SOLANUM LYCOPERSICUM,,
200831A,1,1945,VALERIANA + LUPULO,,
200562A,1,2137,FENAZOPIRIDINA + SULFAMETIZOL,,
329A,1,2160,ISOPRENALINA,,
100327A,1,38,PARCHE JUANETES,,
1651B,1,1942,GLICERINA*,,
1490A,1,2129,FACTOR IX,,
9071A,1,1780,PEGINTERFERON BETA-1A,,
200897A,1,1880,ARNICA MONTANA + ARTEMISIA ABSINTHIUM + ANEMONA PULSATILLA,,
2233A,1,2198,PROTIONAMIDA,,
3151A,1,2216,TRIFLUOPERAZINA,,
1745A,1,1933,FLUMAZENILO,,
7351A,1,2164,OXALIPLATINO,,
8621A,1,1916,TRAMETINIB,,
176LB,1,257,ACETILSALICILATO LISINA,,
100294A,1,30,PROTECTOR DE PIEL,,
200448A,1,2246,SULFANILAMIDA + ZINC OXIDO,,
100394A,1,2227,BACTERIAS STALLERGENES,,
975A,1,1666,AMIDOTRIZOICO ACIDO,,
100164A,1,3,VISADO 40%,,
201122A,1,2195,OTRAS ASOCIACIONES DE TONICOS,,
811A,1,1871,BUPIVACAINA,,
300697A,1,2156,FORMULAS CON CONTENIDO GRASO EN FORMA DE TRIGLICERIDOS DE CADENA MEDIA,,
808A,1,2279,BUFLOMEDIL,,
201077A,1,2019,SOLUCION GLUCOSALINA PERFUSION,,
140A,1,1934,COBRE,,
200962A,1,2191,MANITOL + CLORURO POTASIO + GLUCOSA,,
622A,1,2161,CLOFAZIMINA,,
201358A,1,1952,NAFAZOLINA + METILTIONINIO,,
200835A,1,2188,ACETILSALICILICO ACIDO + CAFEINA + TIAMINA,,
200036A,1,2237,ANTIGENO HEPATITIS B + ANTIGENO HEPATITIS A,,
300847A,1,1764,EXTENSION SONDA,,
200798A,1,1954,HIERRO MAGNESIO + SULFANILAMIDA+ BREA+ PLOMO + BALSAMO PERU,,
2396A,1,2202,MABUPROFENO,,
2990A,1,2265,PALONOSETRON,,
100269A,1,2168,TIRAS NASALES,,
100434A,1,66,OTROS PRODUCTOS HIGIENE,,
201032A,1,628,RETINOL ACETATO + TOCOFEROL ACETATO,,
300702A,1,1214,FORMULAS EXENTAS DE PROTEINAS,,
200435A,1,2136,SOLUCION PLURISALINA,,
595A,1,2219,CICLOSERINA,,
200408A,1,2181,SOL. DIALISIS PERITONEAL (AMINOACIDOS + GLUCOSA + ELECTROLITOS),,
869B,1,1695,EDTA,,
200096A,1,2239,CINARIZINA + HEPTAMINOL,,
200800A,1,1763,AGUA DEL CARMEN,,
3268YG,1,1961,BCG ATENUADO,,
1706SO,1,2109,HEPARINA SODICA,,
200923A,1,595,DEXTROMETORFAN + BENZOATO SODICO,,
200810A,1,2251,ETANOL + CLORURO BENZALCONIO,,
744A,1,2165,TIOGUANINA,,
125ÑA,1,147,SODIO FOSFATO DIBASICO ANHIDRO,,
200829A,1,2252,TE VERDE + RIBES NIGRUM EXTO.,,
300102A,1,2080,BOLSAS KARAYA ADHESIVO MICROPORO Y FILTRO  45 MM,,
201009A,1,2143,RINGER LACTATO SIN MAGNESIO,,
2467A,1,2261,INHIBIDOR DE LA C1 ESTERASA,,
200009A,1,2026,ACETILSALICILICO ACIDO + GLUCOSAMINAGLUCONATO,,
300770A,1,2157,APOSITO DE ESPUMA POLIURETANO CON PARAFINA,,
201327A,1,1767,BORDETELLA PERTUSSIS TOXOIDE+BORDETELLA PERTUSSIS HEMAGLUTININA FILAMENTOSA+BORDETELLA PERTUSSIS PERTACTINA+VIRUS POLIO TIPO I+VIRUS POLIO TIPO II+VIRUS POLIO TIPO III+TOXOIDE DIFTERICO+TOXOIDE TETANICO,,
2450A,1,909,CANRENONA,,
200736A,1,2186,FACTORES COAGULACIÓN EN COMBINACIÓN (IX + II + VII + X),,
200893A,1,1823,PREPARADOS EXPECTORANTES,,
300009A,1,2266,ALGODON RAMA MEZCLA,,
200782A,1,2250,FENILEFRINA + ESCOPOLAMINA + ATROPINA,,
124A,1,2175,CITARABINA,,
501251LR,1,1999,ALERGENOS ASAC PHARMACEUTICAL IMMUNOLOGY,,
201365A,1,1955,VITAMINAS LIPOSOLUBLES A+D+E+K,,
8457A,1,1694,VANDETANIB,,
8037A,1,1704,TIGECICLINA,,
201357A,1,1974,TESTOSTERONA PROPIONATO + HIDROCORTISONA,,
8422MH,1,2083,BOSUTINIB MONOHIDRATO,,
201360A,1,1831,ERITROMICINA + BENZOLIO PEROXIDO + AC. SALICILICO,,
200968A,1,2255,PREDNISOLONA + CINEOL + CLOROBUTANOL + NEOMICINA + FENILEFRINA + GOMENOL + BACITRICINA,,
1769YD,1,2235,IBUPROFENO ARGININA,,
100283A,1,1863,TINTE,,
201330A,1,1779,METRONIDAZOL + NEOMICINA SULFATO,,
2010A,1,644,NEOSTIGMINA,,
300809A,1,2271,APOSITO BIOSINTETICO PARA QUEMADOS,,
100158A,1,1736,METIRAPONA,,
200921A,1,2190,ACIDO ACETILSALICILICO + CLORFENAMINA + ACIDO ASCORBICO + NUEZ DE COLA,,
100171A,1,2226,FORMULA MAGISTRAL Y PREPARADO OFICINAL,,
100357A,1,2170,DISPOSITIVO INTRAUTERINO,,
3867A,1,2273,VIRUS RABIA,,
201197A,1,1746,LINIMENTO OLEOCALCAREO + OXIDO DE ZINC,,
200534A,1,1810,TOXOIDE TETANICO + ANTIGENO POLISACARIDO MENINGOCOCO GR C,,
7127A,1,2163,TILUDRONICO ACIDO,,
300449A,1,2268,HIDROCOLOIDE 15 x 15,,
1012A,1,2172,ANEMONA PULSATILLA,,
200855A,1,2140,SALICILATO DIETILAMINA + CASTAÑO DE INDIAS,,
201039A,1,2001,EMULSION LIPIDICA + AMINOACIDOS CON ELECTROLITOS + GLUCOSA,,
200357A,1,414,PARACETAMOL + CODEINA + PROPIFENAZONA  +  CAFEINA + BENFOTIAMINA,,
300144A,1,2267,BOLSAS SISTEMA DOBLE  40  MM,,
2442A,1,1748,ROTAVIRUS,,
100163A,1,2225,VISADO APORT FIJA / SIN APORT,,
1583B,1,2176,GONADOTROFINA CORIONICA HUMANA,,
200907A,1,1838,PARACLOROFENOL + TIMOL + HEXACLOROFENO + DEXAMETASONA,,
2706A,1,976,FOSFATO DISODICO DODECAHIDRATADO,,
1093A,1,2229,SACARINA*,,
200620A,1,474,FLUOCINOLONA + GRAMICIDINA + NEOMICINA,,
2275A,1,2199,RITODRINA,,
14CI,1,2232,CAFEINA CITRATO,,
100348A,1,1941,ESPUMA PROTECTORA MANOS,,
201018A,1,2192,SULFAMETOXAZOL + SULFOGUAYACOL + TRIMETOPRIM,,
2636A,1,958,HAEMOPHILLUS INFLUENZAE TIPO B,,
200300A,1,2244,MEPIVACAINA + EPINEFRINA,,
284A,1,1032,ALANINA,,
200920A,1,1856,DEXTROMETORFAN + FENILPROPANOLAMIDA,,
1055A,1,1820,OXIBUPROCAINA,,
200719A,1,2185,PROTEINA + ALFA-1 ANTITRIPSINA,,
8160A,1,1731,BENZNIDAZOL,,
204A,1,2149,ICODEXTRINA,,
1211A,1,2174,LUTROPINA ALFA,,
5036A,1,2100,FENOXIBENZAMINA,,
201356A,1,1893,ACIDO RETINOICO + BETAMETASONA DIPROPIONATO + ACIDO SALICILICO,,
200307A,1,2245,METOPROLOL + CLORTALIDONA,,
100453A,1,2023,TEST EMBARAZO,,
278A,1,2204,POLISACARIDOS-HIERRO,,
300708A,1,2269,HARINAS NO LACTEADAS,,
2763A,1,2108,INDINAVIR,,
200268A,1,2243,IOXAGLATO MEGLUMINA + IOXAGLATO SODICO,,
1761A,1,2234,HOMATROPINA,,
200679A,1,2139,FAMOTIDINA + CALCIO CARBONATO + MAGNESIO HIDROXIDO,,
300707A,1,2211,LECHE Y FORMULAS DE CONTINUACION DESDE EL 4º Y 6º MES,,
898A,1,2167,ETINILESTRADIOL,,
200322A,1,2133,NEOMICINA + BACITRACINA + ZINC OXIDO,,
201359A,1,778,HIDROXIZINA CLORHIDRATO + CIMETIDINA,,
200947A,1,2254,PROTEINA CRM 197 DIFTERIA + ANTIGENO OLIGOSACARIDO MENINGOCOCO GRUPO C,,
624A,1,2275,CLOFEDANOL,,
200537A,1,2249,EMULSION LIPIDICA + AMINOACIDOS + HIDRATOS CARBONO,,
68A,1,1958,BLEOMICINA,,
300253A,1,2155,FUNDA OSTOMIA,,
29Z,1,2206,ALFA-1 ANTITRIPSINA,,
300793A,1,2212,APOSITO DE HIDROFIBRA,,
100289A,1,29,LECHE LIMPIADORA,,
9063A,1,1839,NINTEDANIB,,
362A,1,2218,OXPRENOLOL,,
293A,1,1770,AUROTIOMALATO SODICO,,
200867A,1,1741,ALCOHOLES GRASOS SULFONADOS + BIOTINA,,
100338A,1,2169,ANIS + HINOJO + MELISA,,
125FM,1,2231,SODIO DIHIDROGENO FOSFATO,,
200912A,1,1997,OTROS PRODUCTOS TERAPEUTICOS ANTIHEPATICOS,,
300754A,1,1234,APOSITO BASE CON HIDROCOLOIDE CON BORDE,,
201043A,1,2144,"POLISACARIDOS CAPSULARES PNEUMOCOCO SEROTIPOS 4,6B,9V,14,19F,23F + OLIGOSACARIDO 18C",,
2550A,1,1827,IDARUBICINA,,
200847A,1,1894,BENZALCONIO CLORURO + TRICLOSAN + PARAFINA LIQUIDA,,
2373A,1,2153,PROPOFOL,,
200476A,1,2248,VIRUS POLIO TRIVALENTE,,
8019A,1,2061,FENOTRINA,,
1870A,1,2236,MANITOL*,,
5003A,1,1813,NIFURTIMOX,,
2827A,1,2055,AGALSIDASA BETA,,
2902A,1,1683,ENFUVIRTIDA,,
200973A,1,2142,NICOTINA + LAROPIPRANT,,
3386A,1,1854,CURCUMA,,
200477A,1,436,VIRUS SARAMPION + PAROTIDITIS + RUBEOLA,,
2718OY,1,1864,ECHINACEA PURPUREA TINTURA RAIZ,,
100292A,1,1962,CICATRIZANTE Y ANTIESCARAS,,
300864A,1,2215,MASCARILLA PARA CAMARA INHALACION INFANTIL,,
2865A,1,1724,CASPOFUNGIN,,
160B,1,2177,ESTRADIOL 17 ALFA,,
200015A,1,2180,ACIDO CROMOGLICICO + ISOPRENALINA,,
100446A,1,1950,CREMA ANTIESTRIAS,,
2544A,1,2262,TROPISETRON,,
300794A,1,2213,APOSITO DE HIDROFIBRA CON ALGINATO,,
2190YC,1,1912,POLIVIDONA IODADA,,
300801A,1,1266,APOSITO DE HIDROGEL EXTRAFINO,,
1322A,1,1727,DROPERIDOL,,
1765A,1,1676,SOMATOSTATINA,,
69A,1,2221,ALUMINIO,,
531C,1,1430,ICTIOL,,
201065A,1,2258,MONOFLUORURO FOSFATO SODICO+FLUORURO SODICO,,
100414A,1,58,CEPILLO DENTAL INTERPROXIMAL MINI,,
300876A,1,2272,APOSITO ESPUMA POLIURETANO CON ADHESIVO Y BORDE SILICONA,,
2886A,1,2264,PARECOXIB,,
200479A,1,1917,ANTIESPASMODICOS URINARIOS EN ASOCIACION,,
300103A,1,2209,BOLSAS KARAYA ADHESIVO MICROPORO Y FILTRO  50  MM,,
2215A,1,842,PRANOPROFENO,,
100337A,1,1970,GEL ANTIESCOZOR,,
300781A,1,2270,APOSITO DE ESPUMA POLIURETANO EXTRAGRUESO CON HIDROCOLOIDE Y BORDE,,
183A,1,2038,LACTICO ACIDO*,,
300711A,1,1752,PREPARADOS LACTEOS INFANTILES Y JUVENILES,,
8363A,1,1722,CANAKINUMAB,,
201366A,1,1976,AC. RETINOICO + ACETONIDO TRIAMCINOLONA,,
200818A,1,2187,SODIO BICARBONATO + MAGNESIO SULFATO,,
200629A,1,2138,APROTININA + TROMBINA + FIBRINOGENO + FACTOR XIII + CALCIO,,
3532A,1,1798,THOMIL,,
200438A,1,2183,SOLUCION RINGER,,
300098A,1,2208,BOLSAS KARAYA ADHESIVO MICROPORO Y FILTRO  30  MM,,
200412A,1,2182,SOLUCION GLUCOPLURISALINA,,
100288A,1,2124,TABLETAS LIMPIEZA PROTESIS DENTAL,,
2678A,1,1860,PLANTAGO LANCEOLATA,,
1740A,1,2233,OXITRIPTAN,,
300118A,1,2065,BOLSAS RESINA SINTETICA  FILTRO  40  MM,,
22SU,1,1988,MAGNESIO SULFATO,,
2718A,1,2079,ECHINACEA PURPUREA JUGO,,
200433A,1,1744,SOLUCION NITROGENADA HIPOCALORICA,,
364A,1,2092,EPIRUBICINA,,
200807A,1,2009,ACETIL SALICILICO + CAFEINA + GLICINA,,
2228A,1,1679,PROTAMINA,,
200883A,1,2253,DOCUSATO SODICO + CASANTRANOL + CARMELOSA SODICA,,
300846A,1,1725,SONDA GASTROSTOMIA,,
1071CL,1,1852,LITIO CLORURO,,
3158A,1,2217,TRANILCIPROMINA,,
8100A,1,2280,ANIDULAFUNGINA,,
557A,1,1436,CAPREOMICINA,,
300850A,1,1276,COMPLETA POLIMERICAS NORMOPROTEICA HIPOCALORICA CON FIBRA,,
200999A,1,1911,HIDROGENO FOSFATO DE SODIO+DIHIDROGENO FOSFATO DE SODIO,,
8046A,1,2222,HISTRELINA,,
1922CH,1,2179,METADONA CLORHIDRATO,,
22SB,1,1835,MAGNESIO SILICATO,,
1508A,1,1754,FENELZINA,,
1493MD,1,1939,NICOTINATO METILO,,
2509A,1,2053,PAMIDRONATO,,
100353A,1,1993,POTITO INFANTIL,,
2952A,1,1058,BEVACIZUMAB,,
201059A,1,2256,ACEITE ENEBRO+ACEITE CACAHUETE+ALQUITRAN PINO+BREA DE HULLA,,
100270A,1,1923,ALMOHADILLA ADHESIVA PROTESIS,,
200051A,1,2238,BARIO SULFATO + DIMETICONA*,,
300259A,1,1127,"FORMULAS ESPECIALES EXENTAS DE FENILALANINA Y TIROSINA (AA+HC O LIPIDOS, O AMBOS)",,
2862SO,1,1680,FENILBUTIRATO SODIO,,
8263A,1,2223,MICAFUNGINA,,
